Order_ID,Order_Date,Order_Time,Customer_ID,City,Restaurant_Type,Cuisine,Order_Value,Delivery_Fee,Payment_Method,Delivery_Time_Min,Distance_KM,Customer_Rating,Order_Status
ORD103631,16-11-2025,22:42:30,C1467,Bangalore,Cloud Kitchen,Desserts,172.11,46.4,UPI,31.2,2.9,5,Delivered
ORD100840,08-09-2025,14:56:00,C1205,Bangalore,Cafe,Desserts,90,39.64,UPI,31.6,3.2,4.6,Delivered
ORD103690,26-01-2025,20:52:15,C1084,Chennai,Cafe,Biryani,299.69,45.51,Wallet,33.6,2.9,4.8,Delivered
ORD104690,21-02-2025,14:37:30,C1799,Kochi,Fast Food,Biryani,247.32,32.94,Debit Card,29.8,2.2,4.5,Delivered
ORD101595,12-02-2025,17:27:00,C1596,Hyderabad,Fast Food,South Indian,218.73,49.14,UPI,29.1,3.9,5,Delivered
ORD101348,12-06-2025,21:25:45,C1912,Bangalore,Fast Food,Biryani,272.05,61.83,Debit Card,56.2,8.3,4,Delivered
ORD100538,15-06-2025,14:00:45,C1314,Bangalore,Fine Dining,Desserts,562.25,44.11,UPI,38.3,3.9,4.2,Delivered
ORD104226,13-04-2025,04:26:45,C2052,Mumbai,Cafe,Italian,400.61,40.98,UPI,39.1,2.6,4.2,Delivered
ORD103683,25-11-2025,22:05:45,C1191,Chennai,Fine Dining,Biryani,857.6,1.04,UPI,21.8,2.5,4.6,Delivered
ORD100071,28-02-2025,13:22:45,C1303,Bangalore,Fast Food,North Indian,309.9,40.26,Credit Card,45.3,5.9,3.7,Delivered
ORD103346,05-03-2025,20:50:15,C1282,Mumbai,Cafe,South Indian,256.83,32.91,Cash,35.2,1.1,4.5,Delivered
ORD100413,12-08-2025,09:24:00,C1187,Bangalore,Fast Food,South Indian,203.6,30.18,UPI,19.1,1.5,4.6,Delivered
ORD104479,27-03-2025,11:28:30,C2108,Bangalore,Cafe,Desserts,296.02,41.96,Cash,42.7,3.9,4.1,Delivered
ORD101149,08-12-2025,20:14:00,C2127,Bangalore,Fast Food,South Indian,295.42,26.19,UPI,44.5,4.3,4.5,Delivered
ORD104069,13-10-2025,08:38:00,C1868,Hyderabad,Casual Dining,Chinese,683.07,57.71,Cash,27.8,4.6,4.7,Delivered
ORD100202,10-08-2025,13:42:45,C1789,Bangalore,Cloud Kitchen,Desserts,425.39,51.51,Debit Card,39.3,4,4.6,Delivered
ORD103618,16-07-2025,09:21:30,C1485,Mumbai,Cafe,North Indian,494.84,38.28,Wallet,,2.7,,Cancelled
ORD102494,25-10-2025,11:56:45,C1197,Kochi,Casual Dining,South Indian,533.48,38.15,UPI,31,5.1,4.2,Delivered
ORD100188,04-11-2025,12:46:00,C2019,Kochi,Fast Food,Chinese,336.51,65.48,UPI,45.1,6.7,4.6,Delivered
ORD102255,15-11-2025,14:53:15,C1575,Mumbai,Fast Food,Italian,271.09,56.32,Credit Card,46.3,7.9,4.5,Delivered
ORD103721,08-10-2025,22:24:00,C1797,Mumbai,Fast Food,Continental,393.03,23,Credit Card,28,1.6,4.9,Delivered
ORD100655,02-08-2025,22:07:45,C2094,Mumbai,Casual Dining,Fast Food,614.95,70,UPI,61.2,9.6,3.6,Delivered
ORD101385,17-09-2025,12:42:00,C2121,Kochi,Cafe,Fast Food,443.19,44.16,Cash,30.4,4.4,4.7,Delivered
ORD104263,26-11-2025,11:50:30,C2156,Bangalore,Cafe,Biryani,147.38,44.47,UPI,19.5,2,4.7,Delivered
ORD101073,04-06-2025,16:53:15,C2063,Kochi,Casual Dining,Chinese,556.07,18.75,Credit Card,19.3,1.7,5,Delivered
ORD103517,20-03-2025,14:51:00,C1320,Mumbai,Cloud Kitchen,Chinese,541.75,91.44,Wallet,55.4,15,4,Delivered
ORD100755,26-04-2025,08:09:00,C2026,Chennai,Casual Dining,Biryani,627.54,56.21,UPI,45.3,6.8,4.3,Delivered
ORD102113,31-08-2025,18:29:00,C1349,Bangalore,Fast Food,Chinese,297.58,68.25,Credit Card,53.4,8.2,4.7,Delivered
ORD104219,08-06-2025,11:58:15,C1578,Kochi,Cloud Kitchen,Italian,522.55,35.11,Debit Card,15.9,5.3,4.7,Delivered
ORD103727,04-05-2025,11:18:00,C1349,Mumbai,Casual Dining,Continental,449.64,41.42,Wallet,37.7,3.9,,Delivered
ORD103813,29-06-2025,20:10:00,C2086,Mumbai,Cafe,Chinese,310.81,54.46,UPI,,8,,Cancelled
ORD101495,20-02-2025,18:47:00,C2185,Mumbai,Fast Food,Italian,297.9,43.24,Cash,12,3.8,5,Delivered
ORD100218,27-07-2025,07:34:00,C1130,Mumbai,Cafe,Biryani,314.87,31.23,UPI,,1.6,,Cancelled
ORD104316,05-11-2025,12:49:15,C1551,Kochi,Casual Dining,Italian,543.46,47.45,Credit Card,39,4.3,4.8,Delivered
ORD101091,11-11-2025,21:10:30,C1760,Mumbai,Cloud Kitchen,North Indian,416.86,27.14,Debit Card,43.5,4.5,4.3,Delivered
ORD102219,22-03-2025,14:25:15,C1119,Bangalore,Casual Dining,Chinese,372.52,37.7,UPI,37.3,2.8,4.3,Delivered
ORD100361,05-12-2025,22:21:30,C2120,Bangalore,Fine Dining,Continental,1105.69,25.26,Cash,35.2,3.9,4.9,Delivered
ORD101951,11-10-2025,11:11:00,C1251,Hyderabad,Cloud Kitchen,Chinese,681.67,35.8,UPI,46.2,5.5,4.5,Delivered
ORD102120,30-05-2025,14:00:00,C1261,Hyderabad,Fast Food,Biryani,207.05,38.63,UPI,30.1,3.5,4.2,Refunded
ORD102073,25-12-2025,05:44:00,C1727,Hyderabad,Cafe,Fast Food,278.93,28,Debit Card,17.3,1.7,4.5,Delivered
ORD101920,29-05-2025,18:21:00,C1567,Bangalore,Cafe,Desserts,508.14,34.8,UPI,36.2,4.5,4.3,Delivered
ORD100734,27-01-2025,20:28:15,C1692,Bangalore,Fine Dining,Biryani,1397.67,11.98,Credit Card,40.9,4.7,4.3,Delivered
ORD101386,30-08-2025,22:18:00,C1326,Mumbai,Cafe,Fast Food,143.37,37.05,Debit Card,25.6,2.5,5,Delivered
ORD100376,08-10-2025,15:48:00,C1377,Hyderabad,Cloud Kitchen,South Indian,460.96,42.57,UPI,37,2.9,4.3,Delivered
ORD100398,10-09-2025,11:01:00,C1535,Chennai,Fast Food,,202.3,23.77,Cash,20.2,1.3,5,Delivered
ORD103396,19-06-2025,18:36:00,C1742,Mumbai,Cafe,South Indian,209.24,52.66,UPI,35.4,5.7,4.8,Delivered
ORD100363,13-07-2025,13:20:00,C1058,Hyderabad,Fast Food,Chinese,206.38,64.77,Cash,58.7,7.8,3.8,Delivered
ORD100704,17-09-2025,18:51:30,C1467,Mumbai,Fine Dining,Biryani,1373.77,13.65,Credit Card,25.2,4,4.3,Refunded
ORD101561,20-08-2025,18:00:00,C1261,Bangalore,Fast Food,Desserts,346.2,40.83,UPI,44.1,7.4,4.4,Delivered
ORD102348,17-10-2025,18:53:30,C1639,Bangalore,Cloud Kitchen,Biryani,114.49,38,UPI,34.6,3.5,4.9,Delivered
ORD103047,14-06-2025,14:29:15,C1603,Chennai,Casual Dining,South Indian,90,45.29,UPI,37.6,5.3,4,Delivered
ORD104022,20-03-2025,18:07:30,C1435,Mumbai,Casual Dining,South Indian,281.96,18.49,Wallet,25.1,1.7,4.5,Delivered
ORD103560,15-03-2025,18:30:45,C1872,Mumbai,Cafe,Biryani,191.31,32.41,Credit Card,29.7,1.6,4.6,Delivered
ORD103323,29-09-2025,22:04:15,C1801,Kochi,Cloud Kitchen,Fast Food,377,20.26,UPI,25.3,1.6,5,Delivered
ORD101051,26-01-2025,18:29:00,C1993,Bangalore,Fast Food,Biryani,171.42,19.72,UPI,28.7,1.6,4.9,Delivered
ORD103375,21-08-2025,19:23:00,C1772,Mumbai,Fast Food,Biryani,247.49,34.98,UPI,,2.4,,Cancelled
ORD101956,25-03-2025,14:29:30,C1710,Mumbai,Fast Food,Continental,478.74,45.02,Cash,23.8,3.4,5,Delivered
ORD103239,05-02-2025,19:24:15,C1626,Bangalore,Fast Food,Chinese,379.73,30.84,UPI,34.4,2.8,4.2,Delivered
ORD101860,14-12-2025,22:07:00,C2057,Bangalore,Fast Food,Fast Food,123.74,67.65,Credit Card,40.3,7,3.9,Delivered
ORD101019,27-04-2025,12:00:00,C1745,Mumbai,Fine Dining,Fast Food,685.33,37.58,Cash,37.9,3.2,4.5,Delivered
ORD100137,31-03-2025,14:29:00,C1830,Hyderabad,Fast Food,Biryani,231.37,17.83,UPI,14.3,2.3,4.5,Delivered
ORD101043,06-12-2025,16:04:15,C1540,Bangalore,Fast Food,North Indian,274.26,44.84,UPI,40.7,4.6,4.7,Delivered
ORD102958,08-11-2025,11:08:30,C1434,Bangalore,Fast Food,South Indian,384.77,41.5,UPI,35.6,4.4,4.6,Delivered
ORD103525,17-08-2025,22:57:00,C1609,Chennai,Cafe,South Indian,391.88,61.39,Credit Card,42.8,7,4.4,Delivered
ORD100093,28-03-2025,19:42:30,C1692,Mumbai,Cafe,Fast Food,169.04,37.4,UPI,37,5.7,4.7,Delivered
ORD102552,09-07-2025,13:09:30,C2030,Bangalore,Cloud Kitchen,Fast Food,347.71,38.34,UPI,40,2.4,4.3,Delivered
ORD102798,07-06-2025,19:10:00,C1207,Bangalore,Cafe,South Indian,90,58.68,Credit Card,51.7,6.2,4,Delivered
ORD101759,18-04-2025,18:13:00,C1183,Hyderabad,Cloud Kitchen,South Indian,325.13,51.63,UPI,28.8,4.7,4.7,Delivered
ORD101572,01-06-2025,13:14:15,C1077,Chennai,Casual Dining,South Indian,591.33,32.05,Credit Card,,3.5,,Cancelled
ORD100907,17-10-2025,23:20:00,C1354,Bangalore,Cloud Kitchen,Desserts,196.24,33.65,UPI,26.6,2.1,4.6,Delivered
ORD103617,23-11-2025,18:28:00,C1963,Bangalore,Casual Dining,Fast Food,264.7,72.45,UPI,50.6,9.8,3.9,Delivered
ORD101261,16-02-2025,19:21:30,C1575,Hyderabad,Cloud Kitchen,Chinese,266.14,35.27,Cash,32.7,2.4,4.9,Delivered
ORD104575,11-09-2025,21:45:00,C1698,Bangalore,Casual Dining,Chinese,311.5,36.82,Wallet,27.5,1.6,4.4,Refunded
ORD103163,09-08-2025,13:14:45,C1494,Mumbai,Cloud Kitchen,Fast Food,423.74,34.64,UPI,52,3.3,4,Delivered
ORD104903,18-03-2025,21:41:00,C1798,Bangalore,Cloud Kitchen,Italian,678.19,27.46,Credit Card,35.9,3,4.3,Delivered
ORD103863,30-01-2025,21:04:30,C1873,Chennai,Casual Dining,Fast Food,492.59,25.74,UPI,33.5,1.4,4.2,Delivered
ORD101436,12-01-2025,21:37:00,C1175,Mumbai,Cafe,Desserts,326.26,12.67,UPI,,2.3,,Cancelled
ORD104182,28-09-2025,09:51:30,C2049,Hyderabad,Fast Food,Chinese,156.88,26.91,Credit Card,,0.9,4.7,Delivered
ORD102428,24-05-2025,07:50:15,C1126,Chennai,Cloud Kitchen,North Indian,580.35,35.17,Cash,27.3,2.6,4.6,Delivered
ORD102149,07-06-2025,13:47:45,C2037,Kochi,Cloud Kitchen,North Indian,483.77,35.2,Debit Card,25.1,2.3,5,Delivered
ORD103846,03-10-2025,12:09:00,C2075,Bangalore,Cloud Kitchen,South Indian,404.5,27.51,Wallet,32,2.2,4.8,Delivered
ORD101910,02-10-2025,22:54:15,C1904,Mumbai,Fast Food,Chinese,342.36,45.27,UPI,33.4,4.3,5,Delivered
ORD100257,24-08-2025,12:30:15,C1640,Kochi,Fast Food,Biryani,252.83,36.21,Cash,38.5,1.8,4.5,Delivered
ORD102942,18-10-2025,21:55:15,C1055,Hyderabad,Casual Dining,Biryani,456.7,49.04,Debit Card,29.1,3.9,4.9,Delivered
ORD103410,16-08-2025,22:44:15,C1128,Bangalore,Casual Dining,South Indian,601.73,37.73,Credit Card,29.5,3,4.7,Delivered
ORD104473,03-12-2025,20:01:15,C1635,Chennai,Fast Food,Biryani,467.3,20.15,Cash,18.7,0.8,5,Delivered
ORD102725,06-11-2025,11:41:30,C1543,Bangalore,Fast Food,South Indian,189.26,28.49,Credit Card,15.2,0.9,4.9,Delivered
ORD103399,21-01-2025,23:15:00,C1200,Bangalore,Fast Food,Fast Food,316.79,31.29,Debit Card,34.9,3.9,5,Delivered
ORD102027,04-02-2025,23:12:00,C1615,Mumbai,Fast Food,North Indian,305.09,37.53,Debit Card,27.1,3.9,4.2,Delivered
ORD100053,04-12-2025,07:58:30,C2018,Mumbai,Cloud Kitchen,Fast Food,347.58,45.43,Upi,27.2,2.4,4.2,Delivered
ORD103144,26-12-2025,11:18:15,C1848,Bangalore,Casual Dining,Chinese,586.94,52.93,Cash,44.1,6.1,4.4,Delivered
ORD103593,06-05-2025,15:08:30,C1796,Hyderabad,Cloud Kitchen,Biryani,500.49,31.93,UPI,23,1.8,,Delivered
ORD100527,17-02-2025,17:57:15,C1224,Bangalore,Fine Dining,Desserts,267.52,55.5,Wallet,16.2,2.2,4.8,Delivered
ORD101765,31-07-2025,23:32:00,C1833,Hyderabad,Cafe,Fast Food,114.48,24.72,Debit Card,12,1.3,4.9,Delivered
ORD102885,17-07-2025,23:55:00,C1208,Bangalore,Cafe,Desserts,227.05,32.42,UPI,32.3,3.8,4.7,Delivered
ORD100544,19-08-2025,09:37:15,C1602,Hyderabad,Cloud Kitchen,Continental,431.75,30.7,Credit Card,166.8,1.7,,Delivered
ORD102105,01-08-2025,12:55:30,C1667,Hyderabad,Casual Dining,Biryani,401.78,56.19,Wallet,35.8,6.8,3.9,Delivered
ORD104372,24-12-2025,19:54:45,C1775,Bangalore,Cloud Kitchen,North Indian,541.89,31.4,Credit Card,36.5,2.9,4.8,Delivered
ORD103177,04-07-2025,18:40:00,C1218,Hyderabad,Casual Dining,Fast Food,413.35,41.64,UPI,,2.7,,Cancelled
ORD102453,26-09-2025,14:20:15,C1366,Kochi,Fast Food,South Indian,358.15,14.62,UPI,16.7,1,4.7,Delivered
ORD100586,18-01-2025,20:52:00,C1123,Bangalore,Cafe,Chinese,377.72,33.79,Cash,36.9,1.2,4.5,Delivered
ORD101337,03-08-2025,08:35:00,C1658,Chennai,Fast Food,Biryani,237.06,22.9,Cash,18.4,2,4.4,Delivered
ORD102258,20-07-2025,15:27:45,C1847,Bangalore,Cafe,Fast Food,358.09,52.24,Wallet,42.7,3.5,4.5,Delivered
ORD100063,26-12-2025,22:46:00,C1881,Chennai,Fast Food,North Indian,247.13,21.33,Credit Card,28.2,1.6,5,Delivered
ORD104056,21-03-2025,09:29:00,C1012,Mumbai,Casual Dining,South Indian,122.39,58.93,Credit Card,36.6,7.4,3.8,Delivered
ORD102667,04-07-2025,15:31:15,C1127,Mumbai,Cafe,Fast Food,239.98,31.13,Cash,41.5,3.3,4.4,Delivered
ORD104761,23-12-2025,13:21:15,C1856,Bangalore,Casual Dining,,724.9,38.02,Debit Card,39.9,2.3,4.4,Delivered
ORD104494,09-10-2025,10:05:15,C1218,Chennai,Fast Food,Chinese,288.98,40.38,UPI,12,1.5,,Delivered
ORD102750,20-06-2025,14:00:45,C1970,Chennai,Cafe,Fast Food,231.12,50.9,Wallet,26.4,3.8,4.9,Delivered
ORD102695,31-05-2025,20:10:00,C2180,Bangalore,Casual Dining,Desserts,264.63,58.2,UPI,,7.6,,Cancelled
ORD101000,23-12-2025,12:02:00,C2031,Bangalore,Casual Dining,South Indian,292.53,63.27,UPI,47.8,6.3,4.7,Delivered
ORD103759,19-04-2025,18:30:45,C2195,Kochi,Cloud Kitchen,North Indian,619.28,14.43,UPI,28.4,2.4,,Delivered
ORD100645,12-05-2025,18:53:15,C1239,Mumbai,Cafe,Continental,552.1,65.65,Debit Card,49.9,8.5,4.8,Delivered
ORD103655,04-10-2025,20:59:45,C1328,Hyderabad,Fine Dining,South Indian,1188.58,31.35,Cash,51.7,5.6,3.5,Delivered
ORD101199,07-11-2025,23:14:30,C2050,Mumbai,Fast Food,Fast Food,254.48,58.15,Cash,45.4,8.2,4,Delivered
ORD103972,25-06-2025,13:05:45,C1955,Mumbai,Cloud Kitchen,Desserts,736.8,47.73,UPI,42.5,4.8,4.6,Delivered
ORD102715,28-05-2025,18:54:45,C1398,Bangalore,Fast Food,Chinese,109.21,32.7,Debit Card,24.9,1.6,4.4,Delivered
ORD104234,21-02-2025,12:26:45,C1291,Bangalore,Fine Dining,Italian,1377.29,0.92,Cash,27.4,1.8,5,Delivered
ORD102799,08-05-2025,22:15:00,C1539,Chennai,Fast Food,Chinese,328.33,19.06,Wallet,25.6,2.3,5,Delivered
ORD101882,14-03-2025,22:17:00,C1645,Bangalore,Fine Dining,Continental,991.75,16.55,UPI,,3.5,,Cancelled
ORD100358,09-09-2025,17:42:45,C1175,Bangalore,Casual Dining,Biryani,624.78,51.17,Wallet,25.6,3.3,4.9,Delivered
ORD100443,17-07-2025,11:29:00,C1755,Hyderabad,Fast Food,Fast Food,202.4,28.91,UPI,33.3,1.7,4.3,Delivered
ORD101808,01-05-2025,22:20:00,C2113,Bangalore,Fast Food,North Indian,195.26,45.77,UPI,33.7,4.9,4.3,Delivered
ORD101310,17-01-2025,11:15:00,C1296,Bangalore,Cloud Kitchen,North Indian,787.46,17.65,Credit Card,29.2,3,4.8,Delivered
ORD100195,20-01-2025,22:39:00,C1099,Hyderabad,Cafe,South Indian,233.15,37.74,Debit Card,24.7,3.4,,Delivered
ORD103858,28-01-2025,14:24:00,C1317,Mumbai,Fine Dining,North Indian,1385.44,0,UPI,27.3,1.3,4.2,Delivered
ORD104792,22-10-2025,20:51:15,C1225,Bangalore,Cloud Kitchen,North Indian,403.36,26.06,UPI,26.2,1,4.9,Delivered
ORD104653,20-05-2025,13:40:30,C1074,Bangalore,Casual Dining,Biryani,401.5,32.7,UPI,38.5,2.8,4.8,Delivered
ORD100602,18-09-2025,07:57:30,C2102,Mumbai,Fast Food,Fast Food,276.8,49.66,UPI,49.4,7.1,4.4,Delivered
ORD103030,04-02-2025,07:47:00,C1094,Mumbai,Cafe,Fast Food,161.85,29.34,Credit Card,35.5,1.6,4.4,Delivered
ORD103457,06-09-2025,07:38:45,C1211,Bangalore,Fast Food,Desserts,279.77,55.14,Cash,43,6.4,4.3,Delivered
ORD100899,26-10-2025,21:34:15,C1573,Bangalore,Fast Food,Chinese,6368.95,54.63,UPI,39.6,7.3,3.9,Delivered
ORD102694,31-08-2025,11:05:00,C2068,Kochi,Fine Dining,North Indian,711.85,32.77,Cash,18.9,2,5,Delivered
ORD101958,29-03-2025,20:05:15,C1693,Bangalore,Cloud Kitchen,North Indian,419.9,34.08,Debit Card,34.8,2.2,4.4,Delivered
ORD101023,01-07-2025,17:21:00,C1762,Hyderabad,Cloud Kitchen,North Indian,614.47,45.2,Cash,25.3,4.1,4.7,Delivered
ORD103043,13-08-2025,19:46:00,C1107,Chennai,Fast Food,Biryani,365.61,34.88,Credit Card,20.6,3.4,4.7,Delivered
ORD102954,03-09-2025,19:16:00,C1633,Mumbai,Fast Food,Desserts,177.06,27.1,UPI,,2.7,,Cancelled
ORD103526,23-09-2025,22:11:45,C1937,Chennai,Fast Food,North Indian,253.09,39.27,Credit Card,22.4,2.7,4.9,Delivered
ORD103470,11-10-2025,18:00:45,C1689,Mumbai,Cafe,South Indian,470.37,74.77,UPI,51.4,7.1,4,Delivered
ORD104635,05-12-2025,20:08:00,C1844,Bangalore,Casual Dining,Chinese,834.91,29.15,UPI,37.1,3.2,4.2,Delivered
ORD102591,30-05-2025,12:44:00,C1210,Hyderabad,Cloud Kitchen,Desserts,411.8,22.17,UPI,31.5,3,5,Delivered
ORD100792,24-09-2025,22:03:30,C1361,Bangalore,Casual Dining,Chinese,483.1,40.89,UPI,12.6,1.4,4.6,Delivered
ORD104986,28-10-2025,12:03:15,C1806,Chennai,Fast Food,North Indian,277.11,21.63,Cash,31.6,2.4,5,Delivered
ORD100832,15-12-2025,19:13:15,C1724,Bangalore,Cafe,Desserts,372.7,33.67,UPI,45.8,2.7,4.4,Delivered
ORD103869,27-01-2025,20:41:15,C1949,Chennai,Casual Dining,Fast Food,506.24,39.49,Debit Card,36.9,4.1,4.6,Delivered
ORD101932,06-11-2025,11:44:30,C1225,Bangalore,Casual Dining,Biryani,644.19,37.95,Credit Card,32.3,2.9,5,Delivered
ORD100775,07-12-2025,15:58:00,C1248,Bangalore,Fast Food,North Indian,90,46.45,UPI,32.6,4.7,4.2,Delivered
ORD103028,13-07-2025,17:45:00,C1194,Kochi,Cloud Kitchen,Chinese,262.23,29.81,Cash,16.5,1.9,4.3,Refunded
ORD100986,30-10-2025,19:42:00,C1099,Bangalore,Casual Dining,Continental,813.55,37.14,Debit Card,,6.4,,Cancelled
ORD101038,23-09-2025,14:23:00,C1968,Mumbai,Fast Food,Fast Food,292.02,28.11,UPI,36.7,2.9,4.6,Delivered
ORD103961,15-05-2025,17:46:00,C2170,Bangalore,Fast Food,North Indian,281.96,34.07,Wallet,32.6,4.3,4.8,Delivered
ORD101614,13-12-2025,19:03:15,C1201,Mumbai,Cloud Kitchen,Chinese,397.17,53.66,UPI,44.9,6.4,3.9,Delivered
ORD102087,04-06-2025,18:51:00,C1823,Hyderabad,Casual Dining,Desserts,90,41.14,UPI,30.6,4.5,4.6,Delivered
ORD103899,09-01-2025,18:18:30,C1616,Hyderabad,Cafe,Chinese,477.71,31.07,Wallet,27.3,2.7,4.7,Delivered
ORD100274,06-06-2025,08:47:30,C1434,Bangalore,Casual Dining,North Indian,778.28,30.72,Credit Card,23.5,1.9,4.7,Delivered
ORD103286,28-04-2025,18:52:00,C1457,Chennai,Cloud Kitchen,Biryani,625.09,59.15,UPI,38.5,5.9,4.7,Delivered
ORD101029,30-11-2025,21:21:45,C2182,Kochi,Cafe,Chinese,488.83,66.07,Credit Card,65.9,10.1,3.4,Delivered
ORD103373,19-12-2025,21:07:45,C2039,Mumbai,Fast Food,North Indian,365.67,56.15,Wallet,,5.3,,Cancelled
ORD101655,20-08-2025,18:03:00,C1678,Bangalore,Cafe,Biryani,325.24,17.11,Credit Card,29.4,1.8,4.9,Delivered
ORD101866,30-08-2025,05:43:00,C1476,Hyderabad,Casual Dining,Biryani,539.68,46.43,Wallet,29,5.9,4.6,Delivered
ORD100728,15-08-2025,12:17:45,C2154,Mumbai,Cafe,,382.22,21.47,Cash,27,3,4.7,Delivered
ORD101036,13-05-2025,15:36:00,C1840,Bangalore,Casual Dining,Biryani,361.28,29.4,Debit Card,44.6,3,3.8,Delivered
ORD104938,26-01-2025,15:20:45,C1956,Bangalore,Cafe,North Indian,339.39,100.55,Cash,64.5,13.6,4,Delivered
ORD103861,09-08-2025,23:55:15,C1495,Kochi,Casual Dining,Italian,846.75,12.09,Credit Card,,3,,Cancelled
ORD102420,04-10-2025,14:35:15,C2087,Kochi,Cloud Kitchen,Italian,452.62,29.6,Cash,34,4.9,4.9,Delivered
ORD100730,05-07-2025,14:30:00,C1359,Bangalore,Fast Food,Italian,294.85,34.82,Cash,26.8,3.6,4.6,Delivered
ORD102703,03-04-2025,11:21:30,C1012,Hyderabad,Casual Dining,Chinese,862.6,43.42,Debit Card,30.3,5.2,4.5,Delivered
ORD103521,26-01-2025,14:45:00,C2170,Mumbai,Fast Food,Biryani,455.7,18.56,Cash,43,1.3,3.8,Delivered
ORD102196,20-12-2025,13:48:15,C1253,Chennai,Cafe,Biryani,153.89,31.25,Wallet,34,2.2,4.7,Delivered
ORD100751,30-11-2025,16:29:00,C1915,Hyderabad,Cafe,Biryani,296.56,25.04,Cash,29.8,2.7,4.8,Delivered
ORD104141,08-02-2025,21:58:00,C1724,Mumbai,Fast Food,Italian,284.42,49.43,Credit Card,36.8,3.5,4.7,Delivered
ORD103523,22-03-2025,14:37:00,C1479,Chennai,Fast Food,South Indian,259,46.48,Wallet,27.9,4.4,4.5,Delivered
ORD102994,10-10-2025,12:41:45,C1118,Bangalore,Casual Dining,Desserts,405.12,36.51,UPI,54.6,4,3.5,Delivered
ORD102385,01-08-2025,19:30:45,C1761,Chennai,Fast Food,Fast Food,121.94,40.75,UPI,27.5,4.1,4.5,Delivered
ORD100462,26-11-2025,17:37:00,C2062,Kochi,Cloud Kitchen,South Indian,509.15,34.56,UPI,27.6,4.3,4.1,Delivered
ORD100315,19-05-2025,14:29:45,C1496,Mumbai,Cafe,North Indian,247.74,17.14,UPI,27.9,2.1,4.7,Delivered
ORD103883,27-02-2025,21:35:00,C1725,Mumbai,Casual Dining,Continental,789.02,36.51,UPI,29.5,3.2,4.2,Delivered
ORD100563,15-09-2025,19:05:45,C1555,Bangalore,Fine Dining,Chinese,953.89,22.55,Wallet,24.2,1.1,5,Delivered
ORD102184,30-06-2025,19:16:00,C1251,Hyderabad,Cloud Kitchen,Desserts,384.86,55.76,UPI,43.4,4,4.6,Delivered
ORD103737,21-02-2025,22:26:00,C1404,Mumbai,Cafe,South Indian,387.8,46.8,UPI,36.5,5.2,4.5,Delivered
ORD100581,29-11-2025,15:01:00,C1054,Mumbai,Cloud Kitchen,Italian,716.85,60.39,Cash,43.3,7.2,3.9,Delivered
ORD102143,07-08-2025,22:23:30,C1442,Bangalore,Cafe,Biryani,272.65,38.09,Credit Card,,3.7,,Cancelled
ORD104340,17-10-2025,20:09:00,C1449,Kochi,Casual Dining,South Indian,698.21,36.69,UPI,34,4.2,4,Delivered
ORD102402,01-09-2025,09:05:30,C1504,Hyderabad,Cloud Kitchen,Chinese,484.09,26.11,UPI,12,2,5,Delivered
ORD104471,13-02-2025,10:45:45,C2200,Kochi,Cloud Kitchen,Italian,530.93,33.87,Debit Card,19.3,2.5,4.1,Delivered
ORD104186,05-06-2025,13:17:00,C1445,Mumbai,Fast Food,Chinese,317.77,49.27,Wallet,33.1,2.1,4.1,Delivered
ORD101612,26-05-2025,14:53:00,C2164,Bangalore,Casual Dining,Desserts,451.48,55.64,Cash,31,5,5,Delivered
ORD101690,16-02-2025,18:03:00,C1912,Bangalore,Cafe,Desserts,90,40.27,UPI,30.2,2.8,4.4,Delivered
ORD102996,02-05-2025,12:07:00,C1308,Mumbai,Cloud Kitchen,Biryani,259.44,47.71,UPI,,4,,Cancelled
ORD100390,28-08-2025,21:19:00,C1262,Mumbai,Casual Dining,North Indian,335.38,42.69,UPI,35.2,4.7,4.7,Delivered
ORD103214,05-06-2025,21:02:00,C1795,Hyderabad,Cloud Kitchen,Italian,634.05,41.85,UPI,32.5,3.1,4.5,Delivered
ORD100484,07-03-2025,17:16:00,C1782,Hyderabad,Fast Food,Chinese,263.61,42.75,Wallet,18,2.3,4.3,Delivered
ORD102540,21-05-2025,19:44:00,C1496,Chennai,Cafe,South Indian,257.99,51.96,Credit Card,39.9,6.3,4.5,Delivered
ORD101809,08-09-2025,18:49:00,C1264,Bangalore,Cafe,South Indian,481.72,70.47,UPI,53.1,8.7,3.6,Refunded
ORD103313,12-05-2025,11:39:00,C1052,Mumbai,Cloud Kitchen,South Indian,419.31,16.75,UPI,20.4,1,4.8,Delivered
ORD100448,17-06-2025,16:04:00,C2124,Hyderabad,Fine Dining,Chinese,792.14,26.89,Credit Card,29.8,2,5,Delivered
ORD100020,29-08-2025,21:22:00,C1467,Bangalore,Cafe,Chinese,161.03,59.29,UPI,55.2,8,3.7,Delivered
ORD100294,21-06-2025,18:53:30,C1614,Hyderabad,Cafe,Italian,407.78,32.66,UPI,36.3,3.1,4.9,Delivered
ORD103221,06-08-2025,16:18:15,C2028,Mumbai,Fast Food,North Indian,387.86,49.83,Cash,33.1,4.9,4.6,Delivered
ORD104825,26-02-2025,06:29:00,C1835,Bangalore,Fast Food,Fast Food,359.41,69.74,Credit Card,48.5,8.6,4.3,Delivered
ORD104029,22-11-2025,13:13:30,C1876,Mumbai,Fine Dining,South Indian,1092.51,26.43,Cash,47.2,1.3,4.2,Delivered
ORD102246,31-12-2025,00:19:00,C1108,Bangalore,Casual Dining,North Indian,615.32,84.45,UPI,68.6,14.4,,Delivered
ORD104627,24-07-2025,16:56:00,C1543,Kochi,Cloud Kitchen,Biryani,239.83,56.08,UPI,38.8,8.5,4.3,Delivered
ORD103880,11-05-2025,21:41:00,C1611,Hyderabad,Cafe,North Indian,411.55,20.66,Credit Card,26.6,1.6,4.4,Delivered
ORD104570,10-09-2025,23:25:00,C1546,Bangalore,Cloud Kitchen,Continental,195.1,35.33,Cash,32.7,4,4.6,Delivered
ORD104162,17-04-2025,18:40:00,C1777,Chennai,Fast Food,Italian,198.04,50.45,UPI,31.7,6.4,4.5,Delivered
ORD102077,22-10-2025,21:17:15,C1259,Chennai,Fast Food,North Indian,355.81,43.5,Cash,32.6,4.4,3.9,Refunded
ORD103020,02-11-2025,16:33:00,C1803,Bangalore,Fast Food,Continental,201.85,38.16,Credit Card,41.9,5,3.9,Delivered
ORD101466,08-04-2025,19:39:00,C1181,Bangalore,Fast Food,Biryani,186.81,32.22,UPI,45.1,4.4,4.6,Delivered
ORD103557,19-10-2025,18:36:00,C1674,Kochi,Cloud Kitchen,North Indian,653.51,11.15,UPI,23.6,2,4.8,Delivered
ORD101049,14-08-2025,19:21:30,C1132,Bangalore,Casual Dining,South Indian,195.06,32.84,Wallet,43.8,3.1,4,Delivered
ORD102656,12-08-2025,13:43:15,C1996,Mumbai,Casual Dining,Italian,594.33,15.53,Cash,,1.2,,Cancelled
ORD103436,31-08-2025,21:09:00,C1762,Mumbai,Fast Food,Biryani,185.6,39.02,UPI,39.8,3.5,4.3,Delivered
ORD103749,13-09-2025,13:03:00,C2039,Bangalore,Fast Food,Chinese,262.09,7.21,Cash,20.4,0.7,4.5,Delivered
ORD100908,05-06-2025,19:57:00,C1666,Hyderabad,Fine Dining,,877.62,24.27,Credit Card,22.2,2.3,4.8,Delivered
ORD103797,16-02-2025,20:30:30,C2098,Hyderabad,Fast Food,Biryani,310.03,49.72,UPI,55.7,6.3,3.9,Delivered
ORD102079,31-12-2025,16:20:00,C1009,Chennai,Fine Dining,South Indian,1112.93,12.6,UPI,,1.7,,Cancelled
ORD103376,12-11-2025,17:42:00,C1170,Hyderabad,Cloud Kitchen,Desserts,295.28,60.61,Wallet,31.7,6.6,4.6,Delivered
ORD102008,25-02-2025,14:15:15,C1035,Mumbai,Casual Dining,North Indian,441.79,26.7,Cash,20.1,0.8,4.4,Delivered
ORD102190,20-11-2025,21:34:30,C1094,Hyderabad,Cafe,,398.63,45.32,Debit Card,46.4,4.8,4.5,Delivered
ORD100007,27-02-2025,11:46:45,C1540,Kochi,Fine Dining,Italian,1238.62,47.85,UPI,56.2,10.1,4.6,Delivered
ORD101756,24-09-2025,11:07:30,C1634,Kochi,Cloud Kitchen,North Indian,429.87,19.52,UPI,17,1.7,4.4,Delivered
ORD101296,01-03-2025,13:21:15,C1581,Chennai,Fast Food,North Indian,309.69,29.24,UPI,29,2.8,4.5,Delivered
ORD104318,28-04-2025,22:38:45,C1983,Mumbai,Fast Food,Italian,366.91,35.16,Credit Card,31.7,4.4,4.6,Delivered
ORD103424,17-09-2025,20:15:00,C1651,Kochi,Cafe,Continental,290.93,52.82,Credit Card,53.6,4.7,4,Delivered
ORD101021,13-10-2025,19:45:00,C2010,Hyderabad,Cloud Kitchen,Chinese,287.69,75.46,Debit Card,60.1,10.9,3.6,Delivered
ORD102783,28-11-2025,11:01:30,C2047,Chennai,Cloud Kitchen,Desserts,440.67,16.49,Credit Card,14.3,0.9,5,Delivered
ORD104394,01-05-2025,20:28:00,C1900,Chennai,Fast Food,North Indian,332.78,35.19,UPI,31.5,3.5,5,Delivered
ORD102414,28-11-2025,22:05:00,C2038,Bangalore,Fine Dining,Fast Food,556.32,60.46,Cash,54.8,7.8,4.3,Delivered
ORD104905,22-11-2025,11:48:00,C1445,Bangalore,Fast Food,South Indian,436.14,45.24,Wallet,40.4,4.7,4.3,Delivered
ORD100106,11-09-2025,20:56:00,C1019,Bangalore,Cafe,Desserts,293.73,45.75,UPI,39.6,5.7,4.3,Delivered
ORD101893,09-03-2025,18:30:45,C1598,Hyderabad,Casual Dining,North Indian,368.42,43.42,Cash,,3.8,,Cancelled
ORD104752,09-11-2025,19:16:30,C1748,Chennai,Cafe,Biryani,198.61,23.84,UPI,33.2,1.8,4.3,Delivered
ORD103106,19-02-2025,21:26:30,C1022,Chennai,Fast Food,Fast Food,258.67,51.24,Cash,57.7,8.4,3.5,Delivered
ORD101396,30-03-2025,12:52:30,C2139,Hyderabad,Fast Food,Italian,415.67,42.66,Cash,35.8,2.8,4.7,Delivered
ORD100345,17-03-2025,16:23:00,C1583,Chennai,Casual Dining,Chinese,355.12,86.87,Credit Card,62.5,12.5,4.2,Delivered
ORD103370,05-10-2025,21:23:30,C1375,Chennai,Cloud Kitchen,Fast Food,243.79,51.7,Wallet,50.2,5.6,3.9,Delivered
ORD103956,09-02-2025,12:33:15,C2190,Mumbai,Fast Food,Chinese,188.18,55.84,Debit Card,47.1,7.1,4.6,Delivered
ORD101776,04-04-2025,18:55:00,C2168,Bangalore,Fast Food,Chinese,210.62,31.54,upi,,4.5,4,Delivered
ORD104477,25-09-2025,20:23:45,C1802,Bangalore,Cloud Kitchen,Biryani,220.08,39.89,Debit Card,49.1,7.2,4.1,Delivered
ORD102458,18-03-2025,20:25:45,C1442,Hyderabad,Cloud Kitchen,South Indian,505.39,20.05,Credit Card,28.8,1,5,Delivered
ORD100373,01-09-2025,18:41:30,C1072,Mumbai,Cafe,Desserts,144.52,51.3,Debit Card,19.4,2.5,5,Delivered
ORD101716,05-07-2025,14:27:00,C1048,Hyderabad,Casual Dining,Desserts,244.11,45.67,UPI,,6.7,,Cancelled
ORD100554,19-03-2025,16:03:15,C1559,Chennai,Fast Food,Chinese,258.89,41.8,Wallet,19.6,2.2,,Delivered
ORD100955,18-08-2025,21:43:30,C1174,Chennai,Cloud Kitchen,Chinese,452.65,53.22,UPI,45.8,5.8,4.8,Delivered
ORD103423,02-02-2025,22:05:45,C2152,Kochi,Cloud Kitchen,Fast Food,451.06,66.96,UPI,38.3,7.7,4,Delivered
ORD104537,18-09-2025,14:16:45,C1692,Mumbai,Casual Dining,Continental,646.73,47.24,Credit Card,26.3,5.3,4.5,Delivered
ORD104945,02-12-2025,21:46:00,C1358,Hyderabad,Cafe,Chinese,317.1,35.47,Wallet,28.5,3.8,4.5,Delivered
ORD104638,07-04-2025,14:03:45,C1867,Chennai,Casual Dining,South Indian,468.89,58.87,UPI,36.9,4.2,4.5,Delivered
ORD100420,05-03-2025,22:22:15,C1363,Mumbai,Cloud Kitchen,Continental,419.91,45.1,UPI,46.8,7.3,4.7,Delivered
ORD103580,06-09-2025,20:15:00,C2067,Hyderabad,Cloud Kitchen,Biryani,483.42,37.54,UPI,52.9,5.2,4.5,Delivered
ORD104806,03-05-2025,19:25:15,C1083,Chennai,Fast Food,Continental,201.6,51.64,Credit Card,54.4,7.7,4,Delivered
ORD101087,01-09-2025,14:11:00,C1129,Chennai,Fast Food,Biryani,305.69,45.97,UPI,23.2,2.3,4.6,Delivered
ORD101513,10-05-2025,13:13:00,C1918,Chennai,Fast Food,Biryani,249.05,40.61,Credit Card,35,3.9,4.6,Delivered
ORD103044,17-02-2025,20:29:00,C1464,Bangalore,Cloud Kitchen,Italian,488.45,25.26,Credit Card,,4.6,,Cancelled
ORD104407,28-12-2025,18:59:15,C1445,Hyderabad,Fast Food,Chinese,139.96,64.31,Credit Card,58.6,8.6,4.2,Delivered
ORD101651,11-11-2025,22:33:00,C1360,Hyderabad,Cloud Kitchen,Continental,571.38,44.41,Cash,23.7,3.9,3.8,Refunded
ORD103475,09-06-2025,15:32:00,C1172,Chennai,Fast Food,Italian,308.34,43.12,Wallet,26.5,2.8,5,Delivered
ORD101544,17-04-2025,03:19:00,C1367,Bangalore,Fine Dining,Desserts,607.54,37.19,UPI,29.4,3.3,4.7,Delivered
ORD104024,08-11-2025,13:07:00,C1173,Chennai,Fine Dining,North Indian,984.73,32.95,UPI,46.9,5.4,3.5,Delivered
ORD103760,03-06-2025,19:46:00,C1769,Bangalore,Fine Dining,Biryani,1250.66,35.66,UPI,54.7,10.2,4.5,Delivered
ORD100977,11-03-2025,07:51:15,C1643,Mumbai,Fast Food,Chinese,206.37,46.4,Cash,35.8,5.9,4,Delivered
ORD103282,21-07-2025,20:09:00,C1444,Bangalore,Fast Food,Biryani,171.49,31.83,UPI,38.4,4.8,4.4,Delivered
ORD100025,02-12-2025,18:49:15,C1449,Bangalore,Cloud Kitchen,Italian,679,62.68,UPI,59.6,8.7,3.6,Delivered
ORD103507,12-02-2025,13:57:00,C1208,Hyderabad,Casual Dining,Biryani,811.46,9.94,UPI,39.7,2,4.1,Delivered
ORD102530,30-09-2025,13:35:15,C1841,Bangalore,Cafe,North Indian,270.51,34.1,UPI,34.3,2.4,4,Delivered
ORD104180,29-03-2025,12:04:15,C1051,Hyderabad,Cafe,South Indian,557.55,47.2,Wallet,42.9,5.4,3.6,Delivered
ORD103776,31-01-2025,05:27:00,C1119,Hyderabad,Fast Food,Chinese,185.07,86.46,Cash,52.6,11.9,3.7,Delivered
ORD104461,14-01-2025,12:56:00,C1622,Chennai,Casual Dining,Fast Food,349.95,60.53,UPI,33.3,6.3,4.3,Delivered
ORD103103,18-05-2025,20:40:00,C2161,Hyderabad,Fine Dining,Chinese,896.72,12.46,Credit Card,34.1,0.9,4.4,Delivered
ORD101086,12-02-2025,08:15:45,C2068,Kochi,Cloud Kitchen,Chinese,454.9,41.45,UPI,31.5,4.6,4.2,Delivered
ORD103314,10-03-2025,21:34:15,C1606,Bangalore,Fast Food,Biryani,355.89,40.6,UPI,30.2,1.6,5,Delivered
ORD103083,02-01-2025,20:59:00,C1726,Bangalore,Fast Food,South Indian,307.07,38.92,Cash,23.2,3.9,4.8,Delivered
ORD100480,21-05-2025,12:24:15,C1889,Bangalore,Fast Food,North Indian,264.99,35.38,Debit Card,45,4.6,3.7,Delivered
ORD101615,01-10-2025,19:12:00,C2027,Chennai,Fast Food,Desserts,129.16,47.32,UPI,32,3.1,4.3,Delivered
ORD100934,03-08-2025,15:53:00,C1387,Chennai,Fast Food,Biryani,390.44,19.92,UPI,14.1,1.5,4.4,Delivered
ORD103126,18-03-2025,11:51:00,C1459,Kochi,Cloud Kitchen,Biryani,447.32,60.36,Debit Card,37.6,5.4,4.6,Delivered
ORD102214,02-11-2025,07:04:00,C1528,Mumbai,Fast Food,Fast Food,274.58,26.37,UPI,24.8,1.2,5,Delivered
ORD101966,15-06-2025,18:39:00,C1374,Hyderabad,Casual Dining,Italian,519.24,42.76,Cash,22.2,4.3,4.3,Delivered
ORD102396,05-02-2025,12:17:45,C1663,Chennai,Casual Dining,Biryani,588.33,15.65,UPI,26.5,2.2,4.7,Delivered
ORD101361,13-03-2025,21:41:30,C1799,Bangalore,Cloud Kitchen,South Indian,345.34,20.68,Credit Card,32.9,1.4,5,Delivered
ORD104203,23-06-2025,11:38:00,C1841,Bangalore,Cloud Kitchen,Desserts,392.45,38.52,Cash,21.7,1.6,5,Delivered
ORD100999,04-07-2025,18:43:00,C1027,Bangalore,Cafe,Continental,494.75,35.79,UPI,15.7,1.9,5,Delivered
ORD100281,10-03-2025,20:11:15,C2007,Chennai,Fast Food,North Indian,318.37,106.76,UPI,,15,,Cancelled
ORD103814,23-04-2025,18:37:00,C1488,Bangalore,Casual Dining,Chinese,379.03,47.59,UPI,41.7,6.2,5,Delivered
ORD101512,21-02-2025,21:44:00,C1394,Bangalore,Casual Dining,Chinese,678.25,23.79,UPI,22.3,1.4,5,Delivered
ORD102541,20-07-2025,20:49:00,C1774,Chennai,Cloud Kitchen,South Indian,444.34,18.19,Cash,29.1,3,4,Delivered
ORD102975,01-11-2025,14:05:30,C1619,Chennai,Cloud Kitchen,Chinese,267.94,35.6,UPI,41.2,5.2,4,Refunded
ORD101178,30-07-2025,19:41:00,C1186,Mumbai,Fast Food,South Indian,267.62,44.59,Wallet,39.8,4.9,4,Delivered
ORD101486,22-09-2025,14:17:15,C1912,Chennai,Casual Dining,North Indian,351.82,28.97,Cash,24,3.3,4.3,Delivered
ORD102884,30-08-2025,10:21:00,C1084,Chennai,Fast Food,North Indian,290.05,43.72,Cash,34.2,7.3,4.4,Delivered
ORD100845,22-12-2025,07:35:15,C1809,Kochi,Cafe,Biryani,501.75,55.47,UPI,21.5,4.6,4.7,Delivered
ORD102553,27-06-2025,19:54:00,C1136,Hyderabad,Cloud Kitchen,North Indian,213.9,7.16,Credit Card,17.6,1,4.4,Delivered
ORD100562,05-06-2025,09:00:15,C1084,Bangalore,Cloud Kitchen,South Indian,441.19,37.34,Credit Card,36.5,3.2,4.1,Delivered
ORD100601,18-04-2025,13:06:00,C1584,Bangalore,Casual Dining,Chinese,536.42,52.92,UPI,49.3,5.3,4.3,Delivered
ORD100521,17-01-2025,11:36:15,C1094,Bangalore,Fast Food,North Indian,263.06,37.82,Wallet,25.4,2.9,4.5,Delivered
ORD100752,09-01-2025,22:30:00,C1291,Chennai,Fine Dining,Italian,1184.09,20.68,Debit Card,25.3,3.5,5,Delivered
ORD100259,13-11-2025,23:03:00,C1316,Mumbai,Cloud Kitchen,South Indian,420.21,53.92,UPI,49.8,8.4,4.1,Refunded
ORD102525,08-05-2025,21:18:00,C1280,Hyderabad,Casual Dining,South Indian,481.84,41.01,Credit Card,30.1,4.2,4.2,Delivered
ORD101287,22-03-2025,21:24:00,C1190,Bangalore,Fast Food,North Indian,282.61,30.12,Cash,53.1,3.1,3.7,Delivered
ORD102330,21-02-2025,15:13:30,C2118,Mumbai,Casual Dining,Chinese,418.43,20.21,Wallet,12,0.8,4.9,Delivered
ORD100575,01-02-2025,11:28:00,C1061,Kochi,Casual Dining,Biryani,517.03,53.58,UPI,33.1,5,4.3,Refunded
ORD103052,21-01-2025,21:37:00,C2171,Mumbai,Cafe,Chinese,139.8,55.97,Credit Card,42.9,5.4,4.9,Delivered
ORD102179,30-12-2025,20:26:15,C1477,Hyderabad,Fast Food,Chinese,284.31,32.56,upi,34.8,1.5,4.8,Delivered
ORD103892,25-08-2025,20:56:00,C2098,Kochi,Fast Food,Italian,475.41,38.6,Debit Card,33.8,3.6,4.3,Delivered
ORD101240,24-12-2025,19:13:30,C1830,Bangalore,Fast Food,Fast Food,423.68,52.22,Wallet,43.5,7.8,4.4,Delivered
ORD101880,14-01-2025,07:31:00,C1508,Mumbai,Cafe,North Indian,306.5,23.41,Cash,20.3,1.8,4.5,Delivered
ORD104878,27-11-2025,19:40:00,C1975,Hyderabad,Fast Food,Biryani,464.84,59.57,Credit Card,55.5,8.3,3.8,Refunded
ORD103119,17-01-2025,13:42:45,C1843,Bangalore,Fast Food,Chinese,125.97,30.37,Credit Card,39.8,2.2,4.1,Delivered
ORD104656,17-05-2025,11:47:30,C1147,Hyderabad,Fast Food,Continental,395.56,56.75,Wallet,,6.3,,Cancelled
ORD101715,18-01-2025,14:25:45,C1047,Mumbai,Fast Food,Fast Food,194.16,55.68,UPI,42.3,7.9,4.3,Delivered
ORD103834,10-11-2025,12:19:45,C1935,Chennai,Fast Food,South Indian,283.12,42.58,Credit Card,32.2,3.2,4.8,Delivered
ORD104703,03-04-2025,23:15:00,C1085,Bangalore,Fast Food,Biryani,466.3,69.31,Credit Card,50.4,6.6,3.7,Delivered
ORD104579,04-12-2025,20:38:00,C1658,Bangalore,Casual Dining,North Indian,319.92,39.93,UPI,41.8,3.9,4.7,Delivered
ORD102329,17-09-2025,20:47:00,C1541,Bangalore,Fast Food,Italian,263.13,62.56,UPI,36,5.6,4.5,Delivered
ORD104872,23-01-2025,13:20:00,C1723,Bangalore,Casual Dining,South Indian,90,40.39,Wallet,27.1,1.8,5,Delivered
ORD101481,06-09-2025,13:17:15,C1033,Chennai,Cafe,Desserts,242.63,16.57,UPI,37.1,4.2,4.3,Delivered
ORD101934,18-04-2025,22:51:15,C1191,Bangalore,Fast Food,Fast Food,339.49,40.95,Wallet,13.5,1.3,4.9,Delivered
ORD100677,22-04-2025,10:07:15,C1053,Chennai,Fine Dining,Biryani,516.51,47.52,UPI,30,3.5,4.7,Delivered
ORD101678,14-03-2025,22:53:45,C1290,Mumbai,Cafe,North Indian,534.42,55.59,UPI,58,7.9,3.7,Delivered
ORD104596,25-09-2025,19:20:00,C1640,Chennai,Cloud Kitchen,Fast Food,90,35.01,Wallet,,4.3,,Cancelled
ORD102144,22-07-2025,18:59:15,C1973,Hyderabad,Cloud Kitchen,North Indian,400.61,59.26,UPI,54.9,7.2,4,Delivered
ORD100490,13-12-2025,21:31:30,C2091,Mumbai,Casual Dining,Biryani,519.72,48.01,Wallet,50.1,6.8,3.3,Delivered
ORD104384,20-12-2025,18:27:30,C1739,Hyderabad,Fast Food,South Indian,330.82,52.38,UPI,,4.4,4.3,Delivered
ORD104798,22-01-2025,16:02:00,C1489,Bangalore,Fine Dining,North Indian,1004.56,31.36,UPI,26.9,6.4,4.7,Delivered
ORD102716,07-06-2025,14:35:00,C2022,Kochi,Cafe,South Indian,199.31,34.75,Cash,24.5,3.7,5,Delivered
ORD102622,21-08-2025,08:37:00,C2107,Bangalore,Cafe,South Indian,225.25,52.51,Cash,25.1,4.1,5,Delivered
ORD103620,23-01-2025,23:27:15,C1052,Bangalore,Fast Food,South Indian,356.13,31.5,Debit Card,39.4,3.4,4.9,Delivered
ORD102160,08-12-2025,20:49:00,C1986,Chennai,Casual Dining,Desserts,492.74,42.89,Credit Card,42.7,4.5,4.4,Delivered
ORD101563,27-09-2025,21:40:30,C1069,Hyderabad,Casual Dining,North Indian,239.63,32.34,UPI,40.8,3.4,4.1,Delivered
ORD103014,15-02-2025,11:58:30,C2068,Hyderabad,Casual Dining,Italian,576.99,24.81,UPI,16,1.3,4.6,Delivered
ORD100688,16-09-2025,22:12:00,C1455,Mumbai,Fast Food,Biryani,392.42,47.37,Credit Card,25.7,4.9,4.6,Delivered
ORD102026,22-05-2025,13:36:15,C2020,Bangalore,Fast Food,South Indian,161.76,20.13,Wallet,29.7,1.8,4.3,Delivered
ORD101245,05-07-2025,15:21:30,C1642,Bangalore,Casual Dining,North Indian,583.93,61,Debit Card,65.4,9.5,3.9,Delivered
ORD100801,12-11-2025,15:02:00,C1025,Kochi,Fast Food,Italian,329.15,47.3,UPI,22.7,1.9,4.8,Delivered
ORD104459,08-05-2025,11:51:30,C1862,Bangalore,Casual Dining,North Indian,484.8,78.53,Cash,54,11.2,4,Delivered
ORD100813,20-11-2025,13:21:00,C1215,Hyderabad,Cloud Kitchen,Italian,320.57,49.69,UPI,58.1,6,3.2,Delivered
ORD100827,20-06-2025,07:06:30,C1009,Bangalore,Casual Dining,Chinese,228.62,27.67,UPI,30,2.6,4.7,Delivered
ORD103898,17-09-2025,18:46:15,C1134,Bangalore,Casual Dining,North Indian,349.52,42.73,UPI,23.9,3.2,4.5,Delivered
ORD104793,02-07-2025,22:56:15,C1608,Kochi,Cloud Kitchen,Continental,483,8.45,Credit Card,12,0.7,5,Delivered
ORD100782,19-12-2025,20:45:30,C2133,Chennai,Cloud Kitchen,Biryani,452.9,27.05,UPI,25.6,2.3,4.4,Delivered
ORD104368,19-08-2025,21:27:30,C1469,Chennai,Cloud Kitchen,Biryani,473.93,24.9,Debit Card,36.7,2,4.5,Delivered
ORD101867,11-10-2025,21:31:15,C1976,Mumbai,Cloud Kitchen,Fast Food,388.27,59.16,UPI,40.4,5.9,4.2,Delivered
ORD104026,13-03-2025,12:54:00,C2163,Hyderabad,Fast Food,Fast Food,318.89,68.11,Credit Card,57.8,8.8,3.2,Delivered
ORD100334,03-07-2025,18:01:15,C1625,Bangalore,Casual Dining,Italian,591.18,35.1,Credit Card,,4,,Cancelled
ORD102154,28-06-2025,14:25:30,C2026,Chennai,Fast Food,Fast Food,273.26,34.47,Cash,,5.1,,Cancelled
ORD103240,24-06-2025,15:06:00,C1718,Chennai,Cafe,Desserts,155.54,43.98,Wallet,30.2,3.4,,Delivered
ORD100614,07-10-2025,17:01:15,C1476,Chennai,Casual Dining,South Indian,356.08,45.96,UPI,41.6,5.6,4.1,Delivered
ORD102463,04-11-2025,09:44:45,C2152,Bangalore,Cloud Kitchen,Chinese,310.96,21.18,UPI,27.3,2.8,4.7,Delivered
ORD100395,05-01-2025,21:26:15,C2186,Hyderabad,Cafe,North Indian,256.94,32.22,Credit Card,33.9,5.1,4.5,Delivered
ORD100234,10-05-2025,22:23:30,C1565,Kochi,Casual Dining,North Indian,90,32.94,Credit Card,15,2.1,4.5,Delivered
ORD100258,27-02-2025,15:10:00,C2198,Bangalore,Cloud Kitchen,South Indian,327.3,43,UPI,33.4,4.1,4.6,Delivered
ORD102894,16-06-2025,11:48:00,C2035,Bangalore,Casual Dining,Continental,462.44,58.78,Credit Card,,7.1,,Cancelled
ORD101819,25-05-2025,20:14:15,C1920,Bangalore,Cafe,South Indian,351.74,60.28,Credit Card,49.7,7.4,3.5,Delivered
ORD101891,04-12-2025,15:33:00,C1272,Mumbai,Cloud Kitchen,North Indian,312.55,56.28,UPI,42.9,6.1,4.1,Delivered
ORD101724,14-01-2025,14:12:30,C1024,Bangalore,Cloud Kitchen,South Indian,428.82,35.19,UPI,27.5,3.2,4.8,Delivered
ORD103738,27-06-2025,15:34:00,C1104,Bangalore,Casual Dining,Biryani,539.61,48.97,Credit Card,37.2,6.5,4.2,Delivered
ORD101843,11-08-2025,18:08:30,C1698,Kochi,Cafe,Desserts,367.86,66.22,UPI,44.9,7.7,4.4,Delivered
ORD100333,03-01-2025,10:46:30,C1069,Chennai,Casual Dining,Fast Food,447.26,28.71,Debit Card,25.8,4.2,4.9,Delivered
ORD101594,05-07-2025,12:36:00,C1518,Kochi,Cafe,Italian,518.9,78.21,UPI,60.5,11.2,3.4,Delivered
ORD104942,03-08-2025,20:52:15,C1382,Bangalore,Cloud Kitchen,Biryani,396.71,38.01,UPI,42.3,2.6,4,Delivered
ORD103577,01-03-2025,18:53:00,C1553,Chennai,Fast Food,South Indian,138.3,32.08,UPI,34.9,2.3,4.6,Delivered
ORD100905,23-09-2025,19:50:00,C1717,Hyderabad,Casual Dining,Biryani,794.6,26,UPI,33.1,4.1,4.9,Delivered
ORD100874,01-01-2025,21:38:15,C1798,Bangalore,Fast Food,Fast Food,271.8,20.36,Cash,41.3,1.4,4.2,Delivered
ORD103889,10-08-2025,19:52:45,C1240,Bangalore,Casual Dining,North Indian,717.41,33.14,UPI,48.6,3.2,4.2,Delivered
ORD103722,09-11-2025,11:26:45,C1297,Hyderabad,Casual Dining,South Indian,477.89,43.42,Wallet,36.1,3.6,4,Delivered
ORD101979,10-02-2025,22:18:00,C1762,Bangalore,Casual Dining,Chinese,382.48,48.29,UPI,39.5,5.7,4.4,Delivered
ORD104688,09-07-2025,22:56:00,C2091,Bangalore,Cafe,Biryani,366.19,27.37,Cash,26.2,2.3,4.5,Delivered
ORD100449,28-03-2025,20:09:15,C1734,Bangalore,Fine Dining,Desserts,241.31,24.31,Credit Card,27.6,1.2,4.6,Delivered
ORD102208,05-02-2025,18:37:00,C1691,Mumbai,Fast Food,North Indian,307.65,40.25,UPI,31.4,2.2,4.7,Delivered
ORD101408,30-08-2025,16:24:00,C1382,Chennai,Casual Dining,North Indian,362.85,28.45,Credit Card,27.8,1.7,4.9,Delivered
ORD104818,09-07-2025,22:53:00,C1224,Mumbai,Fast Food,South Indian,336.86,34.67,Wallet,22.8,1.8,5,Delivered
ORD103031,21-05-2025,11:11:45,C1139,Bangalore,Casual Dining,Biryani,808.4,22.88,UPI,35.6,4.1,,Delivered
ORD100364,29-01-2025,13:37:00,C1135,Mumbai,Fast Food,South Indian,152.88,48.73,Credit Card,51.8,5.9,4.1,Delivered
ORD100461,07-05-2025,09:40:45,C1058,Mumbai,Cafe,North Indian,552.05,28.42,Credit Card,37.1,2.6,4.5,Delivered
ORD100459,06-02-2025,19:09:00,C1009,Bangalore,Casual Dining,Biryani,376.72,101.64,Credit Card,,15,,Cancelled
ORD103895,15-04-2025,06:09:00,C1554,Mumbai,Casual Dining,North Indian,494.79,25.51,UPI,25.7,1.8,4.5,Delivered
ORD104707,05-08-2025,17:56:00,C1350,Mumbai,Cloud Kitchen,Italian,481.86,35.62,Cash,15.3,1.9,5,Delivered
ORD100346,06-08-2025,17:38:00,C1295,Bangalore,Casual Dining,Fast Food,599.12,23.26,Wallet,14.2,1.5,4.6,Delivered
ORD104650,17-07-2025,18:26:30,C1792,Mumbai,Cafe,Biryani,315.1,46.16,Credit Card,22.1,1.9,4.8,Delivered
ORD102227,15-11-2025,13:08:00,C1798,Kochi,Fast Food,North Indian,277.63,31,Cash,,4.7,,Cancelled
ORD101225,10-08-2025,22:35:15,C1088,Hyderabad,Fast Food,Biryani,338.86,17.87,UPI,36.4,1.6,4.4,Delivered
ORD100158,10-07-2025,18:11:00,C2057,Kochi,Cloud Kitchen,South Indian,423.77,53.81,Credit Card,27.5,4.8,5,Delivered
ORD102841,01-04-2025,11:10:00,C1629,Mumbai,Fine Dining,Chinese,655.23,55.3,Wallet,50.2,8.2,4.4,Delivered
ORD102567,29-05-2025,22:13:00,C1408,Hyderabad,Cafe,North Indian,248.49,57.55,Debit Card,50,6.5,4.2,Delivered
ORD100243,19-09-2025,12:03:30,C1867,Chennai,Cafe,Italian,356.2,22.08,UPI,28.8,2.1,4.6,Delivered
ORD104655,12-12-2025,12:48:15,C1440,Hyderabad,Fine Dining,Biryani,969.96,15.23,UPI,24.4,1.9,5,Delivered
ORD101991,03-02-2025,21:03:00,C1415,Kochi,Fine Dining,Biryani,806.19,14.09,UPI,23.6,2.8,4.2,Delivered
ORD103628,17-02-2025,11:08:00,C1370,Hyderabad,Cloud Kitchen,North Indian,476.7,41.51,Credit Card,16.3,2.8,4.2,Delivered
ORD104449,23-11-2025,13:29:30,C1983,Chennai,Casual Dining,North Indian,603.45,64.83,Credit Card,58.3,9.1,3.7,Delivered
ORD101046,11-06-2025,19:17:45,C1759,Bangalore,Fast Food,Desserts,140.53,44.45,Wallet,43.3,4.8,4.8,Delivered
ORD101732,03-07-2025,11:09:00,C1445,Mumbai,Fast Food,South Indian,248.91,44.99,Cash,51.4,7.9,3.5,Delivered
ORD101295,10-07-2025,18:42:45,C1095,Mumbai,Fast Food,North Indian,237.07,39.09,Credit Card,20.1,5,4.7,Delivered
ORD103138,07-04-2025,21:47:30,C1018,Hyderabad,Casual Dining,Chinese,594.15,37.01,Credit Card,32.5,2.8,4.9,Delivered
ORD104807,08-06-2025,13:31:15,C1223,Bangalore,Fast Food,North Indian,183.13,96.08,Credit Card,90.3,15,3.6,Delivered
ORD102198,06-12-2025,20:14:45,C1005,Mumbai,Cafe,North Indian,496.68,38.8,Cash,35.2,4.2,4.8,Delivered
ORD103691,08-08-2025,20:13:30,C1377,Hyderabad,Fine Dining,Chinese,1011.88,31.94,Credit Card,34.8,6.2,4.8,Delivered
ORD103029,25-03-2025,20:46:45,C1418,Bangalore,Fast Food,South Indian,107.15,93.19,UPI,77.7,15,2.9,Delivered
ORD100225,26-08-2025,13:32:00,C1490,Mumbai,Cloud Kitchen,Biryani,604.07,35.78,UPI,47.9,3.9,4,Delivered
ORD102101,14-03-2025,12:39:00,C1275,Bangalore,Casual Dining,Fast Food,290.3,41.93,Credit Card,39.7,3.9,4.5,Delivered
ORD100412,07-04-2025,18:07:45,C2090,Bangalore,Fast Food,Fast Food,214.44,65.9,UPI,49.1,8.9,4,Delivered
ORD104660,24-05-2025,21:22:00,C1870,Mumbai,Casual Dining,North Indian,721.84,60.33,Wallet,52.4,7.4,3.9,Delivered
ORD103152,19-02-2025,15:54:00,C1244,Chennai,Fast Food,Fast Food,219.6,26.89,Credit Card,15,1.2,5,Delivered
ORD101870,04-10-2025,14:46:00,C1068,Chennai,Fast Food,North Indian,227.21,28.13,UPI,29.2,2.1,4.6,Delivered
ORD103801,15-05-2025,15:46:00,C2015,Hyderabad,Fast Food,Biryani,223.54,28.44,UPI,28.6,4.9,5,Delivered
ORD103417,23-03-2025,12:50:00,C2119,Chennai,Fast Food,Biryani,176.93,29.69,UPI,33.7,2,4,Delivered
ORD101935,03-05-2025,15:54:45,C2039,Kochi,Cloud Kitchen,Desserts,395.25,38.84,UPI,21.6,1.3,4.8,Delivered
ORD101312,20-02-2025,11:08:00,C1951,Hyderabad,Fast Food,Continental,429.12,34.81,Credit Card,24.1,1.5,4.5,Delivered
ORD103811,15-04-2025,22:05:00,C1304,Hyderabad,Cloud Kitchen,South Indian,373.02,13.56,Cash,13.3,1.3,,Delivered
ORD104774,26-06-2025,19:06:00,C2163,Kochi,Cafe,Italian,492.45,47.6,Cash,32.8,4.1,4.8,Delivered
ORD100483,09-09-2025,20:38:30,C2046,Bangalore,Fast Food,Fast Food,362.65,31.63,UPI,36.1,2.9,4.7,Delivered
ORD100406,21-08-2025,12:22:00,C1583,Hyderabad,Cloud Kitchen,Italian,519.38,33.34,UPI,41.8,4.4,4.6,Delivered
ORD100666,07-06-2025,14:06:45,C1615,Kochi,Fast Food,Biryani,356.72,47.37,UPI,25.6,3.5,,Delivered
ORD104081,08-02-2025,22:28:00,C1905,Bangalore,Cafe,Chinese,248.84,11.8,UPI,24.1,1.4,5,Delivered
ORD100308,06-08-2025,16:14:00,C1870,Hyderabad,Cafe,Fast Food,90,54.42,UPI,19.7,3.6,4.5,Delivered
ORD102814,05-02-2025,22:08:15,C1348,Kochi,Cafe,South Indian,296.96,55.64,Credit Card,38.5,7,4.4,Delivered
ORD104321,06-10-2025,20:16:00,C1817,Bangalore,Fine Dining,North Indian,551.64,54.28,Debit Card,52.2,6.9,4.3,Delivered
ORD104737,30-06-2025,22:13:00,C1086,Kochi,Cafe,Italian,407.69,53.82,UPI,27.5,5.1,,Delivered
ORD104194,09-06-2025,22:17:00,C1377,Kochi,Cloud Kitchen,South Indian,336.65,35.55,UPI,31.6,5.7,4.6,Delivered
ORD103158,02-03-2025,20:15:00,C1007,Mumbai,Casual Dining,Biryani,324.16,43.85,UPI,36.6,6,3.9,Delivered
ORD100427,13-11-2025,11:29:15,C1951,Mumbai,Cloud Kitchen,Biryani,367,65.61,UPI,,8.2,,Cancelled
ORD100335,27-12-2025,18:24:45,C1682,Hyderabad,Casual Dining,Biryani,421.79,34.79,Debit Card,28.9,5,5,Delivered
ORD100923,31-07-2025,14:17:00,C2002,Bangalore,Casual Dining,Italian,650.27,52.1,Credit Card,35.7,6.1,3.6,Delivered
ORD101624,22-11-2025,12:36:15,C1301,Bangalore,Cloud Kitchen,North Indian,555.19,20.15,Credit Card,28.7,1.3,4.4,Delivered
ORD100517,01-11-2025,09:09:00,C1502,Bangalore,Cafe,Fast Food,250.43,50.6,UPI,41.5,7.4,4.5,Delivered
ORD102373,10-04-2025,14:32:30,C1670,Hyderabad,Casual Dining,North Indian,652.61,39.41,Debit Card,30.2,4.7,4.6,Delivered
ORD103430,31-12-2025,14:02:15,C1239,Bangalore,Cloud Kitchen,Desserts,432.32,44.27,UPI,33.4,5.7,4.7,Delivered
ORD100507,26-10-2025,21:41:00,C2129,Bangalore,Casual Dining,North Indian,454.33,40.83,UPI,34,3.8,4.6,Delivered
ORD100816,23-07-2025,07:51:00,C2097,Mumbai,Cafe,Chinese,277.45,73.16,Credit Card,,8.6,,Cancelled
ORD100958,05-02-2025,16:32:00,C2054,Kochi,Cloud Kitchen,North Indian,419.73,103.43,UPI,66.9,15,3.4,Delivered
ORD103960,05-04-2025,19:09:30,C1239,Hyderabad,Fast Food,South Indian,235.99,44.61,UPI,38.2,3.2,4.6,Delivered
ORD101291,03-02-2025,17:26:00,C1213,Kochi,Fast Food,Fast Food,181.09,20.85,UPI,16.4,1.2,5,Delivered
ORD100686,04-09-2025,14:28:00,C1929,Hyderabad,Cafe,South Indian,139.21,60.93,UPI,43.6,8.9,4,Delivered
ORD100709,26-09-2025,18:35:00,C1765,Bangalore,Fast Food,Continental,266.04,31.28,UPI,31.2,2.9,4.7,Delivered
ORD102500,01-12-2025,14:42:15,C1913,Chennai,Cafe,South Indian,253.06,40.49,Debit Card,19.3,2.6,4.8,Delivered
ORD100952,20-05-2025,03:50:00,C1337,Hyderabad,Casual Dining,South Indian,434.39,14.95,UPI,20.3,2.3,5,Delivered
ORD104620,13-09-2025,22:38:00,C2127,Bangalore,Casual Dining,Desserts,533.88,80.14,Wallet,55.6,9.6,3.9,Delivered
ORD102399,06-11-2025,11:59:00,C2103,Mumbai,Cloud Kitchen,North Indian,443.04,52.4,UPI,24.5,4.9,4.8,Delivered
ORD103258,01-05-2025,13:00:00,C1990,Mumbai,Fast Food,Fast Food,168.57,14.74,UPI,29.9,3.1,4.7,Delivered
ORD104073,07-05-2025,23:04:30,C1527,Bangalore,Casual Dining,Fast Food,487.32,48.72,Credit Card,44.4,4.5,4.6,Delivered
ORD101510,09-04-2025,18:00:15,C1742,Chennai,Cloud Kitchen,North Indian,412.49,33.02,UPI,24.1,2.3,4.9,Delivered
ORD102365,28-09-2025,12:51:30,C1088,Mumbai,Casual Dining,South Indian,477.14,27.11,Credit Card,24.3,0.9,4.6,Delivered
ORD103822,20-06-2025,14:46:00,C1482,Hyderabad,Fast Food,North Indian,448.86,57.95,Credit Card,33.6,5.8,4.1,Delivered
ORD102177,17-04-2025,10:10:00,C1785,Bangalore,Cafe,South Indian,372.03,56.26,UPI,40.6,7.7,4.5,Delivered
ORD100232,09-08-2025,15:44:30,C1879,Bangalore,Cloud Kitchen,Fast Food,327.73,53.07,UPI,50.4,7.3,4.3,Delivered
ORD100054,12-03-2025,18:19:15,C1069,Hyderabad,Fine Dining,South Indian,90,25.27,UPI,,2.1,4.6,Delivered
ORD104048,12-10-2025,22:04:00,C1070,Bangalore,Fast Food,South Indian,231.25,30.07,UPI,18.7,1.1,4.7,Delivered
ORD101094,11-02-2025,21:53:30,C1164,Bangalore,Cloud Kitchen,Italian,671.46,51.53,Cash,43.8,8.6,4,Delivered
ORD100432,04-07-2025,08:18:00,C1449,Kochi,Fine Dining,North Indian,1053.82,8.62,Credit Card,14.5,0.9,4.5,Delivered
ORD100695,29-12-2025,22:24:30,C2063,Mumbai,Cafe,South Indian,539.19,60.22,UPI,37.9,5.7,4.8,Delivered
ORD100037,25-05-2025,20:14:00,C1368,Chennai,Fine Dining,South Indian,505.25,23.81,UPI,35.3,2.8,4.5,Delivered
ORD104131,10-01-2025,08:00:00,C1503,Chennai,Fast Food,Biryani,293.55,54.87,UPI,30.4,5.7,5,Delivered
ORD103224,16-11-2025,20:45:45,C1918,Hyderabad,Casual Dining,Desserts,337.97,65.36,UPI,61.4,11.2,3.6,Delivered
ORD100049,27-09-2025,08:26:45,C1317,Bangalore,Cloud Kitchen,North Indian,351.72,18.71,Debit Card,,1.5,4.4,Delivered
ORD101301,11-02-2025,17:44:15,C1403,Mumbai,Cafe,North Indian,227.69,33.99,UPI,,2.8,,Cancelled
ORD100463,15-02-2025,20:52:00,C1551,Mumbai,Cloud Kitchen,Chinese,209.25,25.18,UPI,32.4,1.4,3.9,Refunded
ORD100267,02-11-2025,13:00:00,C1455,Bangalore,Casual Dining,Fast Food,604.91,49.46,Wallet,47.3,4.9,4.4,Delivered
ORD104899,05-08-2025,19:22:30,C2019,Chennai,Fast Food,South Indian,221.83,48.71,UPI,46.9,7.6,4.4,Delivered
ORD101220,15-02-2025,12:55:30,C1711,Bangalore,Casual Dining,North Indian,383.81,26.59,UPI,30.4,1.4,4.6,Delivered
ORD104272,04-12-2025,19:06:00,C1389,Hyderabad,Fast Food,Desserts,90,54.79,Wallet,44.2,6.7,4.6,Delivered
ORD104734,01-02-2025,18:01:30,C1446,Mumbai,Cloud Kitchen,Desserts,90,36.34,Credit Card,30,3.1,4.3,Delivered
ORD104457,31-05-2025,16:17:30,C1463,Chennai,Cloud Kitchen,Fast Food,334.89,25.51,Credit Card,40.6,4.8,4.3,Delivered
ORD103277,06-08-2025,22:00:00,C1981,Hyderabad,Cloud Kitchen,Continental,574.58,72.11,Cash,53.9,10.8,4.3,Delivered
ORD104939,03-06-2025,11:22:00,C1006,Chennai,Casual Dining,Biryani,544.2,38.28,Credit Card,26,4.5,4.9,Delivered
ORD100853,31-08-2025,22:12:15,C1385,Hyderabad,Fast Food,North Indian,277.69,57.2,UPI,33.1,6.5,4.3,Delivered
ORD102427,05-02-2025,16:45:45,C1549,Bangalore,Fast Food,Chinese,479.71,55.53,Cash,22.6,3.5,5,Delivered
ORD103190,06-10-2025,10:38:00,C2019,Hyderabad,Cafe,Biryani,222.04,50.7,Credit Card,35.7,6.3,4.1,Delivered
ORD100634,10-05-2025,21:43:15,C1615,Bangalore,Cloud Kitchen,North Indian,408.3,38.92,Wallet,,1.7,,Cancelled
ORD103316,29-10-2025,22:38:45,C1155,Hyderabad,Casual Dining,North Indian,686.5,43.35,Credit Card,,3.9,4.4,Delivered
ORD100438,26-11-2025,12:06:00,C1147,Chennai,Cafe,North Indian,387.69,52.7,Debit Card,44.6,7.4,4.1,Delivered
ORD101159,08-09-2025,14:06:15,C1337,Bangalore,Casual Dining,Biryani,406.14,30.79,Credit Card,17.1,2.7,5,Delivered
ORD104965,06-06-2025,19:52:30,C1053,Hyderabad,Cafe,Chinese,121.88,23.6,Credit Card,34.7,1,4.9,Delivered
ORD101482,11-03-2025,12:25:45,C1613,Hyderabad,Fast Food,Biryani,343.96,64.26,UPI,,7.3,3.9,Delivered
ORD101068,10-09-2025,21:48:45,C1759,Mumbai,Fast Food,Biryani,280.62,77.16,Wallet,67.4,10.8,3.9,Delivered
ORD100838,30-07-2025,14:34:45,C1149,Bangalore,Cloud Kitchen,Italian,512.82,31.78,Debit Card,23.2,2.3,4.7,Delivered
ORD103874,11-12-2025,17:01:00,C1868,Mumbai,Cloud Kitchen,Chinese,582.06,29.1,Debit Card,22,1.6,5,Delivered
ORD102536,27-09-2025,18:04:00,C1128,Hyderabad,Fine Dining,Fast Food,1401.09,16.96,Wallet,23.5,1.4,4.5,Delivered
ORD103751,09-12-2025,22:34:00,C1498,Kochi,Fast Food,Biryani,447.78,37.48,Credit Card,14.3,2.4,4.6,Delivered
ORD100635,02-11-2025,23:36:00,C1267,Hyderabad,Cloud Kitchen,South Indian,246.02,34.9,UPI,23.3,1.9,4.6,Delivered
ORD101399,14-06-2025,11:43:15,C1260,Chennai,Cloud Kitchen,North Indian,411.41,37.79,UPI,37.8,5.4,4.2,Delivered
ORD102913,30-01-2025,19:53:00,C1520,Kochi,Cloud Kitchen,North Indian,521.98,51.95,Cash,49.5,5.9,4.5,Delivered
ORD101067,20-03-2025,22:46:00,C1716,Kochi,Casual Dining,Biryani,496.37,22.63,Cash,13.6,3,5,Delivered
ORD101111,03-08-2025,22:03:00,C1395,Chennai,Casual Dining,South Indian,224.11,27.69,UPI,33.7,0.8,4.8,Delivered
ORD102156,10-05-2025,20:02:00,C1538,Mumbai,Casual Dining,Chinese,756.99,63.55,UPI,41.5,6,4.5,Delivered
ORD101461,13-06-2025,21:15:45,C1626,Chennai,Cloud Kitchen,South Indian,208.86,52.11,Credit Card,,5.2,,Cancelled
ORD103185,12-10-2025,14:48:00,C1748,Mumbai,Fast Food,North Indian,291.29,39.58,UPI,,4.8,,Cancelled
ORD103170,20-06-2025,21:21:00,C1044,Mumbai,Fast Food,North Indian,496.43,53.38,UPI,36.8,4.8,4.1,Delivered
ORD103687,07-03-2025,21:48:00,C1697,Mumbai,Fast Food,South Indian,278.73,55.37,Cash,41.8,4,4.6,Delivered
ORD104600,18-11-2025,19:12:45,C1392,Chennai,Fast Food,South Indian,225.72,39.13,Credit Card,40.6,4,4.5,Delivered
ORD100758,19-10-2025,12:56:30,C1622,Chennai,Fast Food,Biryani,255.56,38.2,Credit Card,36.1,2.6,4.7,Delivered
ORD104511,28-08-2025,17:03:00,C1040,Bangalore,Fast Food,Biryani,540.86,57.23,UPI,49.6,7.8,4,Delivered
ORD102456,15-10-2025,08:29:45,C1275,Hyderabad,Fast Food,Fast Food,246.31,32.15,Credit Card,20.2,3.6,4.5,Delivered
ORD101059,30-03-2025,16:32:45,C1231,Mumbai,Cafe,Fast Food,357.5,28.53,Credit Card,21.8,0.8,4.7,Delivered
ORD101638,05-07-2025,21:33:30,C1162,Bangalore,Cafe,South Indian,384.1,74.45,UPI,,8.6,,Cancelled
ORD100290,30-08-2025,20:21:30,C1848,Hyderabad,Fine Dining,Biryani,459.17,49.25,UPI,61.1,5.6,3.4,Delivered
ORD102197,30-11-2025,20:11:00,C1634,Mumbai,Fast Food,North Indian,431.07,41.53,UPI,37.9,3.3,4.7,Delivered
ORD100524,12-09-2025,09:35:00,C2022,Bangalore,Casual Dining,Desserts,520.84,48.92,UPI,125.8,3.3,5,Delivered
ORD101452,29-04-2025,12:31:15,C1586,Mumbai,Casual Dining,Fast Food,496.16,39.6,Debit Card,48.8,3.7,4.4,Delivered
ORD100329,09-05-2025,21:02:00,C1108,Kochi,Fast Food,Fast Food,283.28,57.41,Credit Card,33.9,5.2,5,Delivered
ORD103441,06-05-2025,21:42:45,C1042,Bangalore,Fast Food,Fast Food,253.75,49.21,UPI,,4.6,,Cancelled
ORD100485,16-10-2025,22:10:15,C1315,Chennai,Cloud Kitchen,Chinese,352.58,26.02,Wallet,22.9,2.7,4.9,Delivered
ORD103927,23-12-2025,13:09:00,C1834,Mumbai,Cafe,Biryani,351.26,53.32,UPI,47.6,6.8,3.7,Delivered
ORD101214,06-01-2025,23:03:30,C1375,Bangalore,Cloud Kitchen,South Indian,636.3,49.99,Wallet,22.8,3.7,4.1,Refunded
ORD103770,14-10-2025,11:13:30,C1043,Kochi,Cafe,Desserts,90,37.9,Debit Card,12.4,1.3,5,Delivered
ORD103137,10-11-2025,14:59:00,C2169,Hyderabad,Fast Food,Biryani,301.22,48.19,UPI,50.2,6.9,4.7,Delivered
ORD103129,23-10-2025,22:37:00,C2095,Hyderabad,Cafe,South Indian,458.59,42.43,UPI,20.9,2,5,Delivered
ORD100114,17-01-2025,15:15:00,C1138,Bangalore,Fast Food,Biryani,286.55,62.07,Debit Card,44.2,7.3,4.1,Delivered
ORD104641,16-11-2025,14:25:15,C2166,Hyderabad,Cloud Kitchen,Biryani,466.34,37.05,Debit Card,24.1,2.3,4.5,Delivered
ORD100487,25-12-2025,13:38:00,C1099,Bangalore,Cloud Kitchen,Chinese,337.94,46.61,UPI,49.9,5.2,4.1,Delivered
ORD101589,05-10-2025,11:04:00,C1456,Bangalore,Casual Dining,South Indian,551.51,38.12,Debit Card,32.1,4.8,5,Delivered
ORD102678,21-11-2025,13:16:30,C1773,Hyderabad,Cafe,Continental,594.46,52.91,Cash,37.2,5.1,5,Delivered
ORD101228,14-12-2025,19:05:15,C1131,Bangalore,Fine Dining,Fast Food,961.96,16.08,Credit Card,48.2,5,4.1,Delivered
ORD104786,20-08-2025,15:58:15,C1674,Hyderabad,Cloud Kitchen,North Indian,244.28,26.01,Cash,20.9,1.7,5,Delivered
ORD102943,19-08-2025,23:31:15,C1988,Bangalore,Cafe,Fast Food,334.8,31.05,Credit Card,35.1,4,5,Delivered
ORD103243,11-04-2025,16:52:00,C1464,Mumbai,Fast Food,Chinese,90,21.29,Credit Card,38.2,2.9,4.2,Delivered
ORD100282,13-08-2025,20:55:15,C1506,Chennai,Cloud Kitchen,Biryani,254.56,33.17,Cash,28,3.5,4.3,Delivered
ORD102434,02-10-2025,21:56:45,C1162,Bangalore,Cloud Kitchen,Italian,382.61,45.66,UPI,26.4,2.4,4.8,Delivered
ORD100099,10-11-2025,17:47:00,C1689,Hyderabad,Casual Dining,Chinese,661.7,29.78,Credit Card,14.5,0.9,5,Delivered
ORD104195,06-05-2025,12:59:00,C1065,Hyderabad,Cloud Kitchen,Chinese,473.11,61.84,Cash,39.8,8,4.2,Delivered
ORD100522,15-09-2025,19:01:30,C1783,Chennai,Cloud Kitchen,South Indian,465.77,25.8,UPI,29,1.5,5,Delivered
ORD100658,21-11-2025,20:09:45,C1264,Bangalore,Casual Dining,Chinese,401.73,28.37,Debit Card,31,2.3,4.1,Delivered
ORD104320,11-05-2025,13:26:45,C1734,Kochi,Cafe,South Indian,137.77,43.83,Cash,37.1,2.2,4.5,Delivered
ORD102082,19-01-2025,20:18:00,C1260,Mumbai,Casual Dining,Biryani,290.79,37.07,Credit Card,47.6,6.5,4.4,Delivered
ORD103746,19-01-2025,16:43:00,C1709,Kochi,Fast Food,Biryani,183.37,27.94,UPI,31,2.7,5,Delivered
ORD102647,17-10-2025,11:42:00,C1475,Hyderabad,Fast Food,Biryani,279.04,49.13,UPI,43.3,5.6,4.4,Delivered
ORD101953,08-06-2025,12:50:30,C1986,Bangalore,Cloud Kitchen,North Indian,478.4,47.09,Debit Card,45.1,5.5,3.8,Delivered
ORD104317,11-11-2025,19:37:30,C1647,Mumbai,Fine Dining,Desserts,804.36,12.05,Cash,32.7,1.1,4.8,Delivered
ORD100450,20-12-2025,07:03:15,C1414,Kochi,Casual Dining,North Indian,613.25,47.27,UPI,27.8,2.2,4.1,Delivered
ORD101040,13-12-2025,23:51:00,C2175,Hyderabad,Cloud Kitchen,North Indian,385.83,35.18,UPI,29.1,2.6,5,Delivered
ORD100205,06-07-2025,12:00:00,C1728,Mumbai,Cloud Kitchen,North Indian,571.17,35.82,Credit Card,31.6,1.2,4.4,Delivered
ORD102973,01-02-2025,14:15:15,C1258,Mumbai,Cafe,Fast Food,199.31,32.4,Cash,25.7,1.9,4.5,Delivered
ORD101237,07-06-2025,14:16:45,C1749,Bangalore,Cafe,North Indian,204.74,48.08,Wallet,37.4,5.1,3.9,Delivered
ORD102756,21-05-2025,20:47:30,C1376,Chennai,Cafe,Desserts,90,60.59,Credit Card,41.6,6,4.2,Delivered
ORD104862,16-02-2025,14:59:00,C1956,Mumbai,Casual Dining,Chinese,384.27,52.85,UPI,34,3.9,4.7,Delivered
ORD102780,23-10-2025,22:50:30,C2165,Bangalore,Fast Food,North Indian,324.25,41.58,Credit Card,29.4,3.7,4.4,Delivered
ORD102807,26-02-2025,17:44:15,C2142,Bangalore,Fast Food,Italian,368.03,45.71,UPI,,2.7,,Cancelled
ORD100719,04-04-2025,13:43:45,C1816,Bangalore,Casual Dining,Fast Food,464.28,40.75,UPI,39.2,3.5,4.2,Delivered
ORD102652,28-04-2025,11:03:00,C1930,Bangalore,Casual Dining,Fast Food,723.62,36.16,UPI,13.5,2.3,5,Delivered
ORD101983,28-04-2025,02:51:15,C1053,Mumbai,Cafe,Fast Food,303.54,31.15,Debit Card,12,0.9,4.9,Delivered
ORD102725,06-11-2025,11:41:30,C1543,Bangalore,Fast Food,South Indian,189.26,28.49,Credit Card,15.2,0.9,4.9,Delivered
ORD102935,07-10-2025,12:28:45,C1336,Kochi,Cloud Kitchen,Fast Food,448.4,24.35,Credit Card,35.9,2.8,5,Delivered
ORD104603,23-10-2025,18:02:45,C2050,Mumbai,Casual Dining,South Indian,967.63,78.5,Credit Card,60.4,13.6,3.5,Delivered
ORD103048,05-03-2025,21:33:45,C2056,Bangalore,Fast Food,South Indian,90,28.98,UPI,37,2.4,4.6,Delivered
ORD100767,11-07-2025,17:52:15,C1449,Hyderabad,Fine Dining,Biryani,763.57,36.44,Wallet,33,5.8,3.9,Delivered
ORD101283,27-11-2025,19:07:30,C1387,Chennai,Casual Dining,South Indian,1077.63,23.26,Cash,34,3.6,3.3,Refunded
ORD100185,01-11-2025,23:37:30,C1717,Chennai,Cloud Kitchen,North Indian,452.42,78.52,Cash,54.7,10.6,4.2,Delivered
ORD104877,29-07-2025,09:31:15,C2016,Bangalore,Fast Food,North Indian,231.02,40.82,UPI,36.6,4.3,4.9,Delivered
ORD102518,19-05-2025,11:47:30,C1370,Hyderabad,Cafe,Continental,438.86,37.21,UPI,23.8,4.5,4.5,Delivered
ORD101997,26-06-2025,08:47:00,C2039,Hyderabad,Casual Dining,Fast Food,466.87,32.19,UPI,39.3,4.6,4.6,Delivered
ORD100914,28-10-2025,18:19:00,C1979,Bangalore,Cloud Kitchen,Italian,438.51,49.5,UPI,33,6.4,4.8,Delivered
ORD103514,13-04-2025,12:12:00,C1810,Hyderabad,Cloud Kitchen,Italian,827.51,26.64,Credit Card,40.5,2.8,4.4,Delivered
ORD100139,11-11-2025,20:07:00,C1626,Bangalore,Casual Dining,South Indian,249.25,45.83,UPI,54.1,5,3.6,Delivered
ORD101183,13-11-2025,21:19:00,C1410,Mumbai,Casual Dining,North Indian,293.46,60.14,Cash,46.2,7.5,4.4,Delivered
ORD104562,13-12-2025,19:19:45,C1969,Chennai,Cafe,Biryani,407.54,43.45,UPI,41.7,5.2,4.4,Delivered
ORD102876,23-08-2025,15:05:00,C1288,Bangalore,Casual Dining,South Indian,193.08,29.96,Debit Card,25.2,3.1,4.6,Delivered
ORD103305,05-03-2025,23:13:30,C2002,Chennai,Cloud Kitchen,Continental,163.11,25.57,Wallet,12,1.1,4.4,Delivered
ORD100204,01-01-2025,22:40:00,C2042,Hyderabad,Cafe,Chinese,235.61,77.89,UPI,39.6,9.2,4.1,Delivered
ORD102826,22-02-2025,13:23:00,C1367,Bangalore,Cloud Kitchen,Biryani,720.12,56.71,UPI,50,4.8,3.9,Delivered
ORD104422,21-04-2025,11:04:45,C1467,Bangalore,Fast Food,Desserts,342.8,64.46,UPI,45.7,7.1,3.7,Delivered
ORD101766,14-09-2025,23:53:00,C1399,Kochi,Casual Dining,North Indian,684.28,21.09,Credit Card,32.1,2.2,4.2,Delivered
ORD104092,07-07-2025,16:18:00,C1413,Chennai,Fine Dining,North Indian,886.79,17.24,Credit Card,24,1,5,Delivered
ORD104791,26-10-2025,11:49:00,C1552,Hyderabad,Casual Dining,Fast Food,354.35,36.08,Debit Card,49.5,7.1,4,Delivered
ORD100127,20-02-2025,20:38:30,C1813,Kochi,Casual Dining,Biryani,439.64,35.62,Cash,24.1,2.4,4.6,Delivered
ORD104184,23-10-2025,21:18:00,C1463,Chennai,Fast Food,Biryani,353.59,39.25,UPI,36.9,5.4,4.5,Delivered
ORD101357,14-08-2025,19:23:00,C1507,Hyderabad,Cafe,Fast Food,90.07,40.26,UPI,27.3,3.5,4.7,Delivered
ORD103393,30-11-2025,19:51:00,C1120,Hyderabad,Cloud Kitchen,South Indian,291.24,26.24,Wallet,36,3.4,4.3,Delivered
ORD102581,12-03-2025,12:03:00,C1575,Mumbai,Fast Food,South Indian,282.81,44.47,UPI,30.9,3.7,4.7,Delivered
ORD102548,04-10-2025,16:42:00,C1999,Bangalore,Casual Dining,Chinese,589.8,38.31,UPI,36.6,3.9,4.3,Delivered
ORD101979,10-02-2025,22:18:00,C1762,Bangalore,Casual Dining,Chinese,382.48,48.29,UPI,39.5,5.7,4.4,Delivered
ORD103845,23-11-2025,13:28:00,C1766,Hyderabad,Cafe,Italian,553.41,38.08,Credit Card,33.6,3.1,4.4,Delivered
ORD104973,27-08-2025,16:41:00,C1708,Mumbai,Fine Dining,Chinese,341.28,48.92,Debit Card,,4.5,,Cancelled
ORD101898,11-07-2025,18:33:00,C1844,Hyderabad,Fast Food,Biryani,327.76,46.39,Credit Card,32.5,4.8,4.2,Delivered
ORD102565,31-07-2025,12:21:00,C1060,Chennai,Fast Food,Fast Food,143.36,54.98,Wallet,69.8,10.9,3.6,Delivered
ORD103850,16-09-2025,10:02:45,C1287,Bangalore,Cafe,Biryani,299.31,34.66,Debit Card,43,3.7,4.3,Delivered
ORD104959,14-05-2025,15:37:30,C1254,Bangalore,Fast Food,Desserts,355.03,53.21,UPI,43.5,5.9,4.2,Delivered
ORD104280,04-09-2025,20:06:00,C1489,Bangalore,Fast Food,Chinese,318.06,58.72,Credit Card,35,4.1,4.2,Delivered
ORD102865,02-04-2025,20:33:45,C1699,Mumbai,Cloud Kitchen,Italian,575.12,46.35,Credit Card,34.5,2.8,4.8,Delivered
ORD101928,17-10-2025,15:16:00,C1009,Chennai,Cloud Kitchen,South Indian,465.53,51.19,Cash,27.6,4.1,4.5,Delivered
ORD104342,11-08-2025,14:31:00,C2127,Kochi,Cloud Kitchen,Fast Food,267.43,27.33,Credit Card,24.2,1.9,5,Delivered
ORD100762,03-02-2025,15:31:15,C1954,Chennai,Cloud Kitchen,Italian,460.62,68.46,UPI,42.3,7.9,4.2,Delivered
ORD100857,20-01-2025,20:15:00,C1443,Bangalore,Fine Dining,North Indian,816.96,22.98,Cash,36.6,2.9,4.6,Delivered
ORD103901,25-10-2025,14:26:45,C1760,Hyderabad,Cafe,Italian,308.26,75.66,UPI,48.2,9.4,4.2,Delivered
ORD104823,13-11-2025,18:30:00,C1578,Hyderabad,Cloud Kitchen,Desserts,261.33,35.63,Credit Card,33.3,5.2,5,Delivered
ORD102870,16-02-2025,17:46:30,C1464,Bangalore,Casual Dining,South Indian,507.31,51,UPI,43.7,6.1,3.6,Delivered
ORD102284,04-08-2025,14:42:00,C1203,Chennai,Cloud Kitchen,South Indian,389.06,43.76,Credit Card,29.9,3.6,4.8,Delivered
ORD104334,06-01-2025,11:20:30,C1435,Hyderabad,Cloud Kitchen,South Indian,598.11,38.8,UPI,26.3,3.4,4.9,Delivered
ORD102606,23-07-2025,20:55:00,C1175,Hyderabad,Fast Food,Chinese,172.99,36.67,Cash,30.3,2.1,4.5,Delivered
ORD102931,04-07-2025,18:05:45,C2139,Bangalore,Cafe,Fast Food,308.08,44.59,Debit Card,28.5,2.9,4.6,Refunded
ORD102765,21-11-2025,10:07:30,C2173,Kochi,Cloud Kitchen,Chinese,533.91,52.16,Cash,40.7,8.3,3.6,Delivered
ORD101876,26-08-2025,14:42:15,C2086,Hyderabad,Cafe,Chinese,310.69,51.79,Cash,21.1,2.3,4.7,Delivered
ORD102527,13-09-2025,13:57:30,C1099,Bangalore,Cloud Kitchen,North Indian,504.86,36.36,Debit Card,33.4,3.5,3.7,Delivered
ORD100833,31-01-2025,19:26:00,C1589,Bangalore,Fast Food,Chinese,201.06,51.9,UPI,31.6,4.5,4.7,Delivered
ORD100242,13-11-2025,18:58:00,C2009,Hyderabad,Fine Dining,Italian,1825.77,15.93,UPI,39.4,5.5,4.1,Delivered
ORD104315,11-10-2025,09:46:30,C1873,Kochi,Cloud Kitchen,South Indian,358.5,25.58,Debit Card,23.8,2,4.8,Delivered
ORD101904,12-10-2025,21:36:30,C1738,Hyderabad,Casual Dining,Biryani,286.62,41.93,Wallet,42.8,3.5,4.2,Delivered
ORD104754,02-09-2025,10:51:00,C1153,Bangalore,Fast Food,Biryani,277.56,13.94,UPI,22.6,1.2,4.6,Delivered
ORD100352,02-08-2025,12:59:00,C1983,Chennai,Fine Dining,South Indian,984.3,33.52,Credit Card,40.2,4.5,3.7,Refunded
ORD101602,08-10-2025,16:40:00,C1482,Chennai,Fast Food,South Indian,397.99,36.5,Debit Card,26,4.3,4.3,Delivered
ORD102057,28-05-2025,19:36:00,C1147,Chennai,Casual Dining,North Indian,180.46,50.57,Debit Card,39.7,6.7,3.7,Delivered
ORD102030,17-12-2025,19:24:15,C1497,Hyderabad,Cloud Kitchen,Chinese,454.8,42.21,UPI,36.8,1.5,4.8,Delivered
ORD104122,23-08-2025,23:40:00,C2080,Hyderabad,Fine Dining,North Indian,864.46,17.63,Cash,33.1,2.3,4.6,Delivered
ORD102102,24-09-2025,11:06:00,C2078,Chennai,Cloud Kitchen,North Indian,446.58,36.27,UPI,38.4,5.1,3.8,Delivered
ORD101135,17-04-2025,07:51:30,C1622,Hyderabad,Casual Dining,North Indian,492.37,81.91,UPI,45.1,11.1,4.5,Delivered
ORD103866,01-11-2025,12:39:15,C1654,Mumbai,Casual Dining,North Indian,1012.43,15.46,Credit Card,40,2.3,4.2,Delivered
ORD102357,10-05-2025,14:07:45,C2193,Kochi,Cloud Kitchen,North Indian,772.74,39.59,UPI,42,5,4.4,Delivered
ORD100303,22-12-2025,21:36:00,C2116,Mumbai,Fast Food,Biryani,364.49,51,Cash,40.5,5.2,4.6,Delivered
ORD104447,04-02-2025,18:13:00,C1307,Bangalore,Cafe,North Indian,363.64,64.59,Wallet,47.2,7.4,3.9,Delivered
ORD101687,26-08-2025,19:51:15,C2169,Chennai,Cafe,North Indian,341.56,41.52,Debit Card,23.2,2.1,5,Delivered
ORD101302,21-02-2025,20:36:15,C1485,Hyderabad,Fine Dining,Biryani,774.8,19.64,Cash,38.7,1.6,4.8,Delivered
ORD103675,30-03-2025,16:00:45,C1514,Bangalore,Cloud Kitchen,Fast Food,263.28,46.31,Credit Card,34.5,6,4.4,Delivered
ORD104510,13-09-2025,21:56:15,C1878,Hyderabad,Fine Dining,South Indian,590.52,35.75,UPI,30.9,3.8,4.7,Delivered
ORD102446,31-07-2025,09:04:15,C1214,Bangalore,Cafe,South Indian,223.06,42.19,Credit Card,40.2,5.5,4.2,Delivered
ORD101963,14-08-2025,22:25:00,C1184,Bangalore,Cloud Kitchen,Fast Food,440.32,50.91,Cash,44.3,5.6,4.2,Delivered
ORD102135,30-08-2025,22:42:30,C1042,Hyderabad,Cloud Kitchen,South Indian,192.6,44.37,UPI,37.1,5.2,4.1,Delivered
ORD102217,15-02-2025,11:50:15,C1723,Bangalore,Cafe,South Indian,303.23,42.26,Debit Card,43.2,3,4.3,Delivered
ORD102577,20-10-2025,09:00:30,C1554,Bangalore,Cafe,Chinese,204.38,28.04,UPI,26,1.5,4.7,Delivered
ORD100779,10-08-2025,17:05:45,C1299,Mumbai,Fast Food,North Indian,457.67,61.86,UPI,47.8,9.9,4.2,Delivered
ORD100629,15-02-2025,11:11:00,C1042,Mumbai,Cloud Kitchen,North Indian,534.74,45.21,UPI,48,7,4,Delivered
ORD104541,01-07-2025,21:00:00,C1113,Bangalore,Casual Dining,Chinese,579.8,18.32,Credit Card,37.3,1.9,4.5,Delivered
ORD103442,17-01-2025,14:28:00,C1695,Kochi,Fine Dining,Italian,1698.23,0,UPI,14.8,1.9,4.5,Delivered
ORD104206,01-03-2025,15:20:15,C2101,Chennai,Cloud Kitchen,North Indian,259.72,22.63,Credit Card,35.9,1.7,4,Delivered
ORD100694,23-02-2025,13:57:00,C2041,Chennai,Cafe,North Indian,278.38,51.1,UPI,43.8,6.8,4.3,Delivered
ORD104196,04-03-2025,20:11:45,C2111,Hyderabad,Fast Food,South Indian,176.74,29.26,UPI,18.7,2.5,4.9,Delivered
ORD101730,09-03-2025,19:55:45,C1454,Bangalore,Fast Food,North Indian,360.36,47.38,Cash,44,4.2,4.4,Delivered
ORD104816,08-10-2025,14:59:30,C1764,Kochi,Casual Dining,North Indian,801,11.77,Cash,28.2,3.1,5,Delivered
ORD103698,18-10-2025,11:57:30,C1376,Kochi,Fast Food,North Indian,183.82,43.51,UPI,26.7,6.2,4.8,Delivered
ORD103459,08-07-2025,22:13:30,C1934,Bangalore,Cloud Kitchen,Biryani,217.89,55.3,UPI,35.4,5.7,4.4,Delivered
ORD104496,14-07-2025,19:18:15,C1238,Bangalore,Fast Food,North Indian,366.48,40.81,Credit Card,38.7,5,4.4,Delivered
ORD101813,29-06-2025,08:12:15,C1178,Kochi,Cloud Kitchen,North Indian,353.68,39.61,UPI,37.3,2.5,4.2,Delivered
ORD102584,27-03-2025,19:13:30,C1842,Hyderabad,Cloud Kitchen,Chinese,277.48,21.82,Wallet,30.1,2.7,,Delivered
ORD104513,13-08-2025,20:53:15,C1954,Bangalore,Cafe,Biryani,248.17,28.64,Wallet,22.7,1.6,4.5,Delivered
ORD101682,08-02-2025,21:47:45,C1046,Mumbai,Casual Dining,Biryani,304.73,46.67,UPI,,3.5,,Cancelled
ORD102504,25-05-2025,15:02:15,C1062,Chennai,Fast Food,South Indian,365.89,27.17,UPI,30.1,1.8,4.6,Delivered
ORD100662,30-11-2025,14:11:00,C1545,Hyderabad,Fast Food,North Indian,186.15,21.09,Cash,16.2,1.3,4.8,Delivered
ORD101422,07-04-2025,10:14:30,C1535,Chennai,Fast Food,North Indian,300.33,34.58,Cash,23.8,2.4,5,Delivered
ORD104828,28-01-2025,14:15:00,C1548,Bangalore,Casual Dining,Biryani,456.98,31.65,UPI,31.4,5.2,4.7,Delivered
ORD102509,30-12-2025,21:54:00,C1525,Bangalore,Casual Dining,North Indian,431.67,59.06,UPI,56.4,5.8,3.7,Delivered
ORD103395,26-05-2025,20:17:45,C1519,Bangalore,Cloud Kitchen,North Indian,651.66,43.99,Wallet,33.2,3.2,4.1,Delivered
ORD103447,19-06-2025,11:01:00,C2092,Kochi,Fine Dining,North Indian,1630.85,6.37,Cash,30.2,3.9,4.4,Delivered
ORD104678,08-08-2025,11:12:15,C1153,Mumbai,Cloud Kitchen,North Indian,377.32,27.95,Credit Card,12,2.4,4.9,Delivered
ORD100915,19-03-2025,14:26:15,C1286,Bangalore,Cafe,Biryani,354.03,41.18,UPI,28.7,3.5,4.3,Delivered
ORD104584,17-02-2025,16:45:00,C2089,Bangalore,Cloud Kitchen,South Indian,231.79,50.11,Debit Card,50.9,6.3,4.2,Delivered
ORD101198,04-06-2025,18:07:00,C1735,Mumbai,Cafe,Chinese,381.05,22.7,UPI,29.8,2.1,4.6,Delivered
ORD100910,19-06-2025,21:48:30,C2020,Mumbai,Fast Food,Biryani,420.56,44.11,Cash,43.1,4.4,4.2,Delivered
ORD104683,08-03-2025,19:26:30,C1739,Hyderabad,Casual Dining,Biryani,572.65,34.72,UPI,39.8,0.8,3.9,Delivered
ORD104412,03-01-2025,06:11:00,C1413,Hyderabad,Cafe,South Indian,238.13,31.44,UPI,40.8,5.1,4.4,Delivered
ORD102242,16-01-2025,22:19:00,C1811,Chennai,Fast Food,Fast Food,178.17,29.44,Cash,35.4,6.5,4.2,Delivered
ORD103008,09-03-2025,07:14:00,C2187,Bangalore,Fast Food,Italian,342.63,44.51,Credit Card,37.1,6,4.3,Delivered
ORD102621,17-03-2025,12:43:00,C1269,Kochi,Fast Food,Biryani,91.68,47.27,Credit Card,45,7.1,4.4,Delivered
ORD103818,03-06-2025,11:46:30,C1419,Bangalore,Cloud Kitchen,Biryani,197.32,54.64,UPI,45.7,8.2,4,Delivered
ORD104500,15-07-2025,14:49:00,C2129,Hyderabad,Cloud Kitchen,Fast Food,104.08,63.42,Cash,50.2,10.5,4.4,Delivered
ORD104712,25-04-2025,12:04:00,C1627,Mumbai,Fine Dining,Continental,589.89,61.56,Cash,,7.1,,Cancelled
ORD101989,05-02-2025,14:24:45,C1508,Chennai,Cafe,Chinese,526.44,28.49,UPI,22.9,1.3,5,Delivered
ORD101658,06-01-2025,23:47:45,C1884,Hyderabad,Fast Food,North Indian,90,39.63,UPI,31.2,4.7,4.6,Delivered
ORD100649,30-05-2025,16:01:00,C2198,Bangalore,Casual Dining,Chinese,602.67,38.98,Wallet,23.1,4.2,4.4,Delivered
ORD102088,18-09-2025,11:12:00,C1579,Mumbai,Fast Food,Continental,207.73,71.58,Credit Card,38.7,6.5,4.1,Delivered
ORD104059,01-12-2025,07:16:00,C1418,Chennai,Cafe,Fast Food,296.1,21.24,Debit Card,22.8,0.6,4.6,Delivered
ORD104357,17-11-2025,18:30:45,C1678,Mumbai,Cloud Kitchen,Continental,546.04,26.88,Credit Card,21.3,2.6,4.2,Delivered
ORD103905,05-12-2025,11:51:00,C2067,Bangalore,Cloud Kitchen,North Indian,449.34,57,Cash,44.5,6.3,4.1,Delivered
ORD103568,10-06-2025,12:49:15,C1688,Bangalore,Cloud Kitchen,South Indian,466.99,33,UPI,30.7,3.6,4.8,Delivered
ORD101505,06-11-2025,21:44:00,C1853,Bangalore,Fast Food,South Indian,227.46,38.89,UPI,33.9,4.4,4.8,Delivered
ORD104889,21-01-2025,16:20:30,C1733,Bangalore,Cloud Kitchen,Fast Food,370.9,49.59,UPI,35.3,3.9,4.3,Delivered
ORD103872,10-03-2025,12:57:30,C1344,Bangalore,Casual Dining,Continental,473.72,39.17,Cash,47.2,5,4.1,Delivered
ORD102757,14-09-2025,17:31:45,C1957,Hyderabad,Casual Dining,North Indian,689.67,48.85,Cash,40.6,7,,Delivered
ORD101271,08-09-2025,17:48:30,C1076,Mumbai,Fast Food,Biryani,90,39.94,UPI,37.5,5.1,5,Delivered
ORD102939,17-05-2025,21:18:00,C1773,Bangalore,Fine Dining,,1327.53,8.55,Wallet,44.9,5,4,Delivered
ORD100198,26-11-2025,02:16:15,C1103,Bangalore,Fast Food,South Indian,384.68,42.08,UPI,39.1,2.9,4.5,Delivered
ORD104015,08-11-2025,12:53:00,C1825,Hyderabad,Cloud Kitchen,Italian,621.88,19.61,Cash,28.5,3.7,4.4,Delivered
ORD103711,05-02-2025,09:02:15,C1749,Kochi,Casual Dining,South Indian,196.81,23.4,UPI,12,2.9,4.8,Delivered
ORD100843,19-04-2025,16:14:45,C1341,Bangalore,Casual Dining,Italian,702.21,91.93,Debit Card,,15,,Cancelled
ORD104817,27-02-2025,18:22:00,C1774,Bangalore,Fast Food,Fast Food,181.01,32.35,UPI,25.4,3.7,5,Delivered
ORD104204,21-09-2025,18:52:00,C2168,Mumbai,Cloud Kitchen,Biryani,161.17,24.49,Wallet,17.6,1.6,,Delivered
ORD101254,16-07-2025,10:20:00,C1653,Mumbai,Cafe,Chinese,247.64,106.99,UPI,64.6,15,4,Delivered
ORD100209,29-05-2025,19:45:45,C1365,Hyderabad,Fine Dining,North Indian,830.5,18.28,UPI,36.8,4.1,3.8,Delivered
ORD101967,21-04-2025,14:57:45,C1033,Bangalore,Cloud Kitchen,South Indian,432.98,51.79,Cash,22.6,4.3,4.7,Delivered
ORD103665,24-06-2025,22:43:00,C1491,Bangalore,Cloud Kitchen,Chinese,261.45,38.79,Debit Card,20.8,3.6,,Delivered
ORD102930,21-03-2025,14:29:00,C1857,Mumbai,Cloud Kitchen,Biryani,520.99,44.67,Debit Card,31.3,3.8,4.5,Delivered
ORD102334,10-01-2025,17:08:45,C1279,Chennai,Fine Dining,Desserts,1211.98,0,Debit Card,,2.2,,Cancelled
ORD100523,14-03-2025,13:28:00,C1695,Bangalore,Cafe,Desserts,400.79,51.29,UPI,53.9,6.3,3.9,Delivered
ORD102988,26-06-2025,20:31:00,C1377,Chennai,Casual Dining,North Indian,402.83,53.09,UPI,45.9,4.9,3.9,Refunded
ORD104244,29-09-2025,19:11:30,C1906,Hyderabad,Fine Dining,South Indian,1260.68,25.93,Credit Card,49,5.4,4.1,Delivered
ORD102953,31-05-2025,13:54:45,C1003,Bangalore,Cafe,Chinese,221.28,27.85,UPI,34.8,0.9,4,Delivered
ORD101659,05-08-2025,13:20:30,C1572,Kochi,Casual Dining,South Indian,833.25,40.79,UPI,50,5.2,,Delivered
ORD104138,15-02-2025,19:13:00,C1444,Hyderabad,Casual Dining,Chinese,809.69,44.89,Debit Card,50.7,6.2,3.9,Refunded
ORD102624,03-07-2025,19:15:45,C2037,Kochi,Fast Food,North Indian,282.74,42.67,Credit Card,40.5,4.9,4.3,Delivered
ORD104534,26-06-2025,13:09:00,C2044,Mumbai,Casual Dining,Chinese,496.31,30.82,Wallet,30.1,1.3,4.8,Delivered
ORD101601,12-11-2025,18:46:45,C1400,Bangalore,Cloud Kitchen,Biryani,457.39,42.72,UPI,46.9,6.5,4.3,Delivered
ORD103708,12-10-2025,10:26:15,C1678,Hyderabad,Cafe,North Indian,368.47,38.74,UPI,22.5,2.5,4.9,Delivered
ORD100528,01-09-2025,17:09:15,C1299,Hyderabad,Casual Dining,South Indian,803.47,28.87,Credit Card,37.3,3.7,4.3,Delivered
ORD103542,15-10-2025,18:40:00,C1341,Bangalore,Fast Food,North Indian,316.47,29.75,Cash,25.7,1.8,4.5,Delivered
ORD100736,17-05-2025,17:05:45,C1653,Mumbai,Cloud Kitchen,South Indian,535.67,36.64,UPI,29.7,2.5,4.8,Delivered
ORD101165,12-01-2025,10:19:00,C1858,Mumbai,Cloud Kitchen,Biryani,450.93,28.84,Cash,41.1,5.2,3.6,Delivered
ORD101492,23-11-2025,07:29:00,C1516,Chennai,Cafe,Continental,261.19,48.67,Debit Card,45.4,7.1,3.7,Delivered
ORD103685,27-08-2025,11:23:00,C1677,Chennai,Cloud Kitchen,North Indian,623.54,34.45,Debit Card,23.9,2.9,4.1,Delivered
ORD102328,12-02-2025,21:14:00,C1538,Kochi,Cloud Kitchen,Continental,333.15,50.44,Credit Card,45.2,6.5,4,Delivered
ORD101857,09-11-2025,13:47:00,C1570,Mumbai,Fast Food,Chinese,239.08,53.28,UPI,55,9.2,3.7,Delivered
ORD103257,28-08-2025,19:19:00,C1584,Mumbai,Cafe,Chinese,271.9,33.97,UPI,39.6,3.4,5,Delivered
ORD103386,16-01-2025,01:38:00,C1391,Bangalore,Fine Dining,Biryani,1417.71,46.94,UPI,52.6,9,4,Delivered
ORD104438,23-09-2025,16:31:15,C1952,Bangalore,Fast Food,Biryani,199.79,35.35,UPI,37.4,4.1,4.1,Delivered
ORD100341,27-03-2025,13:11:00,C1315,Bangalore,Fast Food,Continental,312.51,25.09,Credit Card,39.6,3.3,4.3,Delivered
ORD103609,21-08-2025,16:45:30,C1376,Chennai,Casual Dining,North Indian,597.05,64.96,UPI,51,9,4.3,Delivered
ORD104001,20-10-2025,22:37:45,C1675,Mumbai,Fast Food,South Indian,293.58,27.64,UPI,26,1.7,4.5,Delivered
ORD101630,23-07-2025,08:04:45,C1823,Chennai,Cloud Kitchen,Continental,218.21,23.97,Credit Card,26.8,1.3,4.3,Delivered
ORD103142,14-06-2025,18:42:30,C1660,Bangalore,Fine Dining,Chinese,1385.55,14.16,UPI,23.8,2.4,4.9,Delivered
ORD102789,15-11-2025,20:41:00,C1916,Chennai,Cafe,North Indian,318.59,33.78,UPI,45,3,4.3,Delivered
ORD103109,27-11-2025,21:13:00,C1146,Hyderabad,Casual Dining,Desserts,90,23.64,Credit Card,22.4,1.4,5,Delivered
ORD102869,17-02-2025,12:01:00,C1606,Chennai,Cafe,Italian,315.09,52.63,Credit Card,32.2,3,4,Delivered
ORD104079,27-07-2025,20:01:45,C1951,Chennai,Fast Food,North Indian,376.52,59.37,Debit Card,34.6,4.3,4,Delivered
ORD102210,02-06-2025,16:59:15,C1500,Bangalore,Cloud Kitchen,Desserts,291.1,33.51,UPI,27.3,3,4.5,Delivered
ORD102891,12-01-2025,09:19:00,C1151,Chennai,Cloud Kitchen,Fast Food,292.08,42.82,UPI,40.3,3.9,3.9,Delivered
ORD101896,12-09-2025,21:15:00,C1054,Chennai,Fast Food,Italian,254.03,28.85,UPI,26.1,2.4,4.8,Delivered
ORD101081,19-02-2025,22:14:00,C1013,Hyderabad,Fast Food,South Indian,334.84,19.78,UPI,26,1.6,4.7,Delivered
ORD102791,13-01-2025,22:14:30,C1298,Bangalore,Casual Dining,Italian,760.05,40.33,Cash,20,5.1,4.7,Delivered
ORD102648,02-12-2025,21:08:30,C1771,Hyderabad,Cafe,North Indian,357.94,42.48,Wallet,28.1,3.4,4.6,Delivered
ORD103680,13-11-2025,22:44:00,C1320,Chennai,Casual Dining,Fast Food,796.63,55.3,Wallet,28.5,7.2,4.7,Delivered
ORD101684,04-01-2025,14:41:00,C1312,Hyderabad,Fast Food,North Indian,324.6,42.59,Credit Card,42.3,4,3.6,Delivered
ORD100318,22-05-2025,16:03:00,C1543,Bangalore,Fast Food,Continental,252.14,46.85,UPI,35.6,5.8,4.4,Delivered
ORD103203,09-11-2025,18:50:00,C1541,Mumbai,Cloud Kitchen,Fast Food,265.92,42.08,Wallet,40.2,4.7,4.2,Delivered
ORD102543,07-03-2025,21:52:00,C1884,Kochi,Fast Food,North Indian,300.35,29.71,Debit Card,33,3.4,4.5,Delivered
ORD103745,30-10-2025,19:27:45,C1712,Hyderabad,Casual Dining,Biryani,434.61,38.66,Credit Card,41.9,3.8,3.8,Delivered
ORD101752,28-04-2025,11:59:15,C1029,Bangalore,Fast Food,South Indian,270.9,63.88,UPI,,7.2,,Cancelled
ORD102423,17-01-2025,09:56:45,C1260,Bangalore,Casual Dining,Desserts,376.71,34.35,Wallet,14.1,0.9,4.8,Delivered
ORD101753,12-09-2025,15:25:15,C1842,Mumbai,Cloud Kitchen,North Indian,606.05,51.56,UPI,27.9,3.9,4.6,Delivered
ORD104427,20-08-2025,09:20:00,C1807,Mumbai,Casual Dining,Continental,712.02,68.61,UPI,45.8,6.9,4,Delivered
ORD104028,24-07-2025,14:45:00,C1205,Mumbai,Fast Food,Chinese,330.49,32.16,Wallet,40.7,2.9,4.1,Delivered
ORD100994,13-01-2025,14:07:00,C1706,Mumbai,Fast Food,Biryani,201.47,44.26,UPI,39.2,6.6,4.3,Delivered
ORD101962,06-07-2025,14:20:00,C1136,Hyderabad,Cafe,Fast Food,387.31,29.42,Cash,12,1.4,4.6,Delivered
ORD104466,17-11-2025,16:29:00,C1092,Bangalore,Cloud Kitchen,Fast Food,109.54,41.35,Debit Card,20.4,4.8,4.5,Delivered
ORD104648,11-09-2025,20:11:45,C2050,Chennai,Fast Food,Italian,303.39,30.31,UPI,20.9,2,5,Delivered
ORD100682,28-07-2025,17:46:30,C1348,Bangalore,Fast Food,Desserts,396.45,26.86,UPI,20.6,1.7,4.3,Refunded
ORD101157,12-05-2025,13:26:15,C1119,Mumbai,Casual Dining,Desserts,634.39,38.81,Credit Card,45,2.6,4.3,Delivered
ORD100598,21-09-2025,21:22:00,C1824,Mumbai,Fast Food,North Indian,412.75,43.52,UPI,50.6,3.1,4.4,Delivered
ORD102842,28-08-2025,10:43:00,C1734,Mumbai,Fast Food,Fast Food,247.17,48.58,UPI,39.3,4,4.8,Delivered
ORD100864,19-02-2025,11:02:00,C1114,Hyderabad,Fast Food,Chinese,212.64,41.96,Cash,25.8,2,4.8,Delivered
ORD103793,09-04-2025,22:54:00,C1167,Bangalore,Fast Food,South Indian,317.36,43.18,Cash,30.4,5,4.7,Delivered
ORD100200,09-03-2025,08:06:15,C1989,Mumbai,Cafe,North Indian,506.1,6.7,UPI,33.6,1,5,Delivered
ORD103629,12-07-2025,19:05:00,C1618,Hyderabad,Casual Dining,Chinese,596.56,45.86,UPI,41,5.5,4.2,Delivered
ORD104751,12-10-2025,20:09:00,C1110,Bangalore,Cafe,Continental,425.36,37.98,UPI,30.9,2.9,4.4,Delivered
ORD104804,07-12-2025,15:53:00,C1729,Mumbai,Cloud Kitchen,South Indian,417.37,32.28,Debit Card,26.7,2.1,4.3,Delivered
ORD101072,21-10-2025,22:00:30,C1937,Chennai,Cafe,North Indian,465.65,48.85,UPI,35.2,4.9,3.9,Delivered
ORD100872,30-10-2025,19:27:45,C1545,Bangalore,Cafe,Italian,568.41,52.73,UPI,48.9,4.8,3.7,Delivered
ORD104760,28-04-2025,01:49:45,C1588,Chennai,Cloud Kitchen,Italian,580.49,52.83,Cash,38.8,7.9,4.1,Delivered
ORD102761,19-11-2025,17:04:00,C2106,Bangalore,Cloud Kitchen,Biryani,423.5,40.12,Credit Card,42.6,5.1,4.2,Delivered
ORD104485,19-10-2025,14:59:30,C1339,Hyderabad,Fast Food,Continental,261.09,24.94,Credit Card,19.8,2.1,4.7,Delivered
ORD104564,23-09-2025,13:46:15,C1153,Chennai,Casual Dining,Desserts,889.28,23.66,Credit Card,32.2,2.1,4.7,Delivered
ORD100396,28-09-2025,22:04:00,C1855,Kochi,Fast Food,Biryani,264.04,30.1,Debit Card,23.3,3.8,4.9,Delivered
ORD103485,18-05-2025,16:25:45,C1201,Bangalore,Fast Food,North Indian,184.73,35.29,UPI,38.5,5,4.3,Delivered
ORD103914,02-12-2025,10:38:45,C1184,Bangalore,Fast Food,North Indian,143.47,27.43,Cash,27.3,1.7,5,Delivered
ORD100266,16-06-2025,17:27:45,C1663,Hyderabad,Cafe,North Indian,239.72,35.61,Cash,,2.6,,Cancelled
ORD101257,12-06-2025,18:28:00,C1503,Chennai,Fast Food,Biryani,305.09,31.12,Cash,,3.6,4.6,Delivered
ORD103933,12-06-2025,20:38:00,C1835,Hyderabad,Fast Food,Continental,219.88,22.45,Wallet,21,2.5,4.7,Delivered
ORD100756,09-09-2025,22:56:00,C2043,Kochi,Fast Food,North Indian,187.19,53.69,Credit Card,41.3,7.4,4.5,Delivered
ORD102700,17-02-2025,20:13:45,C1953,Hyderabad,Cloud Kitchen,Biryani,292.99,53.82,UPI,34.8,4.6,4.7,Delivered
ORD104305,09-07-2025,21:56:15,C1524,Chennai,Cafe,Fast Food,422.31,30.55,Wallet,26,2.2,4.3,Refunded
ORD104354,07-03-2025,00:38:00,C1545,Bangalore,Cloud Kitchen,Fast Food,232.87,50.43,UPI,38.6,5.2,4.6,Delivered
ORD101289,30-05-2025,13:05:00,C1534,Mumbai,Cafe,Italian,360.88,25.38,Credit Card,28.6,2.3,4.5,Delivered
ORD104680,27-09-2025,21:26:00,C2160,Mumbai,Cloud Kitchen,Fast Food,329.47,58.93,UPI,47.2,5.7,4,Delivered
ORD104923,13-03-2025,15:04:00,C1960,Chennai,Casual Dining,North Indian,644.17,35.58,UPI,22.8,2.4,5,Delivered
ORD103344,28-01-2025,11:01:30,C1819,Hyderabad,Cloud Kitchen,South Indian,359.39,39.37,Cash,30.7,4.8,4.7,Delivered
ORD102479,17-04-2025,16:04:45,C1827,Hyderabad,Cafe,Italian,281.57,40.36,Wallet,30.8,2.1,4.8,Delivered
ORD104744,17-10-2025,12:34:45,C1683,Mumbai,Fast Food,Biryani,204.8,52.52,Credit Card,53.4,5.5,3.8,Delivered
ORD103703,01-09-2025,19:40:15,C1906,Bangalore,Casual Dining,North Indian,501.82,32.2,Cash,41.2,3.2,4.4,Delivered
ORD103359,02-04-2025,12:30:00,C1355,Bangalore,Fast Food,Fast Food,298.73,45.48,Cash,44.9,5.6,4.4,Delivered
ORD100746,10-11-2025,13:21:45,C1765,Mumbai,Cloud Kitchen,Chinese,441.22,46.38,Wallet,39.5,3.9,5,Delivered
ORD101364,07-07-2025,20:08:45,C1778,Mumbai,Casual Dining,Fast Food,179.67,24.03,Debit Card,,2.1,,Cancelled
ORD100122,19-11-2025,18:13:30,C1934,Chennai,Cafe,Biryani,313.58,40.61,Debit Card,24.6,4.2,4.7,Delivered
ORD103010,13-12-2025,08:16:15,C2146,Chennai,Fast Food,Chinese,399.25,50.62,Wallet,,4.9,,Cancelled
ORD100082,20-11-2025,12:18:15,C1004,Hyderabad,Fast Food,Chinese,400.68,41.76,Debit Card,33.1,4.5,4.8,Delivered
ORD104481,03-03-2025,21:51:00,C1317,Mumbai,Casual Dining,South Indian,338.77,21.15,UPI,,1.8,,Cancelled
ORD101742,16-05-2025,19:43:45,C1954,Mumbai,Casual Dining,Fast Food,609.82,22.31,UPI,24.8,1.2,4.7,Delivered
ORD101161,06-02-2025,18:58:00,C1165,Chennai,Fast Food,Desserts,119.78,50.1,UPI,32.2,5.1,4.8,Delivered
ORD102888,02-02-2025,23:55:30,C1660,Bangalore,Cafe,Italian,421.19,45.64,UPI,51.6,6.9,3.9,Delivered
ORD103110,05-07-2025,11:14:00,C1305,Chennai,Cloud Kitchen,South Indian,386.82,42.57,Wallet,29.9,2.2,3.9,Delivered
ORD104573,22-07-2025,19:47:00,C1220,Bangalore,Cafe,South Indian,318.52,30.54,Credit Card,39.8,1.4,5,Delivered
ORD103073,06-12-2025,14:12:15,C1497,Kochi,Fine Dining,North Indian,1066.34,19.49,UPI,,4.1,,Cancelled
ORD101744,16-09-2025,06:55:00,C1262,Chennai,Fine Dining,North Indian,544.53,31.42,Credit Card,20.5,2.2,5,Delivered
ORD102803,02-01-2025,16:26:00,C1811,Chennai,Cafe,Chinese,254.48,29.48,Cash,14.7,3.1,4.8,Delivered
ORD102378,23-12-2025,11:23:00,C1426,Hyderabad,Fast Food,Biryani,182.85,31.18,Credit Card,20.5,2.1,4.6,Delivered
ORD103587,20-04-2025,20:44:15,C1449,Hyderabad,Casual Dining,North Indian,702.2,25.87,Credit Card,,1.4,,Cancelled
ORD104140,27-11-2025,19:46:00,C1506,Bangalore,Cafe,Biryani,338.19,56.39,UPI,49.3,7.3,4.3,Delivered
ORD100519,25-09-2025,23:25:30,C1115,Bangalore,Fast Food,Biryani,227.24,76.57,Credit Card,51,9.2,3.9,Delivered
ORD102042,01-09-2025,22:00:00,C1915,Hyderabad,Fine Dining,Continental,1081.33,41.64,UPI,51.5,9.6,4.1,Delivered
ORD100995,26-09-2025,21:46:00,C1750,Hyderabad,Casual Dining,Fast Food,647.36,41.73,Credit Card,30.4,3.3,,Delivered
ORD104349,07-02-2025,13:12:00,C1602,Mumbai,Fast Food,North Indian,166.56,57.29,UPI,57.2,7.9,4.2,Delivered
ORD102093,28-12-2025,19:50:00,C1261,Mumbai,Fast Food,Continental,435.19,36.88,Wallet,49.3,4.2,3.8,Delivered
ORD101649,08-01-2025,22:57:15,C2106,Mumbai,Fast Food,Chinese,165.96,33.36,UPI,23.5,2.8,5,Delivered
ORD103699,09-03-2025,20:12:30,C1237,Mumbai,Fine Dining,Biryani,722.49,48.39,Cash,65.6,8.9,3.2,Delivered
ORD104502,31-01-2025,20:55:45,C1525,Bangalore,Fast Food,Italian,141.56,53.99,UPI,41.1,6.2,4.3,Delivered
ORD100551,31-12-2025,19:42:45,C1422,Mumbai,Fast Food,Chinese,193.41,40.57,UPI,42.6,4,3.8,Delivered
ORD104636,14-07-2025,21:43:00,C1406,Bangalore,Fast Food,Fast Food,228.98,29.34,Cash,45,2.4,4.1,Delivered
ORD102368,21-12-2025,13:26:15,C1870,Hyderabad,Cafe,Chinese,313.3,50.51,UPI,64.7,7.2,3.5,Delivered
ORD103416,14-04-2025,13:04:00,C1341,Mumbai,Cafe,Biryani,303.63,91.21,Cash,,15,,Cancelled
ORD104292,30-04-2025,20:57:00,C1726,Bangalore,Fast Food,Biryani,418.56,32.33,Debit Card,32.3,1,4.9,Delivered
ORD101235,29-07-2025,15:19:30,C1867,Bangalore,Fast Food,Chinese,370.82,28.73,Debit Card,22.6,1.8,4.8,Delivered
ORD103885,19-06-2025,18:49:00,C2165,Bangalore,Cafe,Biryani,138.53,69.73,Wallet,34,8.4,4.3,Delivered
ORD103016,15-12-2025,22:10:30,C1338,Chennai,Casual Dining,North Indian,439.94,15.59,Debit Card,12,0.7,5,Delivered
ORD101070,12-07-2025,23:34:15,C1350,Hyderabad,Casual Dining,Fast Food,90,26.6,UPI,26.5,2.9,4.9,Delivered
ORD101517,20-09-2025,15:24:45,C2181,Bangalore,Casual Dining,North Indian,290.89,52.31,Wallet,35.6,4.3,4.4,Delivered
ORD101736,04-11-2025,11:25:00,C2015,Bangalore,Cloud Kitchen,Chinese,280.45,69.76,Credit Card,48.1,6.8,4.5,Delivered
ORD104239,03-06-2025,15:40:00,C1620,Mumbai,Cloud Kitchen,South Indian,454.39,27.17,UPI,12,1,4.4,Delivered
ORD102508,16-05-2025,11:21:15,C1044,Hyderabad,Fast Food,Biryani,464.75,74.16,Wallet,45.3,8.1,4.3,Delivered
ORD103994,15-04-2025,14:22:00,C1232,Bangalore,Cafe,Chinese,401.86,53.89,Wallet,43.8,6.7,4.4,Delivered
ORD104250,24-05-2025,18:00:15,C2058,Hyderabad,Cloud Kitchen,Desserts,445.23,26.44,UPI,38.1,4,4.8,Delivered
ORD102571,21-02-2025,21:04:15,C1069,Bangalore,Cloud Kitchen,Italian,565.37,27.57,UPI,32.4,1.7,4.8,Delivered
ORD102574,21-09-2025,11:38:15,C1703,Kochi,Fast Food,Biryani,402.56,36.76,Cash,15.2,3.4,4.7,Delivered
ORD100565,25-08-2025,16:06:00,C2079,Chennai,Casual Dining,Desserts,354.6,39.51,Debit Card,13.5,3.7,4.5,Delivered
ORD100444,08-03-2025,14:10:30,C2178,Kochi,Cafe,Italian,444.5,17.36,Debit Card,31.8,1.3,4.2,Delivered
ORD104574,25-10-2025,14:22:00,C1998,Chennai,Cloud Kitchen,Biryani,524.5,60.11,UPI,40.3,6.7,4.5,Delivered
ORD104154,23-07-2025,18:23:00,C2022,Bangalore,Cafe,Chinese,422.36,42.92,UPI,24,4.1,4.9,Delivered
ORD101839,26-11-2025,03:18:45,C1331,Chennai,Casual Dining,Desserts,423.93,42.98,Cash,24.4,2.1,4.3,Delivered
ORD103452,03-12-2025,20:43:45,C1249,Bangalore,Cafe,Fast Food,253.4,59.84,UPI,44.8,5.9,4.2,Delivered
ORD101175,03-07-2025,23:21:15,C2112,Hyderabad,Cloud Kitchen,North Indian,414.63,31.71,Cash,34.2,4.3,4.2,Delivered
ORD100391,19-10-2025,11:49:30,C1034,Bangalore,Cafe,South Indian,252.98,37.67,UPI,17.5,1.5,4.9,Delivered
ORD104293,01-06-2025,14:27:30,C1180,Chennai,Cloud Kitchen,North Indian,273.81,47,UPI,35.3,4.3,4.6,Delivered
ORD100293,04-01-2025,14:46:30,C1060,Mumbai,Fast Food,Fast Food,274.39,44,Wallet,23.3,4.1,4.9,Delivered
ORD103484,06-07-2025,18:02:00,C1028,Kochi,Cloud Kitchen,Biryani,438.43,12.96,Cash,29.6,2.3,4.7,Delivered
ORD103215,01-01-2025,21:12:00,C2092,Kochi,Casual Dining,South Indian,770.58,40.88,UPI,35.9,5,4.5,Delivered
ORD103821,19-02-2025,20:00:00,C2143,Mumbai,Fast Food,North Indian,351.46,23.25,UPI,34.3,3.6,4.7,Delivered
ORD102610,13-01-2025,09:26:00,C1489,Bangalore,Fast Food,Fast Food,228.82,45.8,Credit Card,35.7,5.4,4.5,Delivered
ORD103005,20-04-2025,11:31:15,C1893,Chennai,Casual Dining,Chinese,253.98,50.26,UPI,38.7,4.8,4.8,Delivered
ORD100065,28-05-2025,12:09:45,C1988,Bangalore,Fast Food,Fast Food,383.2,27.08,UPI,45.4,5,3.8,Delivered
ORD101525,18-01-2025,13:35:15,C1850,Kochi,Cloud Kitchen,Fast Food,90,42.3,Debit Card,33.9,4.1,4.5,Delivered
ORD101368,17-04-2025,03:44:00,C1835,Chennai,Fast Food,Italian,567.88,19.15,UPI,20.7,2.6,4.8,Delivered
ORD104893,09-08-2025,08:06:45,C1981,Chennai,Cloud Kitchen,Fast Food,347.64,40.95,Cash,30.7,4.3,5,Delivered
ORD101234,19-11-2025,13:48:00,C1816,Kochi,Fast Food,South Indian,391.7,33.01,Cash,23.9,1.8,4.9,Delivered
ORD104151,30-07-2025,21:14:00,C1707,Hyderabad,Cafe,Chinese,261.6,34.46,Cash,31.7,2,4.5,Delivered
ORD100559,07-01-2025,13:57:30,C1992,Bangalore,Cafe,Biryani,412.9,81.3,UPI,,10.8,,Cancelled
ORD100100,19-12-2025,20:41:30,C2183,Bangalore,Fast Food,Chinese,310.86,54.64,Credit Card,43.8,8,,Delivered
ORD104711,10-07-2025,17:59:45,C1879,Hyderabad,Fast Food,Chinese,250.62,33.5,UPI,19.4,1.8,4.6,Delivered
ORD104794,29-10-2025,19:40:00,C1174,Bangalore,Cafe,South Indian,247.1,41.71,Debit Card,44.1,4.1,4.2,Delivered
ORD103274,23-06-2025,21:21:00,C2048,Mumbai,Cafe,Biryani,285,37.08,Cash,37.8,3.3,4.3,Delivered
ORD100691,10-04-2025,12:17:00,C1823,Bangalore,Fine Dining,Desserts,873.48,35.77,UPI,44.7,6.1,4.4,Delivered
ORD100169,25-12-2025,19:36:00,C2009,Hyderabad,Fast Food,South Indian,187.46,34.12,UPI,28,0.9,4.4,Delivered
ORD101384,05-07-2025,13:14:00,C1677,Mumbai,Casual Dining,Biryani,710.75,45.77,Cash,,6,,Cancelled
ORD103667,01-07-2025,07:04:45,C1534,Mumbai,Fast Food,Italian,331.46,23.32,UPI,36.9,3.1,4.3,Delivered
ORD103295,02-04-2025,18:40:00,C1732,Bangalore,Casual Dining,Biryani,223.81,31.53,Cash,28.3,1.6,4.7,Delivered
ORD101557,10-01-2025,14:44:30,C1986,Bangalore,Cloud Kitchen,Fast Food,394.95,36.93,UPI,30.3,4.1,4.5,Delivered
ORD104520,12-11-2025,16:04:15,C2155,Hyderabad,Casual Dining,Chinese,388.55,40.79,UPI,26.3,4.6,4.5,Delivered
ORD103281,02-08-2025,12:50:30,C1333,Hyderabad,Fast Food,North Indian,242.37,50.56,UPI,43.8,5.2,4.2,Delivered
ORD102314,12-01-2025,21:53:00,C1452,Mumbai,Cloud Kitchen,North Indian,380.41,41.09,Cash,42.8,2.3,4.3,Delivered
ORD104261,26-12-2025,20:12:00,C1027,Chennai,Fast Food,Fast Food,188.73,52.8,Cash,41.7,4.3,4.2,Delivered
ORD102919,28-09-2025,15:54:15,C1239,Mumbai,Fast Food,South Indian,178.25,41.26,Credit Card,28,2.6,4.1,Delivered
ORD104547,21-09-2025,18:05:00,C2112,Hyderabad,Fast Food,Biryani,326.34,59.61,UPI,43.4,6.6,4.1,Delivered
ORD104332,13-12-2025,19:24:45,C1957,Chennai,Fast Food,Biryani,452.89,62.07,Credit Card,41.1,4.6,4.3,Delivered
ORD103595,17-07-2025,20:59:15,C1683,Hyderabad,Fast Food,Biryani,263.1,46.64,Cash,,5.2,,Cancelled
ORD101012,01-08-2025,13:56:00,C1438,Mumbai,Fast Food,Italian,328.33,30.61,UPI,24.2,2.4,4.6,Delivered
ORD101100,01-03-2025,14:43:30,C1088,Hyderabad,Cloud Kitchen,Desserts,90,9.84,Credit Card,18.8,1,4.5,Delivered
ORD102467,10-08-2025,19:59:30,C1984,Chennai,Cloud Kitchen,North Indian,696.22,36.04,UPI,33.8,4.4,,Delivered
ORD104423,03-06-2025,19:16:30,C1557,Bangalore,Casual Dining,Chinese,530.45,35.87,UPI,37.3,2.9,4.8,Delivered
ORD102795,25-02-2025,19:53:45,C1453,Kochi,Fast Food,Chinese,291.14,67.8,UPI,53.9,9.9,4,Delivered
ORD101827,05-07-2025,18:37:00,C1306,Bangalore,Cloud Kitchen,Desserts,284.08,27.21,UPI,32.4,3.5,4.2,Delivered
ORD104129,16-09-2025,12:41:15,C1308,Hyderabad,Fine Dining,Italian,742.87,31.65,Cash,31.7,4.7,4.6,Delivered
ORD104210,14-04-2025,22:24:30,C2096,Kochi,Casual Dining,Desserts,165.62,33.81,Cash,13.5,1.4,4.9,Delivered
ORD101330,23-05-2025,15:48:00,C1454,Hyderabad,Cafe,North Indian,397.27,25.93,Credit Card,26.9,3,5,Delivered
ORD104644,08-09-2025,12:35:15,C1630,Kochi,Cafe,Fast Food,412.31,39.07,Credit Card,39.3,4.1,4,Delivered
ORD102273,02-09-2025,21:12:15,C2032,Bangalore,Fast Food,Continental,411.92,42.7,UPI,42.6,4.8,4.2,Delivered
ORD100492,04-10-2025,20:19:15,C1602,Bangalore,Fast Food,Biryani,90,93.35,UPI,90.6,15,2.7,Delivered
ORD102034,02-06-2025,23:54:00,C1286,Mumbai,Cafe,Desserts,427.63,24.17,Credit Card,26.1,1.7,4.8,Delivered
ORD100110,15-12-2025,18:33:15,C2082,Mumbai,Fast Food,Italian,385.97,47.27,UPI,29.7,4.3,4.6,Delivered
ORD101940,12-05-2025,12:11:00,C1668,Bangalore,Fast Food,North Indian,270.99,49.97,Wallet,47.4,5.7,4.2,Delivered
ORD101826,23-05-2025,17:24:30,C1266,Kochi,Fast Food,Italian,328.17,57.8,UPI,34.5,7.2,4.5,Delivered
ORD100516,13-03-2025,14:15:00,C1460,Bangalore,Fast Food,,247.54,33.98,Debit Card,20.2,1,4.6,Delivered
ORD102586,27-02-2025,00:27:15,C1966,Chennai,Casual Dining,Fast Food,164.9,26.35,Credit Card,19.7,1.7,4.9,Delivered
ORD100633,05-01-2025,16:41:00,C1384,Kochi,Casual Dining,Chinese,352.2,61.07,UPI,38.4,9,4.7,Delivered
ORD101798,10-08-2025,19:58:00,C1484,Hyderabad,Cafe,Italian,418.71,33.02,Wallet,36.7,1.3,3.9,Refunded
ORD104223,21-07-2025,14:10:00,C2151,Mumbai,Casual Dining,Chinese,735.63,40.56,Debit Card,47.7,6.3,3.9,Delivered
ORD103234,03-05-2025,11:25:00,C1500,Hyderabad,Fast Food,Fast Food,261.79,43.38,Credit Card,31.9,3.4,5,Delivered
ORD103856,18-03-2025,13:47:15,C1985,Bangalore,Casual Dining,Chinese,424.2,32.76,Debit Card,34.1,3.9,4.1,Delivered
ORD101089,18-04-2025,13:56:15,C1881,Bangalore,Cloud Kitchen,South Indian,315.13,30.85,Credit Card,42.1,1.2,4.4,Delivered
ORD102200,03-05-2025,07:30:00,C1385,Chennai,Fine Dining,South Indian,1147.13,17.28,Cash,32.1,5,3.9,Delivered
ORD103688,03-09-2025,21:35:45,C2137,Kochi,Casual Dining,South Indian,160.03,27.95,Wallet,44.4,4.3,4.2,Delivered
ORD103827,24-08-2025,22:45:30,C1177,Chennai,Fast Food,,317.39,38.47,UPI,31,2.7,4.5,Delivered
ORD100933,24-07-2025,12:10:00,C1925,Kochi,Cloud Kitchen,Italian,443.74,35.81,Cash,39.6,3.3,4.4,Delivered
ORD100631,20-11-2025,14:09:30,C2165,Bangalore,Fine Dining,North Indian,389.76,31.14,Cash,26.5,2.3,4.6,Delivered
ORD103881,13-10-2025,21:33:00,C1696,Bangalore,Cloud Kitchen,North Indian,332.75,35.56,Debit Card,38.1,3.2,4.4,Delivered
ORD102650,14-01-2025,18:40:45,C1746,Hyderabad,Casual Dining,North Indian,623.94,30.82,Cash,21.2,1.9,4.3,Delivered
ORD104533,14-01-2025,19:46:30,C1888,Hyderabad,Cafe,Biryani,277.43,46.73,UPI,,5.2,,Cancelled
ORD101663,19-11-2025,18:28:00,C1616,Hyderabad,Cloud Kitchen,Continental,576.93,37.86,UPI,23.6,2.4,4.3,Delivered
ORD103715,31-08-2025,17:18:00,C2168,Mumbai,Fast Food,Italian,430.23,38.78,UPI,35.5,7,4.4,Delivered
ORD103565,10-06-2025,23:32:15,C1927,Bangalore,Casual Dining,Chinese,618.94,53.36,Debit Card,38,4.2,,Delivered
ORD103434,29-05-2025,05:05:15,C1275,Kochi,Casual Dining,North Indian,365.15,38.39,Wallet,22.8,1.6,4.8,Delivered
ORD102178,08-04-2025,07:44:15,C1248,Hyderabad,Cafe,North Indian,272.72,26.49,Wallet,28.8,3.1,4.7,Delivered
ORD100753,19-10-2025,19:31:00,C1140,Bangalore,Fast Food,South Indian,328.24,39.58,Debit Card,44.4,3.2,4.4,Delivered
ORD103619,06-04-2025,17:35:00,C1854,Hyderabad,Fast Food,North Indian,240.03,30.24,Wallet,24.1,2.9,5,Delivered
ORD103298,07-05-2025,13:07:00,C1554,Bangalore,Casual Dining,Chinese,567.21,64.03,UPI,31.6,4.2,4.5,Delivered
ORD100486,20-06-2025,12:17:00,C1201,Chennai,Cloud Kitchen,Chinese,320,44.42,UPI,,2.1,,Cancelled
ORD104010,10-06-2025,11:08:00,C1786,Chennai,Casual Dining,North Indian,590.23,77.06,UPI,46.9,9.4,4.2,Delivered
ORD101796,26-10-2025,16:56:00,C1497,Mumbai,Cafe,Chinese,175.05,77.69,Credit Card,,12.2,,Cancelled
ORD100429,16-03-2025,13:18:00,C1017,Hyderabad,Cafe,South Indian,126.15,62.21,UPI,39.8,4.8,4.2,Delivered
ORD104589,27-03-2025,13:03:00,C1307,Chennai,Casual Dining,Italian,766.18,51.86,UPI,51.8,7,4.1,Delivered
ORD103333,01-03-2025,21:52:00,C1564,Bangalore,Casual Dining,Biryani,607.45,35.78,UPI,44.4,1.9,4.1,Delivered
ORD102555,24-03-2025,14:28:00,C1142,Bangalore,Cafe,Biryani,349.21,70.39,Cash,38.2,7.6,4.4,Delivered
ORD102579,15-11-2025,13:08:00,C1197,Hyderabad,Fast Food,North Indian,399.18,58.84,UPI,36.3,4.9,4.1,Delivered
ORD102797,18-10-2025,08:20:00,C1170,Mumbai,Fine Dining,Italian,1491.11,42.98,Wallet,60,10.3,3.7,Delivered
ORD100089,14-05-2025,13:44:15,C1410,Bangalore,Cloud Kitchen,Chinese,479.09,21.71,Cash,28.8,1.5,4.7,Delivered
ORD100067,21-04-2025,15:23:00,C1665,Mumbai,Cafe,South Indian,274.13,58.67,UPI,29.9,5.4,4.6,Delivered
ORD102745,16-03-2025,22:37:30,C1452,Hyderabad,Cloud Kitchen,Continental,782.89,29.27,Credit Card,31.6,1.8,4.5,Delivered
ORD101917,06-07-2025,22:33:15,C2084,Bangalore,Cafe,Chinese,558.31,57.24,UPI,48.8,6.6,4.6,Delivered
ORD104530,28-08-2025,20:11:15,C1877,Hyderabad,Casual Dining,Chinese,341.1,30.09,UPI,,1.9,,Cancelled
ORD102069,27-04-2025,19:29:15,C1417,Bangalore,Casual Dining,Italian,526.33,62.73,Wallet,47,9.4,3.9,Delivered
ORD102702,05-06-2025,21:20:15,C2055,Bangalore,Cloud Kitchen,Desserts,109.99,50.89,Credit Card,37.3,6.5,4.7,Delivered
ORD102041,04-07-2025,15:53:30,C1337,Chennai,Cloud Kitchen,Desserts,605.02,35.03,Wallet,25,2.4,4.9,Delivered
ORD101919,10-04-2025,22:52:00,C1496,Mumbai,Cloud Kitchen,South Indian,293.53,44.72,UPI,27.5,3.2,4.8,Delivered
ORD101088,20-09-2025,14:43:15,C1386,Bangalore,Cloud Kitchen,Chinese,477.41,27.06,Cash,37.3,3.4,4.5,Delivered
ORD101838,15-11-2025,12:48:45,C1503,Chennai,Cloud Kitchen,North Indian,518.14,28.71,Credit Card,24.3,1.5,4.8,Delivered
ORD104539,04-11-2025,12:06:00,C1728,Bangalore,Casual Dining,North Indian,236.75,28.99,Cash,29.5,1.8,4.8,Delivered
ORD103253,28-08-2025,14:01:00,C1879,Chennai,Cloud Kitchen,Biryani,527.15,60.88,UPI,36.1,6.9,4.6,Delivered
ORD100286,14-07-2025,13:36:45,C1308,Bangalore,Fast Food,Fast Food,223.5,60.4,UPI,61.4,7.1,3.3,Delivered
ORD104247,18-06-2025,10:56:00,C2007,Chennai,Fast Food,Chinese,220.69,31.17,Credit Card,31,2.2,4.7,Delivered
ORD102431,13-11-2025,21:33:00,C2106,Mumbai,Casual Dining,South Indian,593.6,49.36,Cash,42.7,2.8,4.3,Delivered
ORD104314,02-11-2025,15:04:15,C1647,Chennai,Cloud Kitchen,Biryani,251.46,31.35,Credit Card,24.9,1.3,4.4,Delivered
ORD100561,08-06-2025,20:53:30,C1252,Chennai,Casual Dining,Continental,920.51,53.4,Cash,40.1,6.3,4,Delivered
ORD104011,25-01-2025,12:50:00,C1413,Chennai,Cloud Kitchen,Chinese,551.28,64.83,UPI,53.1,8.5,4.1,Delivered
ORD103934,31-08-2025,11:06:00,C1376,Chennai,Casual Dining,North Indian,208.34,31.19,UPI,23,2.9,5,Delivered
ORD104676,26-04-2025,11:41:00,C1109,Chennai,Fast Food,North Indian,356.74,28.52,Cash,12.2,0.9,5,Delivered
ORD104251,03-03-2025,20:53:30,C1952,Chennai,Fast Food,South Indian,308.19,34.51,UPI,29.4,2.4,4.8,Delivered
ORD100263,26-12-2025,08:38:45,C1146,Bangalore,Cloud Kitchen,Biryani,262.4,50.12,Wallet,,4,4,Delivered
ORD100024,28-03-2025,13:05:00,C1636,Bangalore,Fast Food,South Indian,302.28,49.61,UPI,32.8,3.6,4.5,Delivered
ORD103166,30-09-2025,14:46:00,C1571,Mumbai,Casual Dining,Biryani,675.34,36.33,Wallet,39.5,5.5,4.8,Delivered
ORD100164,12-04-2025,17:41:00,C2193,Hyderabad,Cloud Kitchen,South Indian,595.36,57.47,Wallet,39.8,5.8,4.2,Delivered
ORD102374,02-06-2025,17:47:00,C1829,Chennai,Casual Dining,Italian,1044.47,16.6,Wallet,23.1,1.4,4.9,Delivered
ORD101286,07-06-2025,18:07:30,C1786,Bangalore,Fine Dining,Chinese,523.63,44.26,UPI,42.7,7.5,4,Delivered
ORD102846,15-07-2025,14:27:15,C1181,Bangalore,Casual Dining,Desserts,493.91,65.4,Debit Card,40.5,7.4,4.2,Delivered
ORD100684,15-03-2025,11:45:15,C1579,Kochi,Fast Food,North Indian,237.4,26.56,UPI,16.2,3,4.4,Delivered
ORD100360,16-01-2025,07:31:45,C1055,Kochi,Casual Dining,Biryani,523.05,14.33,UPI,20.5,1.6,4.5,Delivered
ORD100210,27-05-2025,15:33:00,C1052,Chennai,Fast Food,South Indian,265.77,24.22,UPI,16,1.9,4.7,Delivered
ORD100019,02-05-2025,06:11:15,C1051,Bangalore,Cloud Kitchen,Fast Food,465.53,66.47,UPI,41.2,7.2,4.4,Delivered
ORD102292,18-09-2025,20:12:45,C2126,Hyderabad,Casual Dining,North Indian,623.78,51.76,Debit Card,48.6,7,3.7,Delivered
ORD104042,27-02-2025,08:51:00,C1925,Chennai,Fast Food,Biryani,297.27,48.23,Wallet,18.1,3,4.6,Delivered
ORD100076,07-03-2025,22:05:45,C1868,Hyderabad,Fast Food,North Indian,175.54,33.52,Wallet,25,2.8,4.4,Delivered
ORD103728,20-12-2025,19:08:00,C1565,Kochi,Fast Food,Biryani,231.36,41.26,Cash,47.8,6,4,Delivered
ORD103710,30-01-2025,19:26:30,C1264,Chennai,Fast Food,South Indian,291.76,35.33,Credit Card,35.9,3.6,4.1,Delivered
ORD104241,01-12-2025,03:00:30,C1484,Kochi,Cloud Kitchen,Italian,708.65,32.5,Debit Card,27.6,3.7,4.8,Delivered
ORD100031,11-01-2025,14:42:00,C2156,Kochi,Casual Dining,North Indian,754.81,29.97,UPI,31.7,2.9,4.4,Delivered
ORD104772,14-08-2025,16:23:30,C2004,Mumbai,Cafe,Biryani,377.92,54.12,Cash,26.3,4.1,4.9,Delivered
ORD104403,24-05-2025,12:13:30,C1749,Bangalore,Casual Dining,Fast Food,281.38,36.92,UPI,31.6,1.3,4,Delivered
ORD102294,16-03-2025,14:33:15,C2022,Mumbai,Fine Dining,Fast Food,1123.07,79.77,UPI,67.1,13.3,2.7,Refunded
ORD102451,17-07-2025,01:52:30,C1010,Mumbai,Fast Food,Chinese,448.57,45.09,UPI,38.7,4.5,4.1,Delivered
ORD102409,22-12-2025,17:26:00,C1358,Hyderabad,Cloud Kitchen,Biryani,418.58,38.13,Cash,31.2,2.2,4.4,Delivered
ORD101981,14-06-2025,22:17:15,C1663,Hyderabad,Fine Dining,North Indian,932.48,42.93,Cash,42.8,7.8,4.6,Delivered
ORD102127,03-06-2025,17:36:15,C1469,Bangalore,Casual Dining,Desserts,514.17,47.02,UPI,34.5,5.4,4.9,Delivered
ORD100423,14-12-2025,14:00:15,C1107,Mumbai,Casual Dining,Fast Food,389.6,41.74,UPI,35.6,4.4,,Delivered
ORD103774,28-09-2025,09:44:00,C1148,Bangalore,Cafe,South Indian,386.95,40.12,Cash,37.1,2.7,,Delivered
ORD104469,09-05-2025,17:36:00,C2011,Bangalore,Fast Food,Italian,434.55,14.99,UPI,23.7,1.8,5,Delivered
ORD103134,15-04-2025,10:09:15,C1294,Bangalore,Fast Food,North Indian,404.23,24.73,Wallet,28.2,1.5,4.4,Delivered
ORD102094,19-10-2025,20:31:00,C1657,Hyderabad,Fast Food,Biryani,299.32,29.56,Debit Card,34.4,2.2,,Delivered
ORD103843,01-08-2025,11:17:00,C1335,Mumbai,Fast Food,Continental,274,26.16,Credit Card,37.3,3.9,4.1,Delivered
ORD102654,05-06-2025,20:35:00,C1753,Kochi,Cloud Kitchen,Chinese,430.26,44.29,UPI,,5.2,,Cancelled
ORD103309,31-07-2025,08:11:00,C1073,Bangalore,Fast Food,,291.66,33.93,UPI,20.3,1.3,4.5,Delivered
ORD101720,24-05-2025,19:16:00,C1611,Mumbai,Fast Food,North Indian,362.28,29.18,UPI,32.9,1.6,4.5,Delivered
ORD102576,09-04-2025,13:15:00,C1577,Chennai,Fast Food,Fast Food,213.21,54.92,UPI,36.9,6,3.9,Delivered
ORD100966,26-07-2025,09:21:45,C1777,Chennai,Fast Food,South Indian,388.98,39.45,Debit Card,35,3.7,4.3,Delivered
ORD101319,23-11-2025,17:38:00,C1557,Kochi,Cloud Kitchen,South Indian,301.28,39.96,UPI,24.3,4,5,Delivered
ORD103208,16-09-2025,19:04:00,C1424,Mumbai,Fast Food,Biryani,389.73,47.34,Cash,41.8,5.8,4.2,Delivered
ORD100778,15-01-2025,20:25:15,C1461,Mumbai,Fast Food,Biryani,350.8,58.03,Cash,42.3,5.8,4.8,Delivered
ORD103407,17-07-2025,11:31:00,C1109,Bangalore,Fast Food,Biryani,397.49,47.9,UPI,41.4,3.8,4.4,Delivered
ORD102343,11-09-2025,12:49:00,C1156,Mumbai,Casual Dining,Fast Food,596.99,44.1,UPI,43.3,5.1,3.9,Delivered
ORD100237,31-03-2025,15:54:45,C2062,Bangalore,Fast Food,Biryani,296.47,22.66,Credit Card,18.5,2,5,Delivered
ORD102318,20-08-2025,22:09:00,C1444,Chennai,Cafe,Continental,664.14,36.98,Cash,31.1,3.7,5,Delivered
ORD103150,05-08-2025,11:35:15,C1959,Mumbai,Cloud Kitchen,Desserts,95.32,37.42,Debit Card,25.8,4,4.6,Delivered
ORD104913,01-09-2025,11:29:00,C1956,Bangalore,Fast Food,South Indian,168.37,69.91,Wallet,46.9,9,3.6,Refunded
ORD102886,22-05-2025,22:54:00,C1434,Hyderabad,Cloud Kitchen,South Indian,221.35,35.36,Debit Card,,2.8,,Cancelled
ORD102182,01-03-2025,19:06:15,C1217,Chennai,Cloud Kitchen,South Indian,410.51,22.01,UPI,27.4,1.7,4.9,Delivered
ORD100322,08-04-2025,12:31:15,C1130,Mumbai,Cafe,Chinese,309.27,27.48,Wallet,37.6,3.1,4.9,Delivered
ORD101528,20-05-2025,14:39:00,C1140,Bangalore,Cloud Kitchen,Chinese,333.74,18.55,UPI,23.4,1.6,4.9,Delivered
ORD102089,25-11-2025,21:51:30,C1078,Hyderabad,Cloud Kitchen,Fast Food,93.77,61.28,Wallet,47.7,6.6,4.1,Delivered
ORD103541,24-04-2025,19:53:00,C1284,Chennai,Fast Food,Biryani,374.54,26.46,Credit Card,15.5,2.2,4.6,Delivered
ORD103288,22-04-2025,14:25:30,C2079,Chennai,Fast Food,North Indian,241.03,33.11,Debit Card,26.3,2,4.4,Delivered
ORD100670,07-11-2025,07:40:00,C1566,Hyderabad,Casual Dining,North Indian,509.71,12.17,Credit Card,26.4,1.4,4.4,Delivered
ORD100540,17-02-2025,19:25:00,C2006,Mumbai,Casual Dining,Chinese,390.66,31.98,Debit Card,40.3,3.7,4.6,Delivered
ORD101141,12-10-2025,18:56:45,C1795,Kochi,Fast Food,Continental,282.12,51.28,UPI,47.1,6.9,4.1,Delivered
ORD103554,25-08-2025,22:10:30,C1495,Bangalore,Fast Food,Fast Food,250.45,32.61,Wallet,20.7,3,4.3,Delivered
ORD100239,07-02-2025,11:51:30,C1528,Mumbai,Cloud Kitchen,Italian,508.68,24.13,Debit Card,,4.9,,Cancelled
ORD100081,10-01-2025,22:46:30,C2081,Chennai,Cloud Kitchen,North Indian,675.48,54.36,UPI,26.9,5.7,4.7,Delivered
ORD103791,05-12-2025,12:39:00,C1933,Hyderabad,Fast Food,North Indian,196.02,27.66,UPI,15.7,0.8,4.3,Delivered
ORD101327,12-02-2025,14:05:00,C1857,Hyderabad,Fast Food,Biryani,174.51,40.07,Credit Card,17.8,2.7,4.3,Delivered
ORD100177,15-07-2025,16:28:15,C1540,Bangalore,Fast Food,South Indian,90,22.03,Cash,16.7,1.5,4.5,Delivered
ORD103535,13-10-2025,16:23:45,C1435,Bangalore,Cafe,South Indian,303.09,49.94,Cash,23.4,3.7,4.7,Delivered
ORD103157,28-11-2025,20:52:00,C1646,Chennai,Casual Dining,Chinese,670.97,69.59,UPI,60.4,12,3.8,Delivered
ORD102393,20-08-2025,13:16:15,C1035,Chennai,Fast Food,Fast Food,90,26.78,UPI,26,2.2,5,Delivered
ORD103228,26-07-2025,07:28:00,C1626,Chennai,Casual Dining,Chinese,631.53,38.44,Debit Card,,3.2,,Cancelled
ORD102462,27-05-2025,23:28:00,C1301,Hyderabad,Cafe,North Indian,324.48,59.34,Wallet,40.4,7.7,4.1,Delivered
ORD100619,31-08-2025,15:30:00,C1012,Chennai,Fast Food,Biryani,329.04,32.68,Credit Card,18.4,1.3,4.7,Delivered
ORD100342,18-08-2025,13:07:00,C1829,Kochi,Fine Dining,Desserts,518.47,57.83,Wallet,45.5,4.3,4.1,Delivered
ORD100300,02-11-2025,21:39:00,C1640,Chennai,Fast Food,Biryani,327.63,32.77,Cash,45.9,4.9,4.3,Delivered
ORD102166,21-12-2025,20:12:00,C1226,Chennai,Cloud Kitchen,Biryani,527.24,24.39,UPI,41.2,2.5,4.6,Delivered
ORD101872,23-04-2025,11:28:30,C1847,Chennai,Fine Dining,Italian,715.22,32.05,Credit Card,,5.1,,Cancelled
ORD102455,06-02-2025,18:57:15,C2170,Mumbai,Cloud Kitchen,North Indian,207.43,46.5,Debit Card,31,1.7,4.8,Delivered
ORD102786,03-08-2025,04:30:45,C1895,Mumbai,Fast Food,Italian,206.11,29.14,UPI,28.5,2.6,4.5,Delivered
ORD100689,29-09-2025,12:40:45,C1464,Mumbai,Fine Dining,South Indian,1528.4,1.04,Wallet,,2.8,4.6,Delivered
ORD103729,27-02-2025,23:26:00,C1885,Chennai,Cloud Kitchen,Chinese,436.03,30.35,UPI,19.7,1.9,4.6,Delivered
ORD102662,08-03-2025,18:04:30,C1184,Hyderabad,Casual Dining,Italian,516.46,30.05,UPI,28.7,1.5,4.3,Delivered
ORD101714,27-03-2025,16:13:45,C1381,Bangalore,Fine Dining,North Indian,709.68,35.07,Credit Card,28.1,2.3,4.3,Delivered
ORD103739,27-10-2025,21:49:15,C1480,Hyderabad,Fast Food,Biryani,149.83,54.69,Credit Card,38.6,4.6,4.7,Delivered
ORD101411,06-04-2025,14:34:45,C1864,Bangalore,Cloud Kitchen,North Indian,259.1,30.22,UPI,42.1,2.9,3.9,Delivered
ORD102327,02-04-2025,22:19:45,C1959,Chennai,Cafe,South Indian,384.36,61,UPI,,3.1,,Cancelled
ORD104701,12-02-2025,18:32:30,C2000,Kochi,Cafe,Fast Food,453.69,38.02,Wallet,,2.9,,Cancelled
ORD102862,29-07-2025,11:33:45,C2078,Mumbai,Cloud Kitchen,South Indian,497.59,37.63,Cash,35.9,2.4,4.4,Delivered
ORD104275,18-07-2025,22:48:00,C1436,Chennai,Fast Food,Chinese,342.07,46.07,UPI,,6.7,,Cancelled
ORD104815,16-06-2025,16:08:15,C1917,Bangalore,Casual Dining,Chinese,173.04,31.51,Credit Card,22.9,1.4,4.6,Delivered
ORD101825,02-01-2025,10:03:00,C1403,Kochi,Casual Dining,Chinese,319.51,52.53,UPI,32.8,6.1,4.5,Delivered
ORD100697,18-06-2025,18:46:15,C1520,Chennai,Cafe,North Indian,296.44,50.72,Wallet,43.6,8.3,4.1,Delivered
ORD103943,23-01-2025,14:40:00,C1496,Hyderabad,Cloud Kitchen,Biryani,378.03,62.05,UPI,38.6,6.3,4.3,Delivered
ORD102360,14-04-2025,13:47:00,C1922,Chennai,Cloud Kitchen,Italian,456.08,37.68,Cash,34.2,3.4,4.3,Delivered
ORD100505,18-05-2025,11:34:00,C1598,Bangalore,Fast Food,Desserts,211.1,76.9,Wallet,49.2,8.4,,Delivered
ORD100014,06-04-2025,08:25:00,C2167,Bangalore,Cafe,Biryani,380.48,54.68,UPI,36.7,4.5,4.8,Delivered
ORD100534,23-02-2025,10:06:15,C2116,Bangalore,Casual Dining,Biryani,353.8,40.7,UPI,35.8,3.7,4.8,Delivered
ORD102754,09-11-2025,04:28:15,C1784,Chennai,Fine Dining,Desserts,1169.55,38.98,Cash,51.4,9.3,4.9,Delivered
ORD102768,12-08-2025,19:28:30,C1762,Mumbai,Casual Dining,South Indian,362.87,28.23,Cash,28,2.1,4.1,Delivered
ORD103734,03-04-2025,08:24:00,C1103,Hyderabad,Fine Dining,South Indian,910.22,39.17,Debit Card,43.9,8.4,4.6,Delivered
ORD104721,03-10-2025,09:00:15,C1737,Hyderabad,Fast Food,Chinese,137.59,53.65,Credit Card,25.3,4.1,5,Delivered
ORD104425,17-12-2025,23:22:00,C1311,Hyderabad,Cloud Kitchen,Chinese,199.16,30.18,UPI,12.1,2.6,5,Delivered
ORD100040,05-12-2025,11:10:00,C1837,Chennai,Cafe,North Indian,248.87,36.23,UPI,39.4,6.6,3.9,Delivered
ORD100503,15-09-2025,13:44:00,C1594,Bangalore,Cafe,Fast Food,485.77,21.96,Debit Card,42,3.5,4.8,Delivered
ORD104561,01-02-2025,20:54:00,C1332,Chennai,Cafe,Chinese,361.09,34.67,UPI,31.1,1.2,4.5,Delivered
ORD102032,16-08-2025,15:22:30,C1381,Bangalore,Cloud Kitchen,North Indian,489.45,38.98,UPI,36.7,4.5,4.1,Delivered
ORD103571,26-10-2025,19:51:30,C1098,Bangalore,Cloud Kitchen,South Indian,90,31.08,Credit Card,36.2,2.1,4,Delivered
ORD102918,18-09-2025,18:02:30,C1287,Bangalore,Cloud Kitchen,North Indian,403.54,35.79,UPI,34.7,4.7,4.1,Delivered
ORD102268,02-04-2025,21:03:00,C1846,Bangalore,Cloud Kitchen,Chinese,353.46,28.62,UPI,25.9,2.3,5,Delivered
ORD103348,06-12-2025,12:52:30,C1021,Hyderabad,Fast Food,Fast Food,251.9,46.17,Cash,39,4,4.5,Delivered
ORD102739,08-05-2025,18:35:00,C1352,Bangalore,Cafe,Chinese,371.34,29.83,UPI,22.9,3.8,4.9,Delivered
ORD104470,04-03-2025,16:25:45,C1162,Mumbai,Cafe,Italian,144.64,38.24,Credit Card,56.8,4.5,3.3,Delivered
ORD101555,19-01-2025,17:46:15,C1921,Chennai,Cloud Kitchen,North Indian,629.36,41.85,Credit Card,33.7,3.7,3.9,Delivered
ORD102169,15-06-2025,22:31:45,C1037,Chennai,Fine Dining,Desserts,1038.09,50.3,UPI,30.2,5.4,4.5,Delivered
ORD104008,27-03-2025,21:54:45,C1408,Bangalore,Casual Dining,South Indian,490.83,36.77,UPI,33.5,3.5,4.1,Delivered
ORD104557,09-05-2025,14:08:45,C1623,Mumbai,Fast Food,Fast Food,167.34,35.38,Debit Card,32.5,4,4.3,Delivered
ORD102505,24-11-2025,11:47:30,C1988,Chennai,Cafe,South Indian,304.33,65.19,UPI,49.5,9.6,4.3,Delivered
ORD102485,21-08-2025,10:43:15,C1711,Mumbai,Casual Dining,Fast Food,766.73,42.46,Debit Card,27.1,5.8,4.7,Delivered
ORD101120,17-11-2025,13:14:00,C2107,Bangalore,Casual Dining,Chinese,367.5,27.28,Wallet,27.7,1.7,4.8,Delivered
ORD104747,24-08-2025,12:10:45,C2110,Bangalore,Cafe,North Indian,328.26,45.25,Cash,,5.7,,Cancelled
ORD102917,14-11-2025,18:36:15,C1548,Bangalore,Cafe,Biryani,440.69,59.83,UPI,43,5,3.8,Delivered
ORD100869,08-06-2025,19:11:00,C1222,Bangalore,Cloud Kitchen,Fast Food,167.55,50.79,UPI,51.1,4.8,4,Delivered
ORD100814,11-04-2025,23:29:45,C2121,Bangalore,Cloud Kitchen,Chinese,652.08,51.29,UPI,29.5,5.1,4.8,Delivered
ORD102401,18-12-2025,14:17:00,C1939,Bangalore,Fast Food,North Indian,235.66,40.36,UPI,36,4.8,4.3,Delivered
ORD101137,10-12-2025,19:34:30,C1165,Hyderabad,Casual Dining,South Indian,518.48,22.86,Debit Card,38.3,2.4,4,Delivered
ORD100702,16-03-2025,11:54:30,C1990,Mumbai,Casual Dining,Italian,365.82,59.98,Credit Card,66.2,10.4,3.6,Delivered
ORD103679,11-05-2025,17:28:45,C1187,Hyderabad,Fast Food,South Indian,226.68,50.74,Wallet,35.5,4.5,4.4,Delivered
ORD101250,23-02-2025,13:14:00,C1034,Bangalore,Fast Food,Biryani,373.36,49.35,Credit Card,34.3,2.9,4.3,Delivered
ORD104748,08-12-2025,12:37:00,C1354,Chennai,Casual Dining,Fast Food,568.84,26.15,Wallet,21.7,1.6,5,Delivered
ORD102852,05-09-2025,18:18:30,C1580,Hyderabad,Cloud Kitchen,North Indian,395.41,39.68,UPI,29.8,3.7,4.9,Delivered
ORD100060,22-05-2025,12:34:00,C1358,Bangalore,Cloud Kitchen,South Indian,362,49.65,UPI,39.7,5.1,4.4,Delivered
ORD104605,22-04-2025,18:56:00,C1785,Bangalore,Casual Dining,Fast Food,317.85,66.31,UPI,50.3,10,4.6,Delivered
ORD101733,26-12-2025,18:16:00,C2131,Mumbai,Fast Food,Italian,479.36,36.88,UPI,32,3.2,4.3,Delivered
ORD104509,28-04-2025,14:09:00,C1873,Kochi,Casual Dining,Chinese,312.7,35.21,UPI,27.2,3.4,,Delivered
ORD102952,24-06-2025,13:47:30,C1179,Chennai,Casual Dining,North Indian,482.63,39.56,Debit Card,36.6,2.4,4.5,Delivered
ORD103550,14-09-2025,21:34:00,C1020,Mumbai,Cloud Kitchen,Biryani,365.35,28.66,Credit Card,24.9,0.6,4.8,Delivered
ORD102502,23-12-2025,19:30:00,C1708,Bangalore,Cloud Kitchen,North Indian,588.86,23.13,Cash,28.9,1.4,4.6,Delivered
ORD104542,23-03-2025,19:47:00,C1649,Hyderabad,Fine Dining,Biryani,821.62,7.01,UPI,27.8,1.9,4,Delivered
ORD101334,30-01-2025,13:27:00,C1772,Bangalore,Cloud Kitchen,Chinese,160.1,56.57,Debit Card,35.8,4.2,4.9,Delivered
ORD104625,31-08-2025,11:07:15,C1370,Bangalore,Fast Food,Biryani,342.45,36.69,Credit Card,38.7,6.6,4,Delivered
ORD102202,17-04-2025,19:30:00,C2079,Kochi,Cafe,Chinese,447.53,29.84,Credit Card,35.3,2.1,4.3,Delivered
ORD101196,25-10-2025,22:53:30,C1165,Hyderabad,Cafe,Italian,583.78,27.08,UPI,26.4,2,4.5,Delivered
ORD101402,20-04-2025,13:56:00,C1349,Hyderabad,Casual Dining,Chinese,297.02,52.72,UPI,55.2,8.1,4.2,Delivered
ORD103076,17-09-2025,13:45:15,C1398,Mumbai,Fast Food,Biryani,450.94,22.91,Wallet,28.7,2.8,4.7,Delivered
ORD102503,06-07-2025,23:47:00,C1335,Kochi,Fast Food,Fast Food,332.65,36.75,UPI,22.1,2.7,4.5,Delivered
ORD102781,24-05-2025,21:12:15,C1718,Bangalore,Cafe,Fast Food,315.94,48.23,UPI,44.6,3.6,4.3,Delivered
ORD103726,08-09-2025,18:54:45,C1340,Bangalore,Cloud Kitchen,South Indian,301.07,27.69,UPI,25.6,2.2,4.4,Delivered
ORD101013,04-03-2025,20:58:00,C1291,Kochi,Fast Food,Biryani,324.48,58.23,Credit Card,31.9,4.8,4.1,Delivered
ORD103193,09-02-2025,22:35:00,C1918,Chennai,Cloud Kitchen,South Indian,567.45,48.12,UPI,39.4,4.8,4.1,Delivered
ORD103467,01-06-2025,05:42:00,C2154,Mumbai,Cloud Kitchen,Biryani,339.25,31.95,UPI,28.9,3,4.6,Delivered
ORD100618,10-07-2025,13:33:45,C1419,Mumbai,Cloud Kitchen,Chinese,400.54,4.81,Credit Card,36.1,2.3,4.4,Delivered
ORD103397,15-12-2025,07:00:30,C2050,Hyderabad,Casual Dining,Continental,706.14,36.83,Credit Card,14.8,2.5,5,Delivered
ORD100240,28-10-2025,20:04:15,C1452,Hyderabad,Fast Food,North Indian,294.46,27.53,Wallet,20.6,0.8,4.2,Delivered
ORD104377,04-08-2025,19:48:00,C1101,Mumbai,Fast Food,Fast Food,177.49,48.83,Credit Card,,1.8,,Cancelled
ORD104517,21-09-2025,19:28:45,C1130,Bangalore,Cloud Kitchen,Biryani,343.47,23.69,Debit Card,32.3,2.3,4.2,Delivered
ORD101448,20-06-2025,15:21:00,C1411,Mumbai,Fast Food,Chinese,278.52,25.93,Wallet,30.5,0.8,4.6,Delivered
ORD102199,04-04-2025,16:29:00,C1456,Hyderabad,Cafe,Chinese,333.51,32.73,Debit Card,17.5,1.8,4.4,Delivered
ORD103425,20-08-2025,23:32:00,C1937,Chennai,Casual Dining,South Indian,237.97,17.96,UPI,12,2.7,4.6,Delivered
ORD102588,04-06-2025,20:45:15,C2190,Mumbai,Casual Dining,Fast Food,362.01,29.41,Credit Card,33,3.2,4.1,Delivered
ORD101797,08-07-2025,19:38:00,C1191,Bangalore,Cloud Kitchen,South Indian,280.23,13.53,UPI,25,1.1,4,Delivered
ORD100055,26-03-2025,21:51:00,C1694,Mumbai,Casual Dining,South Indian,194.75,60.29,Cash,43.6,6.2,4.2,Delivered
ORD103011,16-10-2025,19:56:45,C1657,Bangalore,Fast Food,Italian,298.85,38.04,Credit Card,,3.1,,Cancelled
ORD101912,02-09-2025,18:47:00,C1523,Kochi,Cloud Kitchen,Chinese,370.49,64.49,UPI,34.5,7.7,4.5,Delivered
ORD100822,14-06-2025,11:02:15,C1386,Bangalore,Casual Dining,Continental,995.47,19.98,Wallet,43.2,3.6,4.6,Delivered
ORD101131,11-07-2025,21:48:00,C1460,Kochi,Cloud Kitchen,Biryani,554.11,28.76,Wallet,45.6,3.4,3.6,Delivered
ORD104057,09-03-2025,19:35:15,C1486,Chennai,Casual Dining,Fast Food,453.23,36.41,UPI,36.7,5.5,4.2,Delivered
ORD101269,18-04-2025,21:26:00,C2076,Bangalore,Fast Food,South Indian,288.41,34.99,Credit Card,27.5,2.5,4.3,Delivered
ORD102265,07-02-2025,15:07:00,C1675,Bangalore,Casual Dining,South Indian,308.76,61.53,Credit Card,51.4,6.2,4.7,Delivered
ORD103174,31-08-2025,20:57:30,C1095,Hyderabad,Fast Food,North Indian,262.79,73.25,Wallet,78.5,13.6,3.7,Delivered
ORD102452,23-03-2025,21:16:00,C1797,Chennai,Fine Dining,South Indian,1055.31,13.2,Debit Card,22.9,3.7,4.5,Delivered
ORD102044,05-07-2025,13:25:15,C1438,Chennai,Fast Food,North Indian,346.23,43.7,UPI,42.2,3.4,4,Delivered
ORD101840,23-12-2025,22:18:00,C2004,Mumbai,Fast Food,Chinese,429.13,29.94,Debit Card,39.7,3.4,4.1,Delivered
ORD101205,25-09-2025,18:05:00,C1023,Mumbai,Casual Dining,Biryani,491.35,50.35,Debit Card,49.6,5.9,4.5,Delivered
ORD103997,06-04-2025,15:28:30,C1234,Hyderabad,Fast Food,Fast Food,223.93,32.7,UPI,42.2,5,4.4,Delivered
ORD101987,22-03-2025,19:39:00,C2153,Mumbai,Cloud Kitchen,Chinese,329.88,37.94,Cash,54.3,5.5,3.8,Delivered
ORD102063,05-11-2025,21:21:00,C2003,Bangalore,Cloud Kitchen,Chinese,281.35,41.68,Credit Card,34.4,5.1,4.4,Delivered
ORD102867,26-10-2025,22:35:00,C1960,Hyderabad,Cafe,Chinese,235.79,45.64,UPI,34.2,5.4,4.2,Delivered
ORD102905,11-06-2025,21:09:15,C1220,Kochi,Fast Food,South Indian,231.59,47.66,UPI,42.5,3.5,4.2,Delivered
ORD104615,23-06-2025,14:15:00,C2111,Hyderabad,Casual Dining,North Indian,463.61,36.73,UPI,29.6,3.5,4.6,Delivered
ORD102837,24-01-2025,18:48:30,C2049,Bangalore,Fast Food,North Indian,259.39,51.81,Debit Card,52.5,6.9,4.6,Delivered
ORD103405,08-11-2025,12:04:30,C1158,Hyderabad,Cloud Kitchen,North Indian,90,17.84,Cash,32.7,2.8,5,Delivered
ORD104168,23-06-2025,19:44:00,C1562,Hyderabad,Cafe,Fast Food,333.16,27.72,UPI,24.5,2.6,4.7,Delivered
ORD101499,09-12-2025,21:51:30,C1542,Mumbai,Cloud Kitchen,South Indian,571.1,45.84,Credit Card,29.5,3.4,3.9,Delivered
ORD100580,07-02-2025,22:44:00,C1709,Kochi,Cloud Kitchen,Biryani,404.77,45.82,Debit Card,36.9,4.7,4.5,Delivered
ORD101535,15-11-2025,19:38:15,C1742,Chennai,Casual Dining,Chinese,318.66,72.85,Debit Card,63.3,13,3.4,Delivered
ORD102651,27-08-2025,12:10:00,C1926,Chennai,Cafe,South Indian,300.21,27.87,UPI,25.3,1.4,5,Delivered
ORD100663,27-01-2025,19:30:00,C1906,Bangalore,Fast Food,Italian,365.77,41.52,UPI,49.5,4.9,3.7,Delivered
ORD103566,24-09-2025,10:46:00,C2134,Mumbai,Casual Dining,Desserts,479.67,19.19,UPI,17.6,1.8,4.7,Delivered
ORD101509,02-01-2025,11:35:45,C2045,Chennai,Cloud Kitchen,Italian,666.86,46.1,UPI,33.4,5.3,3.9,Delivered
ORD100823,01-11-2025,22:08:15,C2013,Hyderabad,Cafe,Fast Food,283.97,71.43,UPI,45.7,8.3,4.2,Delivered
ORD102212,03-10-2025,21:34:45,C1539,Bangalore,Casual Dining,Continental,900.89,43.69,Credit Card,45.4,6.5,4.8,Refunded
ORD101717,09-09-2025,21:27:30,C1615,Bangalore,Casual Dining,North Indian,830.33,28.81,Wallet,45.3,3.8,3.9,Delivered
ORD103661,06-03-2025,21:56:00,C1963,Bangalore,Fast Food,Biryani,252.49,32.21,Cash,29.2,3.9,4,Delivered
ORD102353,04-03-2025,15:14:30,C1524,Mumbai,Cloud Kitchen,Chinese,340.45,66.36,Cash,38.2,6.2,4.6,Delivered
ORD103775,06-04-2025,01:07:00,C1482,Hyderabad,Casual Dining,Biryani,90,62.58,Debit Card,45,9.2,4,Delivered
ORD104679,02-08-2025,14:52:00,C1888,Bangalore,Casual Dining,Biryani,682.48,22.62,Wallet,25.1,3.1,4.8,Delivered
ORD104240,16-03-2025,20:32:00,C1140,Chennai,Cafe,South Indian,149.38,22.37,UPI,31.3,2.1,4.5,Delivered
ORD102941,09-03-2025,16:07:30,C1963,Hyderabad,Cloud Kitchen,Biryani,358.13,34.31,Credit Card,29.6,3.4,4.2,Delivered
ORD101311,06-08-2025,17:06:15,C1205,Bangalore,Cafe,South Indian,311.1,69.66,UPI,61.9,10.7,3.4,Delivered
ORD104019,07-12-2025,20:46:00,C1927,Bangalore,Fast Food,South Indian,222.81,28.11,UPI,43.4,3.5,4.2,Delivered
ORD103742,25-01-2025,21:49:30,C2075,Mumbai,Cafe,Italian,532.93,34.48,Credit Card,29.9,2.5,4.6,Delivered
ORD100656,14-08-2025,12:54:00,C2188,Mumbai,Fast Food,South Indian,228.56,29.06,UPI,38.4,2.3,4.2,Delivered
ORD103622,18-06-2025,21:35:00,C1672,Kochi,Cafe,Chinese,369.82,19.1,Credit Card,31.3,0.9,4.8,Delivered
ORD104988,30-09-2025,22:33:15,C1865,Hyderabad,Cafe,Continental,390.82,67.87,UPI,38.9,7.9,4.9,Delivered
ORD101677,16-01-2025,17:49:15,C1601,Bangalore,Fine Dining,Biryani,682.94,60.68,Credit Card,41.8,5.9,4,Delivered
ORD101571,06-02-2025,15:10:15,C1924,Chennai,Cloud Kitchen,Biryani,818.58,25.62,Credit Card,13.2,1.5,4.5,Delivered
ORD100231,17-07-2025,10:52:00,C1198,Bangalore,Cloud Kitchen,Biryani,403.38,49.9,Cash,46.8,6,4,Delivered
ORD101890,16-05-2025,20:59:00,C1726,Mumbai,Casual Dining,Chinese,735.13,47.47,Credit Card,36,3.9,5,Delivered
ORD100797,22-07-2025,08:57:15,C1518,Hyderabad,Casual Dining,Chinese,876.84,17.5,Cash,32.7,3.6,4.4,Delivered
ORD103189,01-09-2025,10:23:00,C1023,Bangalore,Cafe,North Indian,385.96,32.93,Debit Card,,2.4,,Cancelled
ORD103250,06-10-2025,22:47:00,C1731,Bangalore,Cloud Kitchen,Chinese,168.3,49.5,UPI,18.2,3.7,4.5,Delivered
ORD102114,21-10-2025,13:20:30,C1913,Mumbai,Cloud Kitchen,Chinese,505.64,67.92,UPI,47.3,7.4,3.9,Delivered
ORD100625,07-11-2025,21:25:00,C1519,Bangalore,Fast Food,Italian,279.57,41.39,UPI,38.6,4,3.9,Delivered
ORD100117,15-10-2025,17:08:15,C1498,Bangalore,Casual Dining,South Indian,631.11,45.48,Credit Card,32.3,4.6,4.5,Delivered
ORD103437,18-09-2025,14:51:45,C1901,Mumbai,Fast Food,Desserts,90,42.56,Cash,24.1,1.8,4.6,Delivered
ORD102692,19-07-2025,19:14:00,C1797,Bangalore,Cloud Kitchen,,410.33,24.09,UPI,38.7,2.3,4.2,Delivered
ORD102454,07-05-2025,12:29:30,C1315,Hyderabad,Casual Dining,Italian,842.09,54.44,Credit Card,47.7,7,4.1,Delivered
ORD103654,17-07-2025,20:02:15,C1273,Bangalore,Cloud Kitchen,Desserts,191.69,22.15,Cash,32.1,1.7,4.2,Delivered
ORD104350,16-07-2025,13:36:00,C1551,Mumbai,Casual Dining,Biryani,465.29,39.67,UPI,60.5,8.4,3,Delivered
ORD103466,05-01-2025,11:21:30,C1734,Chennai,Fine Dining,Fast Food,898.52,28.46,UPI,47.4,7.4,4.1,Delivered
ORD102881,29-01-2025,22:36:00,C1556,Chennai,Casual Dining,Fast Food,601.35,24.3,Cash,16.8,2.2,4.7,Delivered
ORD101151,24-11-2025,22:29:00,C1466,Mumbai,Fast Food,North Indian,268.48,33.93,UPI,29.7,2.7,4.7,Delivered
ORD104294,04-06-2025,14:07:30,C1311,Hyderabad,Cloud Kitchen,South Indian,375.46,48.5,Cash,26.7,4.6,4.8,Delivered
ORD103483,02-08-2025,08:52:00,C1083,Hyderabad,Casual Dining,Biryani,463.95,20.13,UPI,12.6,1.3,4.2,Delivered
ORD103311,24-12-2025,07:03:45,C1366,Hyderabad,Casual Dining,North Indian,887.8,11.67,UPI,,5.9,,Cancelled
ORD102982,08-04-2025,15:24:15,C1590,Bangalore,Cloud Kitchen,Biryani,380.86,22.15,Debit Card,24.6,0.6,4.7,Delivered
ORD101344,31-07-2025,03:20:15,C2094,Kochi,Cloud Kitchen,South Indian,525.1,50.13,Debit Card,46.7,7.8,4.9,Delivered
ORD100556,11-09-2025,20:40:00,C1590,Mumbai,Fast Food,Italian,341.92,41.44,Debit Card,38.4,2.9,4.5,Delivered
ORD102426,27-06-2025,13:08:45,C1052,Hyderabad,Fast Food,Biryani,253.25,26.46,Cash,31.8,1.5,4.3,Delivered
ORD103272,03-07-2025,23:13:00,C1524,Bangalore,Casual Dining,Italian,385.69,33.76,Credit Card,26.7,3.1,4.6,Delivered
ORD100414,14-01-2025,11:20:00,C1846,Kochi,Fast Food,Desserts,219.62,42,Cash,12,2.5,4.7,Delivered
ORD100925,13-01-2025,16:34:30,C1728,Chennai,Fine Dining,Biryani,1532.81,13.98,Credit Card,32.7,4.8,4.1,Delivered
ORD103506,17-01-2025,21:34:45,C1849,Chennai,Fast Food,Chinese,182.41,19.79,UPI,27.1,1.9,5,Delivered
ORD103725,04-12-2025,11:13:00,C2018,Hyderabad,Fine Dining,Biryani,801.1,34.08,UPI,41.4,5.3,4.1,Delivered
ORD102437,07-11-2025,17:21:00,C1956,Bangalore,Fast Food,South Indian,181.49,35.83,Credit Card,,4.6,,Cancelled
ORD103498,10-09-2025,16:14:30,C1700,Bangalore,Casual Dining,South Indian,382.89,39.32,Debit Card,29.2,2.6,4.8,Delivered
ORD104972,10-05-2025,12:32:00,C1906,Chennai,Casual Dining,North Indian,524.72,51.88,UPI,39,2.9,3.6,Delivered
ORD102474,17-08-2025,18:55:00,C1397,Hyderabad,Fast Food,Chinese,538.06,26.6,UPI,19.7,4.2,4.6,Delivered
ORD101814,12-12-2025,21:47:00,C1295,Chennai,Casual Dining,South Indian,392.98,49.63,Cash,41.2,7.5,4.3,Delivered
ORD101204,29-03-2025,15:00:30,C1068,Hyderabad,Cloud Kitchen,North Indian,267.77,27.17,UPI,30,2.7,4.8,Delivered
ORD101779,26-05-2025,09:56:00,C1265,Chennai,Casual Dining,Biryani,528.43,55.8,UPI,17.8,4.8,5,Delivered
ORD103754,19-11-2025,15:40:45,C1933,Hyderabad,Cafe,Desserts,410,71.02,Credit Card,,8.2,,Cancelled
ORD100289,09-11-2025,22:50:30,C1364,Kochi,Fine Dining,Chinese,1182.64,7.81,UPI,28.4,3,4.6,Delivered
ORD101805,16-06-2025,16:41:45,C1762,Mumbai,Casual Dining,Chinese,482.33,18.25,Debit Card,24.4,3.2,4.5,Delivered
ORD103906,29-01-2025,22:57:30,C1260,Kochi,Casual Dining,South Indian,776.13,35.98,UPI,23.1,3.2,4.6,Delivered
ORD104907,21-04-2025,20:50:00,C1200,Bangalore,Fast Food,Fast Food,273.59,64.04,UPI,46.5,6.4,4.4,Delivered
ORD101288,11-05-2025,15:11:30,C2098,Bangalore,Fast Food,Chinese,167.64,42.1,UPI,37.7,2.6,4.7,Delivered
ORD102748,12-03-2025,21:43:15,C1374,Mumbai,Casual Dining,Biryani,428.28,36.01,Wallet,24.9,3.3,5,Delivered
ORD103671,26-11-2025,21:21:15,C1850,Bangalore,Cafe,Biryani,411.89,33.48,Cash,32.9,1.6,4.8,Delivered
ORD101573,23-09-2025,22:04:15,C1025,Kochi,Fast Food,Fast Food,274.74,84.08,UPI,42.6,12.8,4.3,Delivered
ORD104156,20-10-2025,13:22:00,C1464,Bangalore,Fast Food,South Indian,292.3,33.78,Debit Card,35.1,1.7,3.9,Refunded
ORD100954,10-05-2025,20:03:00,C1880,Bangalore,Cafe,North Indian,401.09,79.04,Credit Card,71.6,11.4,4.2,Delivered
ORD100107,27-02-2025,20:45:00,C1029,Mumbai,Cloud Kitchen,Italian,570.03,64.98,Cash,69,10.7,3.8,Delivered
ORD102992,19-09-2025,12:09:15,C1246,Mumbai,Casual Dining,South Indian,402.86,33.63,Cash,48.3,2.4,4.1,Delivered
ORD101851,21-01-2025,13:53:45,C1107,Bangalore,Cloud Kitchen,Biryani,501.92,14.68,Cash,28.2,1.4,4.3,Delivered
ORD101162,23-10-2025,14:10:30,C1571,Mumbai,Casual Dining,North Indian,539.46,42.15,Credit Card,24.2,3.5,5,Delivered
ORD101575,12-11-2025,20:18:00,C1177,Kochi,Cloud Kitchen,North Indian,368.28,26.22,Credit Card,23.5,2.4,4.6,Delivered
ORD103950,07-01-2025,22:38:00,C1028,Chennai,Cafe,South Indian,90,40,UPI,25,3.3,4.9,Delivered
ORD102123,19-03-2025,19:38:00,C1483,Chennai,Fast Food,Fast Food,115.68,50.51,Credit Card,30.2,3.3,4.4,Delivered
ORD103492,06-04-2025,15:50:45,C2047,Chennai,Fast Food,North Indian,404.45,27.39,UPI,34,3,4.6,Delivered
ORD103086,03-11-2025,14:18:00,C1062,Mumbai,Cloud Kitchen,North Indian,412.62,24.72,UPI,21.8,3.4,4.7,Delivered
ORD100176,28-01-2025,16:52:45,C1984,Bangalore,Fast Food,South Indian,229.93,34.53,UPI,26.2,3.5,4.7,Delivered
ORD100124,23-12-2025,18:41:45,C1065,Bangalore,Casual Dining,Italian,340.62,36.15,UPI,14.3,2.1,4.5,Delivered
ORD101280,01-04-2025,13:34:00,C1169,Kochi,Casual Dining,Biryani,297.06,55.16,Wallet,35.5,3.7,4.4,Delivered
ORD103270,14-03-2025,21:32:00,C1015,Bangalore,Cloud Kitchen,Fast Food,510.86,24.32,Cash,28.9,2.7,4.4,Delivered
ORD104642,10-10-2025,15:43:15,C1811,Bangalore,Casual Dining,North Indian,561.89,50.04,Debit Card,51.9,6.9,4.1,Delivered
ORD101292,21-08-2025,17:41:00,C1293,Mumbai,Cloud Kitchen,Biryani,508.88,38.91,UPI,24.3,1.4,4.8,Delivered
ORD104951,12-06-2025,16:34:15,C1555,Bangalore,Fine Dining,Biryani,1463.18,24.52,Credit Card,30.9,5.1,4.6,Delivered
ORD101476,04-11-2025,22:31:00,C2101,Mumbai,Cloud Kitchen,South Indian,208.72,13.14,Debit Card,31.1,2.8,4.9,Delivered
ORD101722,11-02-2025,11:51:00,C1091,Kochi,Fast Food,Italian,368.47,36.64,Debit Card,18.3,3.6,4.6,Delivered
ORD100349,03-03-2025,18:54:00,C1334,Hyderabad,Fast Food,Chinese,124.52,11.44,Debit Card,25.2,1.3,4.8,Delivered
ORD101916,31-08-2025,16:30:15,C1096,Hyderabad,Fast Food,Italian,262.79,63.8,Cash,40.4,5.7,4.3,Delivered
ORD103981,20-03-2025,19:31:15,C1151,Bangalore,Cloud Kitchen,Desserts,405.62,39.85,Debit Card,52.3,4.3,4.6,Delivered
ORD100277,04-06-2025,04:17:00,C1528,Mumbai,Cloud Kitchen,Fast Food,511.31,26.45,UPI,32.2,2.7,4.7,Delivered
ORD101523,03-09-2025,11:07:30,C2066,Mumbai,Fast Food,Chinese,281.57,51.17,Wallet,33.6,4.5,4.2,Delivered
ORD101278,24-03-2025,19:42:15,C1479,Bangalore,Casual Dining,Italian,541.04,35.69,Cash,29.7,1.8,4.4,Delivered
ORD100642,04-03-2025,15:56:30,C1757,Bangalore,Casual Dining,North Indian,701.7,31.28,Cash,19.8,2.1,4.4,Delivered
ORD100780,19-12-2025,22:38:45,C2176,Bangalore,Casual Dining,Biryani,236.03,33.47,Wallet,42.1,5.4,4,Delivered
ORD100605,06-04-2025,12:40:00,C2058,Mumbai,Fine Dining,South Indian,635.26,34.57,UPI,30,2.3,4.9,Delivered
ORD100383,15-05-2025,20:33:00,C1893,Kochi,Casual Dining,Continental,667.45,70.47,Cash,59.6,10.6,4,Delivered
ORD102669,29-08-2025,13:56:00,C2152,Chennai,Cafe,Chinese,309.93,88.71,UPI,60.8,11.3,4.2,Delivered
ORD102180,15-01-2025,14:30:00,C1112,Chennai,Casual Dining,Chinese,650.59,42.3,UPI,34.4,3.8,4.6,Delivered
ORD102448,04-10-2025,19:58:00,C1743,Bangalore,Cloud Kitchen,Fast Food,532.76,68.06,Credit Card,64.9,11.6,4,Delivered
ORD100491,28-09-2025,10:10:45,C2073,Kochi,Fast Food,Chinese,400.63,44.57,UPI,16.3,1.2,5,Delivered
ORD104607,16-06-2025,20:26:15,C1633,Mumbai,Cloud Kitchen,North Indian,505.96,18.26,UPI,,2,,Cancelled
ORD100192,23-03-2025,18:08:30,C1889,Hyderabad,Casual Dining,Continental,805.32,16.62,UPI,28.4,2.2,4.5,Delivered
ORD101577,17-07-2025,23:41:15,C1483,Bangalore,Casual Dining,Continental,369.06,51.98,Cash,47.8,6.5,4.7,Delivered
ORD102137,17-07-2025,22:31:30,C1668,Kochi,Cloud Kitchen,Fast Food,269.02,26.63,Cash,27.4,2.8,4.9,Delivered
ORD104325,11-03-2025,14:07:00,C1766,Hyderabad,Fine Dining,Biryani,1449.38,13.19,Cash,,2.6,,Cancelled
ORD104640,18-07-2025,21:50:30,C1307,Hyderabad,Fast Food,Desserts,173.2,27.54,Cash,48.4,5.6,4.3,Delivered
ORD101968,27-05-2025,14:15:30,C2142,Bangalore,Fine Dining,Chinese,914.36,9.25,Debit Card,23,2.5,4.8,Delivered
ORD101421,20-05-2025,19:20:30,C1137,Hyderabad,Cloud Kitchen,Desserts,362.07,74.36,Cash,60.3,11.3,3.6,Delivered
ORD103036,17-12-2025,21:38:00,C1541,Bangalore,Casual Dining,North Indian,842.56,16.52,Cash,39.2,2,4.4,Delivered
ORD102450,28-03-2025,19:51:00,C2065,Bangalore,Cafe,Desserts,484.51,24.91,UPI,33.9,3.9,3.8,Delivered
ORD102419,15-07-2025,20:38:15,C1761,Chennai,Casual Dining,Desserts,373.34,35.49,Credit Card,25.6,2.5,4.6,Delivered
ORD100048,03-05-2025,14:02:00,C1969,Mumbai,Cloud Kitchen,Chinese,172.55,16.83,Debit Card,29.3,1.1,4.4,Delivered
ORD103100,12-01-2025,20:29:15,C1921,Hyderabad,Fast Food,North Indian,181.18,46.48,UPI,51,3.4,4,Delivered
ORD101559,11-03-2025,12:00:00,C1578,Bangalore,Fast Food,Biryani,180.92,26.65,UPI,34.7,2.8,4.5,Delivered
ORD104848,25-09-2025,13:09:45,C1697,Bangalore,Cloud Kitchen,Italian,441.3,59.94,Wallet,34.8,5.7,5,Delivered
ORD103870,26-08-2025,18:26:00,C1109,Hyderabad,Cloud Kitchen,Chinese,356.47,44.83,UPI,26.3,3.8,4.7,Delivered
ORD104853,23-03-2025,07:05:30,C1884,Bangalore,Fast Food,Chinese,381.67,41.01,Cash,40.1,3.8,4.6,Delivered
ORD104283,24-11-2025,19:52:00,C1175,Chennai,Cloud Kitchen,Continental,655.51,38.55,UPI,31.6,3.8,4.6,Delivered
ORD103381,13-10-2025,13:52:15,C1105,Bangalore,Fast Food,Chinese,372.99,46.56,UPI,34.7,3.7,4.5,Delivered
ORD100821,10-08-2025,21:13:00,C1390,Hyderabad,Casual Dining,Biryani,801.75,36.37,Debit Card,,7.4,,Cancelled
ORD100765,14-02-2025,20:59:00,C1956,Chennai,Cafe,Biryani,392.85,100.78,Cash,66.3,15,3.2,Delivered
ORD101731,26-05-2025,14:35:45,C2035,Mumbai,Cloud Kitchen,Fast Food,220.34,49.5,Cash,25.5,6.6,4.5,Delivered
ORD103575,26-03-2025,15:24:30,C1088,Hyderabad,Casual Dining,Italian,372.58,52.68,UPI,38.9,5.6,4.3,Delivered
ORD103862,16-03-2025,18:42:45,C2033,Mumbai,Fast Food,South Indian,254.1,32.68,UPI,20.2,2.1,5,Delivered
ORD100474,04-11-2025,18:38:00,C1633,Hyderabad,Cafe,North Indian,271.12,68.14,Cash,45.2,5.6,4.4,Delivered
ORD101322,24-11-2025,21:35:00,C1952,Hyderabad,Fast Food,Desserts,276.5,31.92,UPI,37.3,2.8,4.6,Delivered
ORD101984,17-06-2025,18:03:00,C2025,Bangalore,Casual Dining,Biryani,826.69,21.05,UPI,30.9,2.8,4.4,Delivered
ORD103358,27-05-2025,22:07:15,C2187,Bangalore,Fast Food,Chinese,409.11,13.31,UPI,16.5,1.3,5,Delivered
ORD101347,28-04-2025,18:18:15,C2138,Mumbai,Cloud Kitchen,Continental,538.86,41.26,UPI,22.4,3.8,4.5,Delivered
ORD104287,29-03-2025,12:24:00,C2047,Hyderabad,Cloud Kitchen,Biryani,469.58,31.6,Debit Card,38.7,2.9,4.1,Delivered
ORD103227,20-07-2025,20:30:15,C1098,Bangalore,Casual Dining,North Indian,414.85,58.42,UPI,51.5,6.5,4,Delivered
ORD101445,11-09-2025,20:39:00,C1588,Hyderabad,Cloud Kitchen,Fast Food,348.35,21.93,Debit Card,42.6,3.2,3.8,Delivered
ORD102746,05-07-2025,18:32:00,C2065,Chennai,Casual Dining,Fast Food,521.43,31.17,Cash,19.9,1.8,4.7,Delivered
ORD101913,30-04-2025,14:11:15,C1425,Mumbai,Cafe,South Indian,123.61,46.66,Debit Card,49.9,6.8,3.7,Delivered
ORD104698,10-12-2025,11:16:00,C2186,Chennai,Fast Food,Chinese,148.95,39.15,Credit Card,38.1,6.3,4.4,Delivered
ORD100415,18-05-2025,16:04:15,C1060,Chennai,Fast Food,Desserts,90,46.27,UPI,,6.2,,Cancelled
ORD104632,16-12-2025,19:51:00,C1821,Bangalore,Fast Food,Continental,429.81,43.05,UPI,44.4,4.1,3.9,Delivered
ORD103815,07-04-2025,21:23:00,C1027,Bangalore,Cloud Kitchen,South Indian,311.01,57.32,UPI,45,5.4,4,Delivered
ORD102121,11-08-2025,20:04:00,C2024,Hyderabad,Fine Dining,Biryani,585.68,39.59,Wallet,26.4,2.1,5,Delivered
ORD103273,25-09-2025,13:15:00,C1696,Hyderabad,Cafe,Fast Food,465.66,51.92,Cash,39.3,6.2,3.8,Delivered
ORD100972,16-03-2025,22:25:00,C1893,Bangalore,Fast Food,Biryani,393.39,44.98,Credit Card,34.9,6.7,5,Delivered
ORD101908,10-10-2025,17:55:30,C1715,Mumbai,Fast Food,North Indian,412.47,60.93,Debit Card,45.5,8.1,4.2,Delivered
ORD100890,20-01-2025,22:00:15,C1382,Mumbai,Cloud Kitchen,Chinese,414.85,42.05,Debit Card,37.6,6,4.1,Delivered
ORD103598,15-11-2025,12:45:30,C1352,Bangalore,Cloud Kitchen,Fast Food,670.05,25.55,UPI,44,3.3,3.9,Delivered
ORD100646,21-05-2025,20:32:45,C1094,Hyderabad,Cloud Kitchen,Biryani,485.34,29.09,UPI,12.8,0.9,4.2,Delivered
ORD100021,15-01-2025,01:37:00,C1079,Bangalore,Casual Dining,Biryani,399.82,39.16,UPI,32.9,4.4,4.5,Delivered
ORD102481,06-05-2025,19:56:00,C1526,Bangalore,Casual Dining,Biryani,875.9,4.99,UPI,41.8,2.5,4.3,Delivered
ORD100615,12-02-2025,21:33:45,C2161,Mumbai,Fast Food,Chinese,331.98,47.43,UPI,48.7,6.4,4.5,Delivered
ORD103356,15-10-2025,12:50:00,C1297,Mumbai,Fine Dining,South Indian,830.11,19.62,UPI,44.2,5,4.5,Delivered
ORD100181,21-02-2025,20:56:15,C1541,Chennai,Casual Dining,Biryani,502.76,27.39,UPI,32.6,1.9,4.4,Delivered
ORD103025,23-10-2025,18:20:45,C1821,Hyderabad,Cloud Kitchen,South Indian,418.18,40.11,UPI,24.7,3.9,4.7,Delivered
ORD101743,22-04-2025,23:32:00,C1032,Kochi,Cloud Kitchen,Italian,496.51,31.45,UPI,28.7,4,4.9,Delivered
ORD101936,29-10-2025,10:13:45,C1288,Chennai,Fine Dining,Chinese,543.67,37.81,Wallet,,3.3,,Cancelled
ORD103392,19-06-2025,12:38:45,C1518,Mumbai,Cloud Kitchen,Continental,381.61,63.39,Cash,40.5,5.9,4.3,Delivered
ORD101323,06-03-2025,18:59:45,C1538,Bangalore,Cafe,Fast Food,135.74,23.75,UPI,27.3,1.5,4.7,Delivered
ORD103046,11-11-2025,12:48:15,C1672,Chennai,Cloud Kitchen,Biryani,372.04,11.59,Cash,29.3,1.3,4.7,Delivered
ORD101937,15-01-2025,14:40:00,C1452,Bangalore,Casual Dining,Chinese,109.34,47.15,Debit Card,,6.1,,Cancelled
ORD104061,04-03-2025,23:15:30,C1113,Bangalore,Cafe,South Indian,349.56,35.36,Wallet,38.4,3.2,4.3,Delivered
ORD100815,08-11-2025,22:14:15,C1543,Chennai,Cafe,South Indian,265.32,32.56,UPI,33.1,2.6,4.4,Delivered
ORD104536,28-10-2025,20:32:30,C1485,Chennai,Casual Dining,Desserts,636.43,42.14,UPI,31,3.2,4.4,Delivered
ORD103957,25-07-2025,12:11:30,C2185,Bangalore,Cloud Kitchen,Desserts,372.19,13.89,UPI,33.2,0.7,4.7,Delivered
ORD100617,13-08-2025,14:31:00,C2075,Hyderabad,Fine Dining,Italian,1568.21,3.34,UPI,20.7,3.8,4.7,Delivered
ORD101545,07-02-2025,12:20:00,C1059,Hyderabad,Fast Food,Desserts,341.98,24.12,UPI,25.9,1.3,4.5,Delivered
ORD104491,16-07-2025,18:21:00,C1764,Mumbai,Cloud Kitchen,Biryani,270.53,30.92,Wallet,19.6,0.8,4.7,Delivered
ORD102633,27-08-2025,22:59:15,C2179,Bangalore,Casual Dining,Biryani,347,57.3,Wallet,45.2,6.4,4.4,Delivered
ORD104360,06-08-2025,13:47:15,C1048,Mumbai,Cafe,South Indian,183.11,35.9,Credit Card,28.9,2.7,4.2,Delivered
ORD104370,29-08-2025,17:14:00,C2033,Hyderabad,Cloud Kitchen,Biryani,258.68,37.51,UPI,33,4,4.4,Delivered
ORD100536,01-08-2025,09:53:30,C1651,Chennai,Cloud Kitchen,Continental,631.23,18.33,UPI,,2.2,,Cancelled
ORD103551,13-08-2025,20:19:00,C1486,Mumbai,Fast Food,Chinese,208.3,26.3,Credit Card,24.2,2.1,4.5,Delivered
ORD100330,16-06-2025,14:55:00,C1770,Kochi,Fast Food,Biryani,320.21,38.46,UPI,18,2.3,4.8,Delivered
ORD103529,27-08-2025,14:54:45,C2179,Mumbai,Fast Food,South Indian,281,44.53,UPI,36.3,4.1,4.3,Delivered
ORD103842,13-10-2025,21:15:00,C1041,Mumbai,Casual Dining,Italian,290.68,37.23,Cash,29.4,4.2,4.5,Delivered
ORD103860,24-03-2025,15:26:15,C2012,Chennai,Casual Dining,Italian,406.37,31.27,Credit Card,,0.8,,Cancelled
ORD101107,05-01-2025,18:22:00,C2050,Mumbai,Cloud Kitchen,Continental,532.25,30.97,UPI,26.5,1.8,5,Delivered
ORD103987,14-01-2025,13:26:00,C1032,Mumbai,Cafe,Biryani,141.87,38.64,UPI,37.2,4,5,Delivered
ORD102517,19-03-2025,23:43:00,C1782,Hyderabad,Cloud Kitchen,South Indian,431.2,16.25,Debit Card,29,3.6,4.6,Delivered
ORD103596,22-08-2025,14:02:45,C1027,Mumbai,Casual Dining,Fast Food,597.27,53.2,UPI,,2.2,,Cancelled
ORD103612,17-10-2025,18:08:00,C1739,Kochi,Fast Food,Italian,506.89,47.89,UPI,35.8,5.4,4.1,Delivered
ORD102689,07-12-2025,23:16:15,C2030,Bangalore,Cafe,South Indian,193.27,35.8,Credit Card,18.4,1.5,4.6,Delivered
ORD103352,04-06-2025,13:58:00,C1436,Bangalore,Cloud Kitchen,South Indian,507.29,65.59,UPI,48.9,7.3,3.8,Delivered
ORD103140,04-04-2025,12:57:00,C1619,Hyderabad,Casual Dining,Desserts,444.13,30.76,Cash,28.7,1.2,4,Delivered
ORD104099,05-05-2025,19:12:00,C1018,Kochi,Cloud Kitchen,Continental,575.04,44.61,UPI,35.7,4.4,4,Delivered
ORD103820,14-12-2025,20:15:45,C1079,Mumbai,Casual Dining,South Indian,753.11,40.65,UPI,52,3.8,4.5,Delivered
ORD101622,16-10-2025,23:09:00,C2156,Chennai,Cloud Kitchen,Biryani,553.84,43.14,UPI,35,5.3,4.4,Delivered
ORD102898,16-09-2025,21:42:45,C1580,Mumbai,Fast Food,South Indian,331.98,56.28,Debit Card,36.8,4.6,4.6,Delivered
ORD104812,10-08-2025,22:42:00,C1927,Bangalore,Fine Dining,Chinese,728.83,56.41,UPI,36.9,6,4.1,Delivered
ORD102788,23-04-2025,19:55:00,C1530,Bangalore,Casual Dining,Chinese,281.96,25.52,UPI,30,1.6,4.7,Delivered
ORD102817,14-05-2025,09:55:00,C2154,Chennai,Fast Food,North Indian,225.97,46.5,UPI,27.9,6,4.9,Delivered
ORD104802,21-02-2025,18:32:15,C2012,Hyderabad,Cafe,South Indian,150.12,26.6,Wallet,19,3.6,4.9,Delivered
ORD101875,23-12-2025,21:05:00,C1033,Kochi,Casual Dining,Chinese,428.92,24,UPI,32.8,3,5,Delivered
ORD102234,24-11-2025,18:07:45,C1358,Hyderabad,Casual Dining,Desserts,157.54,31.05,UPI,27.1,1.7,4.9,Delivered
ORD102557,14-09-2025,16:42:00,C1634,Kochi,Casual Dining,South Indian,303.54,35.56,Debit Card,,2.2,,Cancelled
ORD102904,09-10-2025,21:24:30,C1538,Hyderabad,Fast Food,Biryani,281.58,31.56,Debit Card,25.3,3.4,4.5,Delivered
ORD103088,14-03-2025,22:51:00,C1538,Kochi,Cafe,Biryani,305.45,72.83,UPI,51.1,8,4.2,Delivered
ORD100466,25-09-2025,17:48:00,C1996,Chennai,Casual Dining,Chinese,422.17,42.63,UPI,31.9,3.4,4.8,Delivered
ORD102108,08-09-2025,13:55:30,C1088,Hyderabad,Casual Dining,South Indian,747.07,64.63,Debit Card,49.1,8.8,3.9,Delivered
ORD104766,31-03-2025,18:32:00,C2097,Chennai,Fast Food,North Indian,218.97,55.86,Credit Card,33.6,6.3,4.2,Delivered
ORD101642,22-10-2025,21:58:30,C1209,Mumbai,Fast Food,South Indian,248.79,56.25,Cash,51.2,7.1,4.3,Delivered
ORD104348,23-10-2025,18:21:00,C1096,Bangalore,Cloud Kitchen,North Indian,185.54,28.18,UPI,25.2,1.4,4.6,Delivered
ORD100306,25-05-2025,14:40:00,C1784,Chennai,Casual Dining,North Indian,428.63,50.4,UPI,31.4,4.8,5,Delivered
ORD103261,30-07-2025,13:06:00,C2046,Chennai,Casual Dining,South Indian,680.29,30.65,UPI,34.5,2.9,4.1,Delivered
ORD104071,03-04-2025,22:46:30,C1454,Bangalore,Cloud Kitchen,South Indian,372.85,33.48,UPI,24.5,2,4.7,Delivered
ORD104962,01-10-2025,22:54:00,C1596,Chennai,Fast Food,Biryani,349.77,31.72,Credit Card,28.9,4.5,4.9,Delivered
ORD100632,18-04-2025,15:59:00,C2059,Hyderabad,Fast Food,South Indian,396.66,39.63,Credit Card,19.2,3.4,4.3,Delivered
ORD103063,02-09-2025,14:10:00,C1665,Mumbai,Fine Dining,Biryani,1127.3,43.03,UPI,43.4,8.6,4.3,Delivered
ORD101552,28-09-2025,14:59:30,C1094,Kochi,Cafe,Biryani,398.4,66.22,UPI,42.3,7.7,3.8,Refunded
ORD101443,01-11-2025,22:24:45,C1501,Bangalore,Cafe,Biryani,116.67,41.24,UPI,39.3,3.8,,Delivered
ORD103919,27-02-2025,15:30:00,C1462,Hyderabad,Cloud Kitchen,South Indian,334.92,17.82,UPI,26.1,1.7,4.9,Delivered
ORD104738,13-04-2025,18:20:15,C2097,Hyderabad,Fast Food,Biryani,276.12,20.54,UPI,21.9,1.9,4.7,Delivered
ORD104455,05-01-2025,23:26:00,C1590,Mumbai,Casual Dining,Chinese,423.1,65.61,UPI,27.8,7.2,4.6,Delivered
ORD100287,02-01-2025,14:31:15,C2114,Mumbai,Cafe,Chinese,319.63,38.95,UPI,34.8,3.9,4.3,Delivered
ORD103087,06-04-2025,14:43:00,C1268,Chennai,Casual Dining,South Indian,357.28,43.58,Credit Card,29.7,3.6,4.6,Delivered
ORD101691,19-05-2025,22:19:30,C1578,Bangalore,Cloud Kitchen,North Indian,380.27,78.85,Debit Card,65.2,10.4,4.5,Delivered
ORD102442,25-09-2025,19:18:15,C1297,Bangalore,Fine Dining,South Indian,847.74,7.06,UPI,26.8,1.6,4.5,Delivered
ORD100673,20-09-2025,18:32:00,C2104,Hyderabad,Cafe,Biryani,357.35,40.18,Cash,41.9,4.6,4.1,Delivered
ORD102893,05-04-2025,19:57:45,C1572,Hyderabad,Cafe,Fast Food,212.25,32.4,UPI,28.7,3.3,5,Delivered
ORD103097,11-05-2025,21:44:00,C1113,Mumbai,Cloud Kitchen,Fast Food,231.09,41.59,UPI,45.3,4.5,4.4,Delivered
ORD102244,03-01-2025,20:36:00,C1848,Bangalore,Cloud Kitchen,Continental,464.65,70.42,Debit Card,69.3,11.2,3.5,Delivered
ORD102969,25-10-2025,22:00:00,C1646,Bangalore,Fast Food,Biryani,381.01,31.33,UPI,27.8,4.8,4.4,Delivered
ORD102119,06-10-2025,17:03:00,C1739,Bangalore,Cafe,Biryani,208.6,23.77,UPI,23,2.1,4.7,Delivered
ORD102868,24-01-2025,13:30:00,C1004,Kochi,Cafe,North Indian,276.76,17.05,Credit Card,,2.3,,Cancelled
ORD104276,22-03-2025,21:34:00,C1124,Mumbai,Fine Dining,Italian,930.69,37.68,UPI,63.7,6,3.7,Delivered
ORD101184,04-08-2025,21:54:45,C1427,Mumbai,Cafe,North Indian,127.77,82.63,Wallet,71.9,12,3.7,Delivered
ORD102811,04-07-2025,14:43:00,C1778,Mumbai,Casual Dining,South Indian,446.87,40.39,Cash,29,4.1,4.5,Delivered
ORD100937,04-12-2025,16:40:00,C1864,Mumbai,Casual Dining,Biryani,711.71,34.41,UPI,26,2.6,4.8,Delivered
ORD104344,26-01-2025,22:44:30,C1910,Bangalore,Casual Dining,Italian,568.5,29.31,UPI,29,2.4,4.4,Delivered
ORD102068,18-09-2025,20:36:45,C2193,Bangalore,Cloud Kitchen,South Indian,252.06,49.83,Credit Card,42.6,6.5,4.5,Delivered
ORD102717,12-08-2025,17:10:45,C1890,Kochi,Casual Dining,Biryani,90,27.05,UPI,12,1.2,5,Refunded
ORD104430,23-05-2025,12:42:15,C1577,Hyderabad,Cafe,South Indian,227.77,43.5,UPI,36.6,4.5,4.6,Delivered
ORD104948,21-04-2025,17:46:00,C1256,Chennai,Cloud Kitchen,Fast Food,513.66,35.68,Debit Card,37.4,4.8,4.4,Delivered
ORD100878,10-04-2025,15:59:00,C1644,Chennai,Cloud Kitchen,North Indian,338.47,41.21,Wallet,41.7,4,4.3,Delivered
ORD102707,30-10-2025,11:29:00,C1389,Kochi,Fine Dining,Desserts,928.87,3.74,Credit Card,13,1.6,4.6,Delivered
ORD102666,15-08-2025,21:42:00,C1824,Bangalore,Cafe,Biryani,227.18,40.78,UPI,27.6,4.7,4.2,Delivered
ORD104070,10-06-2025,17:32:45,C1347,Hyderabad,Fast Food,North Indian,329.47,44.9,UPI,31,2.8,4.4,Delivered
ORD102028,13-03-2025,21:43:15,C1959,Chennai,Casual Dining,Continental,402.67,79.21,UPI,49.8,7.1,4.2,Delivered
ORD102971,23-02-2025,18:57:15,C2111,Chennai,Casual Dining,South Indian,90,53.84,Credit Card,52.3,8.6,3.7,Refunded
ORD102759,10-09-2025,23:33:15,C2111,Kochi,Cloud Kitchen,Italian,608.01,29.33,UPI,12,2.4,3.9,Delivered
ORD100793,11-10-2025,19:34:00,C1504,Mumbai,Casual Dining,South Indian,384.04,44.49,UPI,31.2,4.3,4.7,Delivered
ORD104598,07-04-2025,17:37:00,C2002,Mumbai,Fast Food,North Indian,239.2,57.87,UPI,57.3,9.7,3.5,Delivered
ORD100092,08-03-2025,18:53:00,C2062,Bangalore,Fast Food,North Indian,351.12,53.31,Debit Card,33.4,5.7,4.4,Delivered
ORD104949,04-07-2025,23:01:00,C1674,Bangalore,Casual Dining,Biryani,487.74,51.05,Credit Card,29.7,4.1,4.7,Delivered
ORD102767,21-05-2025,22:57:15,C1654,Bangalore,Casual Dining,South Indian,662.56,21.58,UPI,18.2,1.2,4.2,Delivered
ORD102507,16-04-2025,20:50:00,C1445,Bangalore,Fine Dining,Italian,586.42,42.95,Credit Card,34.4,3.6,4.3,Delivered
ORD104699,08-12-2025,13:29:45,C1123,Mumbai,Cafe,North Indian,340.7,47.38,Cash,54.2,6.2,3.9,Delivered
ORD103713,15-08-2025,16:52:00,C2138,Mumbai,Fast Food,Chinese,298.79,48.45,UPI,,6.3,,Cancelled
ORD102230,05-08-2025,19:49:15,C1892,Mumbai,Casual Dining,Italian,1054.68,24.82,Debit Card,29.7,2.8,4.4,Delivered
ORD102164,29-11-2025,17:13:00,C1066,Bangalore,Casual Dining,Desserts,521.46,29.06,Debit Card,30.7,1.7,4.7,Delivered
ORD101497,08-02-2025,10:58:00,C1338,Hyderabad,Casual Dining,Biryani,260.55,61.04,Credit Card,53.1,6.8,3.5,Delivered
ORD101975,14-01-2025,13:25:00,C1489,Mumbai,Cafe,Biryani,488.98,33.63,Wallet,,2.9,,Cancelled
ORD104975,16-07-2025,19:33:00,C1641,Mumbai,Fine Dining,North Indian,787.53,43.82,Cash,45.8,5.3,4.7,Delivered
ORD100769,02-03-2025,14:00:45,C1615,Chennai,Casual Dining,North Indian,336.78,28.67,Debit Card,31.8,5.7,4.6,Delivered
ORD103639,19-06-2025,19:16:00,C1471,Hyderabad,Cloud Kitchen,South Indian,678.56,44.77,UPI,41.6,6.2,4.1,Delivered
ORD104365,10-01-2025,20:36:15,C1513,Chennai,Cloud Kitchen,Fast Food,90,59.64,UPI,36.7,5.4,4.5,Delivered
ORD102836,16-07-2025,20:55:30,C1614,Bangalore,Cloud Kitchen,North Indian,537.17,46.44,UPI,42.9,3.1,4.2,Delivered
ORD102072,02-11-2025,14:26:45,C1659,Kochi,Casual Dining,Desserts,820.41,46.79,Credit Card,51,9.9,4.5,Delivered
ORD100340,17-06-2025,22:53:30,C1912,Chennai,Cafe,Desserts,196.02,47.02,UPI,26.1,2.4,4.9,Delivered
ORD101009,13-04-2025,13:36:15,C1555,Chennai,Cloud Kitchen,Biryani,399.27,29.69,Credit Card,,1.3,,Cancelled
ORD104032,02-08-2025,21:07:45,C1643,Chennai,Casual Dining,Biryani,391.1,24.89,UPI,30.9,2.1,5,Delivered
ORD103350,25-03-2025,13:50:45,C1745,Chennai,Casual Dining,Chinese,774.57,55.33,Credit Card,33.3,4.3,4.7,Delivered
ORD101223,24-03-2025,18:15:30,C1762,Kochi,Cafe,Chinese,387.32,44.74,Wallet,22.7,3.8,4.6,Delivered
ORD102506,06-02-2025,22:11:00,C1581,Hyderabad,Fast Food,Biryani,305.39,33.83,UPI,30.1,2.6,4.2,Delivered
ORD101454,07-11-2025,12:58:45,C1463,Mumbai,Casual Dining,North Indian,415.06,72.94,UPI,45.7,7.6,4.2,Delivered
ORD103480,08-12-2025,16:26:00,C1531,Chennai,Casual Dining,North Indian,533.78,57.08,Cash,30.2,4,4.3,Refunded
ORD104849,30-05-2025,22:05:00,C1980,Mumbai,Fast Food,Chinese,323.25,45.66,UPI,21.1,3.5,4.6,Delivered
ORD103251,26-01-2025,14:44:45,C2043,Kochi,Cafe,Fast Food,301.91,74.77,Debit Card,46.4,11,4.5,Delivered
ORD102838,23-02-2025,11:35:00,C1030,Hyderabad,Fine Dining,Biryani,764.9,33.26,Credit Card,23.8,2,4.8,Delivered
ORD100665,07-09-2025,22:30:15,C1335,Bangalore,Fine Dining,Biryani,1043.29,15.79,UPI,34.9,3.1,4.6,Delivered
ORD103017,25-10-2025,13:37:00,C1237,Bangalore,Fast Food,North Indian,395.17,35.28,UPI,38.2,3.1,4.7,Delivered
ORD103061,13-10-2025,22:47:00,C1258,Mumbai,Cafe,Chinese,356.04,27.19,UPI,33.6,2.2,4.5,Delivered
ORD101229,28-07-2025,14:59:00,C1745,Bangalore,Fast Food,Biryani,359.99,8.4,UPI,34.1,0.9,,Delivered
ORD103175,28-07-2025,13:26:00,C1476,Bangalore,Fast Food,North Indian,224.14,42.56,Debit Card,32.1,2.1,4.2,Delivered
ORD104708,09-06-2025,15:42:15,C1782,Hyderabad,Cafe,North Indian,472.51,60.61,UPI,44.5,7,3.8,Delivered
ORD102818,01-02-2025,22:45:15,C1321,Chennai,Cloud Kitchen,Biryani,363.85,34.78,UPI,34,2.5,4.7,Delivered
ORD102690,26-01-2025,22:32:45,C1367,Chennai,Fast Food,North Indian,340.87,46.57,Debit Card,38.1,4.9,4.3,Delivered
ORD102959,10-09-2025,21:07:45,C2174,Chennai,Casual Dining,Fast Food,375.83,22.62,UPI,30.5,2.5,4.8,Delivered
ORD100305,12-06-2025,20:58:15,C1706,Kochi,Cafe,Biryani,473.78,87.55,Credit Card,69.8,13.5,3.5,Delivered
ORD100028,11-01-2025,21:30:00,C1721,Bangalore,Casual Dining,Desserts,553.89,50.45,Cash,51.5,7.2,4.4,Delivered
ORD100533,22-08-2025,14:33:00,C1233,Kochi,Casual Dining,Chinese,376.38,28.82,Credit Card,20.7,3.8,4.4,Delivered
ORD104810,31-01-2025,14:18:15,C1283,Bangalore,Cloud Kitchen,South Indian,161.34,52.98,UPI,53,8.8,4.8,Delivered
ORD103970,12-05-2025,15:25:00,C2123,Chennai,Cafe,Biryani,357.87,43.53,Cash,38.7,5.9,4.6,Delivered
ORD101221,18-02-2025,20:17:45,C1804,Hyderabad,Fast Food,Biryani,293.64,41.38,Wallet,37.6,4.2,5,Delivered
ORD101177,11-02-2025,17:10:00,C1376,Mumbai,Fast Food,South Indian,349.15,64.42,UPI,37.3,6,4.6,Delivered
ORD103764,26-02-2025,16:22:00,C1083,Chennai,Fine Dining,North Indian,993.83,0,UPI,,0.7,,Cancelled
ORD104366,17-10-2025,19:00:45,C1904,Kochi,Cloud Kitchen,North Indian,483.05,67.54,UPI,62.9,10.9,4.2,Delivered
ORD101696,12-10-2025,19:48:00,C1832,Hyderabad,Cloud Kitchen,South Indian,91.53,62.95,UPI,54.3,7.1,3.6,Delivered
ORD102699,24-04-2025,15:22:15,C1703,Bangalore,Cloud Kitchen,Biryani,525.58,57.77,UPI,46.9,8,3.9,Delivered
ORD103918,01-10-2025,18:25:00,C1221,Bangalore,Cloud Kitchen,Biryani,403.16,51.92,Cash,24.5,4,4.7,Delivered
ORD101705,04-01-2025,19:41:00,C1515,Kochi,Fast Food,Biryani,224.82,21.68,UPI,21.5,2.4,4.6,Delivered
ORD102501,06-08-2025,13:53:00,C1407,Kochi,Fast Food,Chinese,226.96,27.01,UPI,31.4,2.4,5,Delivered
ORD103986,09-06-2025,11:50:30,C1341,Chennai,Fast Food,Continental,176.51,34.02,Credit Card,15.4,2.7,4.7,Delivered
ORD101668,01-11-2025,23:13:00,C1478,Bangalore,Casual Dining,Chinese,386.71,43.72,UPI,42.3,7.9,,Delivered
ORD100400,02-03-2025,19:46:00,C1905,Mumbai,Casual Dining,Fast Food,444.45,30.59,UPI,39.3,2.3,4.1,Delivered
ORD102634,01-03-2025,15:40:00,C1682,Chennai,Fast Food,North Indian,208.19,62.37,UPI,42,6.1,4.5,Delivered
ORD102405,26-07-2025,22:25:00,C2094,Bangalore,Fast Food,North Indian,213.48,33.83,Cash,26.2,2.9,4.5,Delivered
ORD104289,28-08-2025,21:56:15,C1859,Bangalore,Casual Dining,North Indian,715.08,55.46,Credit Card,61.2,5.9,4.1,Delivered
ORD103120,07-11-2025,20:54:45,C1234,Mumbai,Fine Dining,Desserts,400.85,29.65,UPI,39.5,3,4.9,Delivered
ORD100993,17-10-2025,14:19:00,C1810,Bangalore,Cloud Kitchen,North Indian,514.97,68.97,Debit Card,44.8,8.6,4.2,Delivered
ORD100428,04-02-2025,22:08:45,C2043,Bangalore,Casual Dining,Biryani,806.83,16.15,Credit Card,23.2,2.9,5,Delivered
ORD103301,11-05-2025,18:38:30,C1726,Kochi,Casual Dining,North Indian,384.02,36.49,UPI,20.9,2.9,4.4,Delivered
ORD104593,30-08-2025,11:03:00,C1877,Bangalore,Casual Dining,Italian,860.73,37.06,Cash,38.3,4.6,4.5,Delivered
ORD100653,08-05-2025,18:23:00,C1798,Hyderabad,Cloud Kitchen,Fast Food,423.32,31.65,UPI,21.8,3,4.8,Delivered
ORD102908,22-09-2025,12:02:00,C1152,Chennai,Fast Food,South Indian,329.3,32.83,Debit Card,34.4,2.3,4.7,Delivered
ORD104101,17-03-2025,19:49:30,C1909,Hyderabad,Fast Food,Biryani,312.86,38.63,Credit Card,38.8,4.3,4.4,Delivered
ORD103682,17-08-2025,19:54:15,C1710,Mumbai,Fine Dining,South Indian,991.97,23.51,UPI,44,4.5,4.1,Delivered
ORD103118,24-01-2025,12:13:45,C1576,Bangalore,Cloud Kitchen,South Indian,269.15,57.51,UPI,42.1,4.1,4,Delivered
ORD103676,28-07-2025,19:20:45,C1671,Hyderabad,Fast Food,North Indian,355.04,38.9,UPI,34.3,1.5,5,Delivered
ORD104374,16-12-2025,20:28:00,C1411,Hyderabad,Cafe,Fast Food,92.55,44.45,Cash,40.6,5.4,4.1,Delivered
ORD103540,24-02-2025,14:20:45,C2078,Bangalore,Cloud Kitchen,Chinese,443.16,36.02,Credit Card,22.7,2.1,4.8,Delivered
ORD103115,19-06-2025,20:17:00,C1470,Chennai,Fast Food,North Indian,179.68,27.69,UPI,39.3,1.8,4.2,Delivered
ORD102469,16-08-2025,13:40:45,C2042,Bangalore,Casual Dining,North Indian,542.31,30.98,UPI,39.8,3.3,4.4,Delivered
ORD104107,14-08-2025,18:57:30,C1733,Bangalore,Fast Food,Chinese,370.94,25.17,UPI,33.2,3.5,4.5,Delivered
ORD100557,22-08-2025,10:27:00,C1043,Bangalore,Fast Food,South Indian,156.5,41.38,Debit Card,35.7,5.2,4.6,Delivered
ORD102687,02-12-2025,12:51:00,C1401,Bangalore,Cafe,Chinese,90,18.37,UPI,30.4,1.2,4.8,Delivered
ORD102547,19-05-2025,13:03:00,C1532,Mumbai,Cafe,South Indian,174.2,27.93,Debit Card,28.7,3.4,4.5,Delivered
ORD100893,17-12-2025,13:46:15,C1365,Kochi,Casual Dining,South Indian,505.65,55.18,Credit Card,39.5,5.1,4.1,Delivered
ORD102925,12-08-2025,18:02:00,C1720,Hyderabad,Cloud Kitchen,South Indian,371.64,44.32,Cash,37.3,7.1,4.3,Delivered
ORD104960,09-08-2025,08:49:30,C1501,Chennai,Fast Food,South Indian,377.61,31.56,Cash,28.1,3.2,,Delivered
ORD101174,26-02-2025,18:19:30,C1990,Hyderabad,Casual Dining,Biryani,633.47,40.86,Cash,18.6,2.3,4.6,Delivered
ORD103024,16-05-2025,22:48:15,C2071,Bangalore,Fast Food,South Indian,383.92,19.52,UPI,,2.6,,Cancelled
ORD102713,21-03-2025,13:50:30,C1800,Chennai,Fast Food,South Indian,305.07,47.53,UPI,39.6,4.4,3.9,Delivered
ORD102417,07-03-2025,20:43:00,C1126,Hyderabad,Fast Food,Desserts,327.35,33.19,Cash,34.4,3.2,5,Delivered
ORD104420,21-10-2025,18:26:30,C1612,Bangalore,Casual Dining,North Indian,595.62,21.59,Credit Card,36.1,6,3.9,Delivered
ORD101767,29-06-2025,20:47:00,C2062,Chennai,Fine Dining,Chinese,1215.94,6.53,UPI,27,2.6,4.3,Delivered
ORD102529,19-06-2025,22:37:00,C1785,Hyderabad,Cloud Kitchen,Desserts,232.98,78.37,Cash,60.3,13.2,4,Delivered
ORD101333,04-06-2025,20:00:00,C1310,Bangalore,Fast Food,Biryani,299.72,43.27,UPI,35.3,2.5,4.5,Delivered
ORD104031,13-04-2025,12:35:00,C1763,Bangalore,Fast Food,North Indian,367.72,38.84,Credit Card,32.1,1.5,4.5,Delivered
ORD100701,17-07-2025,23:39:30,C1169,Chennai,Fast Food,Fast Food,275.62,48.01,UPI,13,2.4,5,Delivered
ORD102193,10-01-2025,11:20:45,C1726,Bangalore,Casual Dining,Desserts,227.89,39.02,UPI,23.6,2.6,4.9,Delivered
ORD101793,12-04-2025,23:07:45,C1414,Bangalore,Casual Dining,Desserts,96.43,28.65,Cash,25.1,2.7,5,Delivered
ORD102150,19-02-2025,19:15:00,C1133,Mumbai,Cloud Kitchen,Fast Food,149.1,39.22,Debit Card,36.9,5.8,4.7,Delivered
ORD102305,19-11-2025,11:51:00,C1089,Bangalore,Casual Dining,North Indian,403.61,70.72,Debit Card,62,12.5,3.7,Delivered
ORD102259,12-07-2025,12:51:00,C1304,Bangalore,Cloud Kitchen,North Indian,129.79,26.77,Cash,41.9,2.7,3.3,Refunded
ORD103752,05-11-2025,22:04:00,C2060,Hyderabad,Casual Dining,Biryani,895.36,44.87,UPI,31.9,4.2,4.8,Delivered
ORD103421,20-04-2025,17:57:00,C1221,Bangalore,Cafe,Biryani,173.55,58.59,Credit Card,,6.5,,Cancelled
ORD104832,04-05-2025,23:34:45,C1172,Mumbai,Cafe,Biryani,393.15,46.18,UPI,38,6.4,4.8,Delivered
ORD100058,12-11-2025,23:44:00,C1445,Chennai,Cloud Kitchen,Fast Food,259.86,49.75,UPI,32.1,4.7,4.7,Delivered
ORD102480,27-04-2025,18:30:00,C1406,Hyderabad,Cloud Kitchen,Chinese,431.92,52.27,UPI,41.9,6,4.2,Delivered
ORD102221,30-12-2025,20:36:00,C1546,Kochi,Casual Dining,Italian,832.88,22.12,Wallet,41.2,6,4.2,Refunded
ORD100591,17-12-2025,16:02:30,C1467,Bangalore,Fine Dining,North Indian,921.43,42.1,UPI,34.7,6.9,4.6,Delivered
ORD103040,10-12-2025,19:08:00,C2029,Kochi,Casual Dining,Biryani,785.91,49.03,Wallet,39,5.1,4.1,Delivered
ORD104622,24-08-2025,14:09:00,C1734,Hyderabad,Casual Dining,Continental,440.16,27.05,UPI,25.6,1.3,5,Delivered
ORD103335,28-11-2025,21:13:00,C1493,Chennai,Cafe,Chinese,511.71,63.13,UPI,53.8,9.5,3.5,Refunded
ORD101654,04-01-2025,19:52:00,C1545,Hyderabad,Casual Dining,Fast Food,340.21,60.05,Cash,,6.6,,Cancelled
ORD101318,22-01-2025,20:07:00,C1011,Kochi,Casual Dining,Biryani,214.11,31.96,Wallet,30.3,2.6,4.6,Delivered
ORD100397,03-12-2025,21:26:45,C1738,Mumbai,Cloud Kitchen,Fast Food,412.54,61.37,Debit Card,48.3,7.5,4,Delivered
ORD100654,05-11-2025,12:29:30,C1228,Mumbai,Cloud Kitchen,Fast Food,208.06,62.88,Cash,44.7,7.5,4.3,Delivered
ORD102167,07-08-2025,15:15:45,C1779,Chennai,Casual Dining,South Indian,305.27,67.78,UPI,27.3,5.9,4.5,Delivered
ORD101206,25-04-2025,12:35:00,C2168,Chennai,Cloud Kitchen,Desserts,465.37,58.88,UPI,42,5.8,4.6,Delivered
ORD101974,26-08-2025,13:41:00,C2084,Bangalore,Fast Food,Desserts,90,36.1,UPI,36,2.5,4.7,Delivered
ORD103702,18-12-2025,11:56:00,C2032,Hyderabad,Fast Food,Chinese,323.84,42.78,Debit Card,,5.1,,Cancelled
ORD100976,01-03-2025,04:11:15,C1224,Kochi,Cafe,North Indian,557.61,20.79,UPI,12,1.2,5,Delivered
ORD103238,17-09-2025,21:55:45,C1194,Mumbai,Casual Dining,South Indian,468.03,24.11,Cash,46.8,3.3,4,Delivered
ORD100574,23-03-2025,21:59:45,C1976,Chennai,Fast Food,Fast Food,225.18,20.2,Wallet,43.8,1.6,4.1,Delivered
ORD101117,10-03-2025,13:37:30,C1719,Bangalore,Fast Food,South Indian,119.69,72.1,Credit Card,53.4,8.9,4.4,Delivered
ORD104580,16-03-2025,14:08:00,C2061,Hyderabad,Casual Dining,Continental,908.33,37.41,UPI,44.8,4.8,4.2,Delivered
ORD104674,05-02-2025,22:14:30,C1628,Mumbai,Casual Dining,North Indian,913.76,8.84,Cash,,1.6,,Cancelled
ORD104800,14-07-2025,19:23:45,C2044,Mumbai,Fine Dining,Biryani,706.35,28.6,Credit Card,29,3,5,Delivered
ORD102311,11-07-2025,23:39:15,C1825,Mumbai,Cafe,Fast Food,279.66,26.93,Wallet,37.9,1.3,4.9,Delivered
ORD103369,26-02-2025,21:59:45,C2029,Mumbai,Casual Dining,North Indian,660.98,54.49,UPI,54.3,6.8,4.3,Delivered
ORD102589,04-02-2025,21:33:00,C1629,Bangalore,Fast Food,Biryani,255.87,51.93,Cash,39.8,5.3,4.2,Delivered
ORD104518,08-11-2025,14:30:30,C1909,Mumbai,Cafe,South Indian,279.55,27.62,Credit Card,23.7,3.6,4.9,Delivered
ORD101664,07-07-2025,21:57:45,C2085,Hyderabad,Casual Dining,Fast Food,324.2,64.63,UPI,32.6,5.6,4.6,Delivered
ORD104463,18-08-2025,03:44:00,C1240,Mumbai,Cloud Kitchen,Continental,440.39,52.51,UPI,33.7,3.9,4.6,Delivered
ORD101202,24-11-2025,23:29:00,C1824,Bangalore,Fast Food,Desserts,256.43,53.56,Credit Card,53.2,7.9,3.8,Delivered
ORD102096,12-08-2025,14:34:00,C1170,Mumbai,Casual Dining,North Indian,548.65,39.65,UPI,26.7,5.4,5,Delivered
ORD103201,05-09-2025,08:42:30,C2024,Chennai,Fine Dining,Italian,1400.19,39.31,Cash,25,7.1,5,Delivered
ORD102324,01-10-2025,10:43:00,C1866,Mumbai,Casual Dining,Desserts,136.44,33.2,Cash,28.7,1.5,4.9,Delivered
ORD103830,26-10-2025,11:00:00,C1997,Bangalore,Fast Food,Desserts,169.86,39.76,Credit Card,33.3,1.4,4.3,Delivered
ORD101005,21-08-2025,21:08:15,C1241,Bangalore,Cloud Kitchen,North Indian,565.23,40.72,Cash,22.7,3,4.7,Delivered
ORD100683,05-11-2025,10:30:00,C1263,Chennai,Cafe,Continental,360.04,39.2,Debit Card,18.5,4.2,4.7,Delivered
ORD101558,29-05-2025,07:21:00,C1065,Hyderabad,Fine Dining,South Indian,398.99,71.29,Credit Card,51.3,10.2,4.4,Delivered
ORD102986,09-09-2025,21:47:15,C1264,Bangalore,Fine Dining,North Indian,1235.14,0,Wallet,33.4,1.5,4.8,Delivered
ORD102709,27-01-2025,18:04:30,C1442,Bangalore,Cafe,Biryani,285.63,33.07,UPI,22.8,1.6,4.8,Delivered
ORD100155,29-12-2025,10:22:30,C2060,Mumbai,Fine Dining,South Indian,865.58,16.56,UPI,28.9,2.7,4.4,Delivered
ORD102440,28-12-2025,19:14:30,C1597,Bangalore,Fast Food,Biryani,269.39,15,Debit Card,27.1,0.9,5,Delivered
ORD102597,01-01-2025,14:57:30,C1796,Kochi,Fast Food,Biryani,240.4,47.01,Wallet,29.3,4.5,5,Delivered
ORD101906,13-08-2025,11:18:00,C1989,Hyderabad,Fast Food,North Indian,338.02,44.16,Cash,24.6,3.3,4.3,Delivered
ORD104257,30-07-2025,11:51:15,C1070,Mumbai,Cafe,Fast Food,371.75,37.04,Cash,28.4,1.9,4.5,Delivered
ORD101694,26-10-2025,14:23:00,C1354,Mumbai,Casual Dining,Desserts,144.21,56.15,UPI,43,7.9,4.7,Delivered
ORD103574,27-05-2025,12:37:15,C1437,Kochi,Fast Food,Chinese,221.96,50.6,Cash,47.6,5.1,4,Delivered
ORD103327,06-12-2025,17:04:00,C1917,Kochi,Fine Dining,Desserts,618.78,28.03,UPI,12,1.4,4.4,Delivered
ORD103573,19-06-2025,23:54:00,C1556,Hyderabad,Cloud Kitchen,Italian,541.7,24.92,Credit Card,13.8,1.4,4.3,Refunded
ORD103249,24-01-2025,17:39:15,C1324,Chennai,Fast Food,Chinese,285.66,33.2,UPI,31,2.9,5,Delivered
ORD101721,07-10-2025,13:26:30,C1596,Chennai,Fast Food,North Indian,143.9,40.78,Cash,26.3,3.5,4.5,Delivered
ORD102549,26-07-2025,19:24:15,C1176,Bangalore,Casual Dining,Chinese,761.09,54.09,UPI,157.6,5.7,4.2,Delivered
ORD103232,17-05-2025,08:17:15,C1153,Kochi,Casual Dining,Desserts,210.21,56.16,Debit Card,37.2,7.6,5,Delivered
ORD100386,11-07-2025,23:09:00,C1167,Chennai,Fine Dining,Chinese,1383.77,22.54,Debit Card,21.1,5.9,5,Delivered
ORD100628,14-09-2025,12:28:00,C1565,Hyderabad,Cafe,Chinese,121.39,47.2,Debit Card,54.2,4.8,4.3,Delivered
ORD100717,25-07-2025,12:39:45,C1529,Kochi,Casual Dining,Italian,612.17,25.14,Cash,26.5,2.3,4.4,Delivered
ORD100883,01-04-2025,03:01:00,C1469,Hyderabad,Casual Dining,Biryani,188.55,54,Credit Card,37,4.7,4.7,Delivered
ORD104845,15-05-2025,22:05:30,C1854,Hyderabad,Casual Dining,South Indian,483.08,48.98,UPI,50.7,5.8,4.1,Delivered
ORD100044,09-10-2025,13:20:00,C1828,Mumbai,Cloud Kitchen,South Indian,251.49,19.95,Cash,27.6,1.3,4.7,Delivered
ORD104847,12-12-2025,22:07:00,C1744,Chennai,Casual Dining,Biryani,613.26,55.21,UPI,,6.1,,Cancelled
ORD104300,22-03-2025,08:19:00,C2024,Hyderabad,Cafe,North Indian,295.78,29.4,UPI,26.8,2.5,4.6,Delivered
ORD102857,12-09-2025,15:34:45,C1938,Hyderabad,Casual Dining,Continental,455.14,50.16,UPI,30.8,4.6,4.4,Delivered
ORD100863,23-12-2025,19:33:30,C1835,Kochi,Fast Food,Chinese,90,41.53,UPI,29.2,2.5,4.2,Delivered
ORD101993,13-09-2025,21:15:15,C1701,Mumbai,Casual Dining,North Indian,506.33,41.93,UPI,47.7,5.4,3.6,Delivered
ORD104741,08-07-2025,04:52:00,C1907,Kochi,Cafe,South Indian,317.11,35.72,UPI,,4.1,,Cancelled
ORD100894,25-04-2025,18:35:45,C1802,Chennai,Fast Food,Biryani,136.69,25.43,Credit Card,,0.9,,Cancelled
ORD101774,14-04-2025,06:53:00,C1875,Bangalore,Fast Food,Desserts,145.59,32.53,Credit Card,19.3,2.7,5,Delivered
ORD101969,21-03-2025,12:53:00,C1639,Kochi,Cloud Kitchen,Biryani,422.82,34.58,UPI,32.4,3.7,4.4,Delivered
ORD104023,13-02-2025,13:55:45,C1915,Hyderabad,Cloud Kitchen,Fast Food,453.06,34.97,Wallet,40.9,1.5,4.1,Delivered
ORD100208,21-12-2025,13:18:15,C1274,Bangalore,Cafe,Desserts,235.71,33.37,Credit Card,44.8,4.7,4.4,Delivered
ORD100680,01-04-2025,12:08:45,C1963,Mumbai,Fast Food,Fast Food,270.16,40.61,Cash,50.5,3.3,3.7,Delivered
ORD102170,11-07-2025,21:35:00,C1802,Hyderabad,Cloud Kitchen,Desserts,364.65,30.45,UPI,29.7,2.2,4.8,Delivered
ORD103549,10-08-2025,03:04:00,C1799,Bangalore,Fast Food,South Indian,244.96,34.69,Cash,32.4,4.1,4.7,Delivered
ORD101598,22-10-2025,17:09:30,C1062,Mumbai,Fast Food,Chinese,142.1,60.64,UPI,43.5,10.1,4.3,Delivered
ORD103773,06-09-2025,20:08:00,C2039,Bangalore,Fine Dining,Chinese,772.51,67.57,Wallet,51.6,8.4,4.1,Delivered
ORD100747,10-06-2025,21:50:00,C2137,Chennai,Cloud Kitchen,Biryani,595.72,54.37,Cash,,8.2,,Cancelled
ORD103222,26-10-2025,18:44:30,C1967,Kochi,Cloud Kitchen,South Indian,552.74,45.93,UPI,36.8,4.4,4.9,Delivered
ORD103692,29-11-2025,21:53:00,C1434,Mumbai,Cloud Kitchen,South Indian,504.01,43.12,UPI,30.8,3.5,5,Delivered
ORD101726,23-10-2025,17:27:45,C2009,Bangalore,Fast Food,South Indian,346.09,58.98,UPI,,5.2,,Cancelled
ORD102397,08-05-2025,21:22:15,C2080,Kochi,Casual Dining,South Indian,485.73,71.19,Debit Card,43.7,8.4,4.3,Delivered
ORD101456,03-10-2025,11:31:30,C1672,Chennai,Cafe,Biryani,576.66,50.54,Cash,45.3,6.7,4.1,Delivered
ORD104944,13-06-2025,15:14:30,C1676,Hyderabad,Casual Dining,Chinese,174.84,67.28,Cash,49.7,9.5,4.3,Delivered
ORD100451,27-03-2025,07:52:00,C1661,Hyderabad,Fast Food,North Indian,257.51,32.37,Credit Card,,1.7,,Cancelled
ORD102282,11-08-2025,18:58:15,C2067,Bangalore,Cloud Kitchen,North Indian,505.44,38.19,UPI,23.4,3.8,4.5,Delivered
ORD104301,18-09-2025,06:49:45,C1328,Hyderabad,Fast Food,Fast Food,342.34,41.23,UPI,32.2,4.5,4.6,Delivered
ORD100260,03-07-2025,11:31:45,C1897,Hyderabad,Cafe,Chinese,432.15,27.01,Credit Card,28.5,3,4.5,Delivered
ORD101345,13-06-2025,22:49:00,C1528,Mumbai,Fast Food,South Indian,245.85,39.54,UPI,33.3,3.8,4.7,Delivered
ORD101542,01-02-2025,16:51:00,C2170,Bangalore,Fast Food,Continental,389.04,37.98,Debit Card,20.8,0.9,4.6,Delivered
ORD102976,23-04-2025,13:39:00,C1235,Hyderabad,Casual Dining,North Indian,269.35,45.36,UPI,25.1,5.6,4.5,Delivered
ORD100178,18-07-2025,17:43:15,C2173,Kochi,Casual Dining,South Indian,550.91,30.06,Cash,26.4,4.3,4.6,Delivered
ORD103828,28-05-2025,11:05:15,C2164,Mumbai,Cloud Kitchen,North Indian,486.93,38.7,Debit Card,32.2,3.9,4.3,Delivered
ORD101427,21-12-2025,20:00:45,C1631,Chennai,Casual Dining,Desserts,572.06,40.95,UPI,38.7,4.4,4.8,Delivered
ORD103220,08-02-2025,14:45:45,C1421,Kochi,Fine Dining,North Indian,1162.63,33.35,UPI,42,5.2,4.2,Delivered
ORD101098,25-08-2025,09:59:45,C2088,Hyderabad,Casual Dining,Chinese,334.24,45.93,Wallet,38.9,6.4,4.6,Delivered
ORD104004,11-11-2025,21:08:00,C1227,Hyderabad,Cafe,Chinese,422.58,37.24,UPI,26.2,1.7,4.6,Delivered
ORD100724,17-07-2025,21:58:45,C1487,Mumbai,Cafe,North Indian,444.88,51.97,Wallet,47.8,4.6,4.9,Delivered
ORD100369,21-11-2025,16:41:00,C1526,Mumbai,Fast Food,North Indian,90,65.26,UPI,35.7,8.6,4.8,Delivered
ORD101154,19-08-2025,20:02:15,C1854,Chennai,Fast Food,Chinese,374.76,19.83,Cash,32.3,1.9,4.5,Delivered
ORD102264,09-09-2025,22:32:00,C2110,Bangalore,Casual Dining,South Indian,536.74,37.04,UPI,29.5,2,4.9,Delivered
ORD101472,30-04-2025,12:37:00,C1191,Kochi,Casual Dining,North Indian,594.31,49.75,UPI,37.9,7.1,4.4,Delivered
ORD104827,26-02-2025,22:49:00,C1198,Mumbai,Casual Dining,South Indian,599.88,44.64,Cash,30.6,5.5,4.5,Delivered
ORD104408,22-04-2025,18:34:15,C1391,Mumbai,Fast Food,Chinese,258.69,31.3,UPI,27.1,2,4.8,Delivered
ORD104474,15-05-2025,20:33:00,C2040,Mumbai,Casual Dining,Biryani,595.51,37.68,Wallet,35.9,4.1,4.6,Delivered
ORD103412,31-08-2025,07:49:15,C1523,Hyderabad,Cloud Kitchen,Desserts,462.6,34.78,Credit Card,21.3,1.8,4.9,Delivered
ORD102254,09-03-2025,19:51:00,C2134,Mumbai,Casual Dining,Fast Food,521.7,51.51,UPI,56.9,5.7,3.7,Delivered
ORD101923,21-11-2025,19:37:00,C1806,Mumbai,Cafe,Italian,517.3,34.63,UPI,29.1,3.3,4.8,Delivered
ORD104840,19-09-2025,13:45:00,C1644,Mumbai,Cloud Kitchen,South Indian,437.15,41.61,Cash,46.3,4.3,4.8,Delivered
ORD101780,06-05-2025,14:47:30,C1667,Mumbai,Casual Dining,North Indian,407.78,22.93,UPI,21.9,1.2,4.5,Delivered
ORD102736,04-08-2025,21:35:00,C1314,Hyderabad,Casual Dining,North Indian,479.3,30.94,UPI,49.5,3.8,3.8,Delivered
ORD104820,05-05-2025,22:30:00,C1513,Kochi,Cafe,Fast Food,218.68,39.46,UPI,19.4,4,4.6,Delivered
ORD100453,20-11-2025,19:21:00,C1652,Kochi,Cafe,South Indian,290.17,30.05,UPI,34,3.9,4.5,Delivered
ORD101351,03-08-2025,18:07:00,C1299,Bangalore,Casual Dining,Fast Food,795.53,33.36,Cash,,3.3,,Cancelled
ORD103855,26-04-2025,16:32:00,C1658,Bangalore,Fast Food,Biryani,147.25,31.95,Wallet,24.9,2,4.7,Delivered
ORD104323,23-12-2025,17:45:00,C1108,Mumbai,Cafe,Chinese,327.36,53.46,UPI,28.4,5.8,5,Delivered
ORD100916,25-06-2025,21:59:00,C1406,Kochi,Fine Dining,North Indian,1199.54,22.42,UPI,27.4,3.4,4.3,Delivered
ORD102274,24-08-2025,22:34:00,C1604,Chennai,Fast Food,Biryani,160.21,13.39,UPI,23.4,0.7,4.5,Delivered
ORD101082,07-03-2025,23:59:45,C1968,Bangalore,Cloud Kitchen,South Indian,227.7,28.37,Wallet,24.9,3.7,4.5,Delivered
ORD101818,24-04-2025,16:46:00,C1460,Kochi,Fast Food,North Indian,106.02,39.98,UPI,36.3,3.3,4.5,Delivered
ORD100811,09-04-2025,09:24:00,C2020,Chennai,Cloud Kitchen,Fast Food,294.44,54.69,Cash,55.9,9.2,3.8,Delivered
ORD100090,05-10-2025,12:45:45,C1357,Mumbai,Casual Dining,South Indian,542.08,34.44,UPI,42.4,4.8,4.2,Delivered
ORD101968,27-05-2025,14:15:30,C2142,Bangalore,Fine Dining,Chinese,914.36,9.25,Debit Card,23,2.5,4.8,Delivered
ORD100196,04-06-2025,13:39:30,C1281,Chennai,Cloud Kitchen,Italian,304.69,52.72,Debit Card,58.1,8.3,3.1,Delivered
ORD103623,09-11-2025,07:42:45,C2112,Kochi,Fast Food,North Indian,252.84,10.67,Cash,23.1,2,5,Delivered
ORD103104,30-06-2025,14:59:00,C2117,Bangalore,Casual Dining,Fast Food,400.87,27.67,Credit Card,13.7,1.6,4.8,Delivered
ORD102890,29-06-2025,23:30:45,C1815,Bangalore,Fast Food,Continental,359.62,26.63,Debit Card,41.7,4.5,4.3,Delivered
ORD103303,28-05-2025,15:58:00,C2188,Bangalore,Cafe,Chinese,303.44,36.37,Credit Card,27.5,2.9,4.3,Delivered
ORD104634,21-10-2025,19:55:45,C1745,Bangalore,Fine Dining,Biryani,620.74,54.73,UPI,37,4.9,4.6,Delivered
ORD102045,08-01-2025,14:19:30,C1101,Hyderabad,Cloud Kitchen,Fast Food,384.67,21.96,Debit Card,26.8,1.5,4.3,Delivered
ORD101265,16-02-2025,20:49:00,C1782,Mumbai,Cloud Kitchen,Italian,583.86,66.93,UPI,58.4,9.9,3.9,Delivered
ORD103079,18-03-2025,20:25:00,C1209,Chennai,Fine Dining,North Indian,721.42,29.78,Debit Card,35,3.5,4.7,Delivered
ORD100382,14-10-2025,12:32:15,C1695,Mumbai,Fast Food,North Indian,374.27,17.56,Credit Card,35.5,1.8,4.3,Delivered
ORD100856,29-05-2025,23:49:00,C1224,Chennai,Cafe,Italian,189.07,38.73,UPI,34,3.1,4.2,Refunded
ORD104795,25-12-2025,21:21:15,C1449,Hyderabad,Fast Food,Continental,286.7,50.95,UPI,50.9,8.6,3.8,Delivered
ORD102090,18-08-2025,19:32:00,C1306,Mumbai,Fine Dining,North Indian,1225.14,3.02,Credit Card,38,4.4,4.1,Delivered
ORD100166,13-09-2025,18:05:00,C1785,Bangalore,Fast Food,Desserts,375.78,63.07,Credit Card,46.2,8.8,4.5,Delivered
ORD103686,22-08-2025,17:55:45,C1015,Hyderabad,Fast Food,Biryani,369.46,33.99,Wallet,30,2.9,4.6,Delivered
ORD102720,19-12-2025,18:12:45,C1062,Mumbai,Fast Food,South Indian,329.5,33.54,UPI,31.4,3,4.5,Delivered
ORD104873,04-10-2025,17:46:00,C1727,Chennai,Cloud Kitchen,North Indian,445.87,28.65,Debit Card,34.4,3,4.8,Delivered
ORD103292,06-03-2025,20:29:15,C1793,Bangalore,Cafe,North Indian,487.21,17.31,Cash,21,0.6,5,Delivered
ORD102643,07-07-2025,20:59:00,C1994,Mumbai,Fine Dining,Biryani,952.7,25.71,UPI,55.8,6.4,3.8,Delivered
ORD102520,17-11-2025,17:45:30,C2035,Mumbai,Casual Dining,Continental,397.08,27.23,UPI,29.3,2.8,4,Delivered
ORD103999,11-09-2025,17:30:30,C1272,Kochi,Fast Food,North Indian,255.78,13.84,Cash,12,1.3,4.9,Delivered
ORD104588,16-09-2025,19:50:15,C1962,Mumbai,Casual Dining,Fast Food,314.68,46.55,UPI,50.4,5.2,4,Delivered
ORD103672,01-02-2025,21:23:00,C1663,Bangalore,Cloud Kitchen,Biryani,531.99,58.37,Cash,60.3,5.7,3.7,Delivered
ORD103401,11-02-2025,23:06:45,C1097,Chennai,Cloud Kitchen,Fast Food,482.88,53.28,UPI,35.8,7.9,4.1,Delivered
ORD103779,25-10-2025,22:56:30,C1213,Kochi,Casual Dining,North Indian,782.87,22.09,UPI,27.2,3,4.8,Delivered
ORD102098,20-10-2025,16:42:00,C1569,Bangalore,Cloud Kitchen,Biryani,626.26,20.95,Debit Card,26.6,1,5,Delivered
ORD101077,27-11-2025,20:24:00,C1199,Hyderabad,Fine Dining,North Indian,615.86,75.3,Credit Card,50.8,10.2,4,Delivered
ORD102051,16-01-2025,15:16:30,C1696,Bangalore,Fast Food,North Indian,264.21,38.61,UPI,28.2,2.6,4.5,Delivered
ORD100409,11-07-2025,19:09:30,C1864,Bangalore,Cloud Kitchen,Desserts,143.79,54.16,UPI,32.5,4.2,4.8,Delivered
ORD100109,27-07-2025,20:44:00,C1605,Chennai,Fast Food,Continental,357.91,38.62,Credit Card,52.1,6.6,,Delivered
ORD102874,19-07-2025,21:15:15,C1275,Bangalore,Cafe,Chinese,292.88,17.59,Credit Card,32.4,3.1,4.1,Delivered
ORD101341,11-10-2025,21:21:30,C1147,Kochi,Casual Dining,North Indian,769.35,17.35,Credit Card,30.6,1.6,4.4,Delivered
ORD103584,22-08-2025,22:51:45,C1172,Mumbai,Casual Dining,South Indian,558.76,41.03,Cash,28.8,2.7,5,Delivered
ORD102319,07-01-2025,23:04:00,C1528,Hyderabad,Casual Dining,Continental,812.44,13.15,UPI,29.5,2.2,4.2,Delivered
ORD104611,05-03-2025,19:15:15,C2005,Bangalore,Cafe,Desserts,223.8,35.02,Cash,41.9,5,4.2,Delivered
ORD104038,18-07-2025,12:42:00,C1515,Mumbai,Fast Food,Chinese,152.46,38.82,Wallet,46.5,5.8,4.1,Delivered
ORD100643,02-07-2025,21:15:00,C1173,Hyderabad,Fast Food,South Indian,93.99,23.46,Credit Card,45,3.1,3.8,Delivered
ORD101092,14-08-2025,17:38:45,C1152,Mumbai,Casual Dining,Italian,781.04,40.14,Debit Card,26.8,3.9,4.6,Delivered
ORD104941,12-01-2025,14:40:00,C1296,Mumbai,Cloud Kitchen,Fast Food,297.7,46.26,UPI,35,3.1,4.1,Delivered
ORD102035,10-08-2025,12:34:00,C1153,Chennai,Casual Dining,Biryani,521.95,21.01,Credit Card,20.6,3.3,4.6,Delivered
ORD103849,05-05-2025,17:33:45,C1341,Kochi,Fast Food,Chinese,290.18,50.33,Wallet,,4.1,,Cancelled
ORD104249,10-01-2025,17:23:30,C2099,Hyderabad,Cloud Kitchen,South Indian,498.78,23.23,UPI,26,3.5,4.9,Delivered
ORD100348,05-03-2025,21:11:15,C1502,Bangalore,Fine Dining,Chinese,720.38,38.92,Wallet,29.9,3.3,3.8,Delivered
ORD103576,16-11-2025,22:06:30,C1984,Mumbai,Casual Dining,Italian,482.46,48.49,UPI,44.9,5.8,3.8,Delivered
ORD104405,22-05-2025,18:14:00,C1828,Chennai,Cafe,North Indian,189.67,67.4,Debit Card,19.7,5.9,4.8,Delivered
ORD103887,24-02-2025,12:13:00,C1192,Mumbai,Cloud Kitchen,North Indian,493.68,32.19,UPI,30.5,1.2,4.6,Delivered
ORD100499,24-04-2025,17:27:45,C1106,Chennai,Fast Food,North Indian,324.13,35.67,UPI,25.1,3,4.5,Delivered
ORD104417,23-01-2025,19:13:00,C2106,Chennai,Cloud Kitchen,Fast Food,604.27,51.87,UPI,36.9,6.9,4.4,Delivered
ORD102404,15-06-2025,23:44:00,C1808,Mumbai,Fast Food,Continental,331.64,24.56,Cash,36.6,3.5,4.2,Delivered
ORD100247,12-05-2025,16:55:45,C1408,Hyderabad,Cafe,Italian,414.91,26.4,Wallet,33.5,3,4.7,Delivered
ORD102110,26-06-2025,14:09:45,C1680,Bangalore,Cafe,Fast Food,181.8,35.7,UPI,20,2.5,4.9,Delivered
ORD104222,29-01-2025,13:31:00,C1266,Bangalore,Fast Food,North Indian,318,20.5,Debit Card,30.3,2.1,4.9,Delivered
ORD102587,26-02-2025,21:08:00,C2194,Bangalore,Fast Food,South Indian,210.88,44.43,Debit Card,,4.4,,Cancelled
ORD100703,28-12-2025,16:27:00,C1747,Kochi,Cloud Kitchen,North Indian,535.09,28.48,UPI,,1.8,,Cancelled
ORD103379,16-09-2025,22:25:15,C1489,Bangalore,Casual Dining,Fast Food,476.8,50.06,UPI,32.5,5.6,4.3,Delivered
ORD100268,26-10-2025,13:05:30,C1819,Hyderabad,Fast Food,South Indian,200.57,26.84,UPI,47.4,4.2,4.4,Delivered
ORD103264,28-02-2025,13:24:45,C1125,Mumbai,Fast Food,South Indian,142.93,40.86,Credit Card,24,3.6,4.6,Delivered
ORD100310,09-06-2025,22:49:00,C1961, Chennai ,Cloud Kitchen,Italian,394.95,26.08,UPI,22.8,2,4.5,Delivered
ORD103582,20-04-2025,15:37:00,C1561,Kochi,Casual Dining,Chinese,729.07,51.39,Cash,26.9,3.7,4.5,Delivered
ORD101471,17-04-2025,20:54:30,C1661,Mumbai,Cafe,Continental,400.18,60.03,Credit Card,40.6,5.1,3.5,Delivered
ORD101003,08-01-2025,17:56:00,C1856,Mumbai,Cloud Kitchen,Chinese,462.85,35.57,Cash,23.6,3.4,4.7,Delivered
ORD100573,21-07-2025,21:24:15,C1370,Hyderabad,Cloud Kitchen,Fast Food,236.79,44.05,Credit Card,31.7,3,4.6,Delivered
ORD104252,11-01-2025,10:48:00,C1677,Hyderabad,Cloud Kitchen,Chinese,466.08,51.79,Cash,45.8,6.8,4.5,Delivered
ORD103188,21-01-2025,19:36:15,C2106,Kochi,Casual Dining,Biryani,540.77,48.7,Cash,36,4.2,4.8,Delivered
ORD100877,08-03-2025,11:47:15,C1972,Kochi,Cloud Kitchen,Continental,836.56,14.67,Credit Card,,1.4,,Cancelled
ORD101425,02-09-2025,12:45:00,C1023,Mumbai,Fast Food,South Indian,291.64,39.64,UPI,47.6,6.4,4,Delivered
ORD104714,26-03-2025,08:21:00,C1862,Bangalore,Fast Food,Fast Food,101.71,81.46,Debit Card,64.3,13.8,3.3,Delivered
ORD100512,25-05-2025,18:23:00,C1089,Hyderabad,Fast Food,Italian,280.1,43.49,Credit Card,23.8,1.9,4.9,Delivered
ORD103105,13-08-2025,18:52:00,C1382,Kochi,Casual Dining,Biryani,571.84,49.93,UPI,23.1,5.8,4.1,Delivered
ORD102381,21-05-2025,13:15:15,C2058,Mumbai,Fast Food,Continental,187.97,56.13,UPI,49.5,5.6,4.3,Delivered
ORD102563,26-11-2025,23:01:00,C2176,Chennai,Cafe,Fast Food,467.28,31.74,UPI,28.4,1,4.7,Delivered
ORD101631,15-05-2025,19:23:45,C1554,Bangalore,Casual Dining,South Indian,266.34,43.64,Credit Card,52.7,5.4,4,Delivered
ORD101695,04-05-2025,21:18:30,C2015,Chennai,Fast Food,Italian,386.52,33.55,Cash,35.6,3.1,3.9,Delivered
ORD102546,17-03-2025,18:54:00,C2061,Bangalore,Cafe,Biryani,204.26,52.42,UPI,50.3,9.4,4.3,Delivered
ORD101530,07-08-2025,13:21:15,C1315,Bangalore,Casual Dining,South Indian,454.1,40.79,Cash,33.3,4.3,4.9,Delivered
ORD103219,21-11-2025,23:40:15,C1022,Chennai,Cloud Kitchen,South Indian,334.93,36.74,UPI,24.6,2.1,4.7,Delivered
ORD104007,21-03-2025,14:15:00,C1980,Mumbai,Fast Food,Fast Food,243.58,33.19,UPI,35.3,3.8,4.6,Delivered
ORD101941,08-08-2025,10:02:30,C1159,Bangalore,Casual Dining,South Indian,403.29,44.03,Credit Card,43.7,5.5,3.9,Delivered
ORD101430,06-12-2025,15:49:00,C2168,Chennai,Fast Food,Chinese,292.58,21.89,Credit Card,17.7,1.4,4.2,Delivered
ORD101273,20-12-2025,21:15:45,C1208,Mumbai,Cloud Kitchen,Biryani,310.42,22.58,Cash,26.1,3,5,Delivered
ORD102000,29-08-2025,20:48:00,C1256,Kochi,Casual Dining,Chinese,222.42,51.84,UPI,,6.2,,Cancelled
ORD100817,20-04-2025,18:54:00,C1797,Hyderabad,Casual Dining,Italian,658.14,26.96,UPI,30.9,1.5,5,Delivered
ORD100692,18-11-2025,14:19:00,C2109,Mumbai,Casual Dining,South Indian,640.82,34.91,Wallet,30.8,3.1,4.5,Delivered
ORD104594,20-07-2025,20:50:00,C1355,Hyderabad,Cafe,Fast Food,316.43,35.76,Credit Card,33.9,2.3,4.5,Delivered
ORD102498,19-11-2025,11:17:30,C1512,Mumbai,Cloud Kitchen,Chinese,370.94,56.23,UPI,51.9,8,3.5,Delivered
ORD101168,06-05-2025,12:25:00,C1874,Bangalore,Cloud Kitchen,South Indian,355.5,35.3,Credit Card,35.3,1.8,4.8,Delivered
ORD100940,28-10-2025,01:22:45,C1335,Kochi,Cloud Kitchen,Biryani,196.1,73.39,UPI,41.9,6.9,4.4,Delivered
ORD104531,08-05-2025,10:26:15,C1211,Bangalore,Fast Food,Chinese,298.91,83.97,UPI,56.1,11.8,3.4,Delivered
ORD104780,08-03-2025,12:16:45,C1231,Mumbai,Casual Dining,Italian,353.35,67.62,Credit Card,66.7,9.9,3.5,Delivered
ORD103851,26-06-2025,15:04:00,C1187,Mumbai,Cafe,Italian,242.71,32.57,Debit Card,35.8,3.9,4.1,Delivered
ORD103724,27-01-2025,12:38:00,C1017,Bangalore,Cafe,South Indian,436.23,42.66,UPI,36.2,4.1,4.4,Delivered
ORD102439,29-06-2025,22:39:15,C1456,Bangalore,Fast Food,North Indian,267.23,47.27,Wallet,52.5,6.9,3.9,Delivered
ORD103669,26-05-2025,17:33:00,C1926,Mumbai,Cafe,Continental,216.82,32.07,Debit Card,29.6,1.9,4.7,Delivered
ORD102287,19-07-2025,10:04:00,C1075,Hyderabad,Cloud Kitchen,South Indian,452.67,31.08,Credit Card,43,3.2,4,Delivered
ORD104735,03-02-2025,16:09:30,C1604,Chennai,Casual Dining,South Indian,245.15,51.29,UPI,45.3,5.4,4.1,Delivered
ORD104158,27-03-2025,20:59:00,C1594,Hyderabad,Cloud Kitchen,South Indian,755.88,72.21,UPI,58.9,10.8,4.2,Delivered
ORD101134,20-03-2025,11:59:30,C1906,Kochi,Casual Dining,Italian,553.1,62.67,Credit Card,43.7,8.4,4.3,Delivered
ORD101532,19-08-2025,22:41:00,C1977,Hyderabad,Casual Dining,Biryani,601.88,16.08,UPI,27.8,1.4,4.9,Delivered
ORD101123,17-02-2025,19:52:00,C1285,Mumbai,Fast Food,Chinese,292.23,40.3,Cash,40.1,4,4.1,Delivered
ORD100430,05-02-2025,21:38:45,C1679,Mumbai,Cafe,North Indian,457.63,23.01,UPI,37.9,1.6,4.2,Delivered
ORD100766,21-10-2025,19:52:45,C1812,Bangalore,Casual Dining,South Indian,428.05,23,Credit Card,39,2,4.7,Delivered
ORD104145,06-11-2025,18:03:45,C1916,Mumbai,Cloud Kitchen,Continental,529.56,103.33,UPI,56.5,11.7,3.8,Delivered
ORD104281,16-09-2025,13:24:00,C1594,Kochi,Cloud Kitchen,South Indian,461.17,29.25,Wallet,28,1.9,4,Refunded
ORD100885,23-03-2025,17:23:00,C1687,Hyderabad,Casual Dining,South Indian,481.77,50.59,UPI,46.4,7.1,4.2,Delivered
ORD100789,16-12-2025,19:13:00,C1724,Chennai,Fast Food,North Indian,359.41,37.63,UPI,33.5,4,4.2,Delivered
ORD101033,06-04-2025,15:56:45,C2159,Hyderabad,Fast Food,Biryani,268.42,47.57,UPI,39,6.5,4.5,Delivered
ORD103446,02-04-2025,20:01:00,C1625,Hyderabad,Casual Dining,Italian,637.99,40.46,Credit Card,40.4,4.3,4.1,Delivered
ORD102903,01-10-2025,02:52:00,C1738,Chennai,Casual Dining,North Indian,629.93,32.24,Debit Card,12,2.1,3.6,Delivered
ORD100570,12-01-2025,19:10:30,C2120,Bangalore,Casual Dining,North Indian,307.04,45.93,UPI,28.5,3.3,4.8,Delivered
ORD101064,02-04-2025,19:35:45,C1004,Kochi,Cafe,South Indian,301.37,27.64,UPI,21.1,2.1,4.9,Delivered
ORD102320,14-02-2025,14:48:45,C2069,Kochi,Fast Food,Italian,289.04,44.23,Cash,28.7,2.8,4.1,Delivered
ORD100359,06-08-2025,13:48:45,C1820,Chennai,Cafe,Continental,506.09,35.94,Wallet,30.2,1.9,5,Delivered
ORD102248,30-01-2025,22:26:00,C2008,Chennai,Fast Food,South Indian,214.32,51.22,Credit Card,31,4.3,4.3,Delivered
ORD102933,10-08-2025,20:51:30,C1783,Kochi,Cafe,South Indian,239.06,57.45,UPI,52,7.9,3.6,Delivered
ORD104586,31-07-2025,19:08:00,C2113,Bangalore,Casual Dining,Fast Food,238.85,69.79,UPI,61.1,11,3.9,Delivered
ORD102524,07-05-2025,15:37:00,C1437,Chennai,Casual Dining,Chinese,610.85,54.13,Cash,40.7,4.1,4.1,Delivered
ORD101698,31-10-2025,07:51:00,C1999,Hyderabad,Fast Food,Biryani,282.07,35.07,Cash,39.4,6.8,4.4,Delivered
ORD102204,02-01-2025,21:56:45,C1474,Hyderabad,Fast Food,Fast Food,206.56,52.17,Credit Card,37.7,5,,Delivered
ORD101990,09-02-2025,22:31:00,C1920,Bangalore,Fast Food,Chinese,270.1,66.34,UPI,65.9,9.7,4.1,Delivered
ORD102723,05-01-2025,11:07:00,C1730,Mumbai,Casual Dining,Biryani,556.8,38.64,Cash,27.7,3.2,5,Delivered
ORD103502,16-12-2025,22:41:00,C1752,Bangalore,Cloud Kitchen,North Indian,305.36,33.65,Credit Card,22.6,1.5,5,Delivered
ORD103064,05-10-2025,20:01:45,C1204,Mumbai,Casual Dining,Biryani,613.5,32.98,UPI,35.7,2.2,4.3,Delivered
ORD102369,08-09-2025,11:36:45,C1083,Chennai,Casual Dining,North Indian,685.02,26.98,Cash,20.6,2.4,4.6,Delivered
ORD101954,06-01-2025,12:57:00,C1522,Bangalore,Cafe,Biryani,293.36,43.84,Cash,50.6,7,,Delivered
ORD104347,26-07-2025,22:57:00,C1518,Hyderabad,Fast Food,Biryani,439.95,26.02,Debit Card,,2.1,4.7,Delivered
ORD101952,06-09-2025,17:44:45,C1029,Bangalore,Fast Food,South Indian,189.86,62.64,Credit Card,50.5,7.5,3.6,Refunded
ORD104088,31-03-2025,17:41:00,C1051,Chennai,Cloud Kitchen,Fast Food,328.06,32.84,Credit Card,31.7,5.2,4.4,Delivered
ORD100416,12-02-2025,19:23:30,C1345,Mumbai,Cafe,Chinese,374.35,17.19,Wallet,27.2,0.6,4.7,Delivered
ORD102909,19-06-2025,11:00:30,C1926,Hyderabad,Casual Dining,Biryani,649.76,30.99,Cash,23.2,2,4.4,Delivered
ORD102478,12-05-2025,23:33:45,C1153,Bangalore,Casual Dining,Fast Food,698.01,31.65,Cash,35.6,2.3,4.4,Delivered
ORD104769,27-01-2025,11:36:30,C1701,Bangalore,Fast Food,South Indian,176.67,45.35,Cash,36.5,3.7,3.8,Delivered
ORD100454,11-01-2025,20:15:45,C1878,Mumbai,Cafe,South Indian,544.16,33.78,UPI,22.6,1.9,4.3,Delivered
ORD100279,28-12-2025,21:58:00,C2157,Kochi,Casual Dining,Italian,580.79,21.52,Wallet,38.7,3,4.2,Delivered
ORD104117,07-06-2025,14:47:45,C1848,Bangalore,Casual Dining,Chinese,605.01,29.66,UPI,36.8,4.1,4.3,Delivered
ORD104501,14-07-2025,14:14:45,C1563,Hyderabad,Fine Dining,Desserts,873.92,31.92,UPI,28.5,4.4,4.1,Delivered
ORD103413,16-02-2025,20:43:00,C1787,Mumbai,Cloud Kitchen,Biryani,292.55,26.98,UPI,38.2,3.1,4.4,Delivered
ORD100825,05-04-2025,22:38:30,C1206,Chennai,Fast Food,North Indian,315.5,24.98,UPI,23.2,2.1,5,Delivered
ORD101596,12-08-2025,14:48:00,C1811,Chennai,Fast Food,,278.14,38.7,UPI,21.5,2.9,4.8,Delivered
ORD100328,04-10-2025,17:42:00,C1567,Bangalore,Fast Food,South Indian,280.06,40.25,Cash,32.9,4.3,4.7,Delivered
ORD102642,22-01-2025,12:50:00,C2146,Bangalore,Fast Food,South Indian,169.58,38.86,UPI,46,6,4.1,Delivered
ORD104724,05-12-2025,20:05:45,C1825,Chennai,Cloud Kitchen,Biryani,465.39,43.37,Credit Card,41.4,4.9,4.4,Refunded
ORD101947,15-09-2025,17:47:30,C2069,Kochi,Cloud Kitchen,Biryani,589.39,37.93,UPI,,5.3,,Cancelled
ORD101590,22-12-2025,21:44:00,C1987,Hyderabad,Cloud Kitchen,South Indian,519.03,52.92,Wallet,49.9,7.1,4.2,Delivered
ORD101702,25-04-2025,18:29:00,C1081,Mumbai,Fast Food,South Indian,248.92,21.84,Credit Card,31.1,1.9,4.9,Delivered
ORD100189,10-12-2025,12:53:45,C2144,Bangalore,Fast Food,South Indian,327.52,55.49,UPI,46.2,6.3,3.9,Delivered
ORD103510,15-08-2025,21:12:00,C1647,Hyderabad,Fast Food,South Indian,253.23,39.51,Cash,53,7.2,4.2,Delivered
ORD100041,05-12-2025,11:34:00,C1306,Kochi,Cloud Kitchen,South Indian,351.74,61.5,UPI,36,7.5,4,Delivered
ORD102832,18-10-2025,05:29:00,C1797,Bangalore,Fast Food,Biryani,249.76,28.48,Credit Card,27.8,1.1,4.4,Delivered
ORD100284,28-01-2025,21:53:45,C1926,Bangalore,Casual Dining,South Indian,450.31,45.11,Credit Card,,4.7,4.8,Delivered
ORD101961,12-03-2025,18:54:45,C2121,Kochi,Fast Food,Chinese,262.23,39.84,UPI,32.7,3.7,4.3,Delivered
ORD102350,19-01-2025,20:24:00,C1994,Bangalore,Cloud Kitchen,Chinese,391.33,33.87,UPI,35.3,3.1,4.6,Delivered
ORD101300,12-06-2025,14:08:45,C2181,Hyderabad,Casual Dining,North Indian,309.31,53.91,UPI,37.2,6.7,4.7,Delivered
ORD102877,29-10-2025,21:11:00,C1695,Bangalore,Casual Dining,South Indian,605.06,86.48,UPI,53.4,10.3,3.7,Delivered
ORD101647,27-08-2025,17:16:30,C1062,Mumbai,Cloud Kitchen,South Indian,371.52,42.13,UPI,39.2,3.9,3.7,Delivered
ORD104326,01-03-2025,20:37:00,C1301,Chennai,Fast Food,Fast Food,384.53,44.42,Cash,44.9,6.1,3.8,Delivered
ORD101713,06-12-2025,14:03:30,C2005,Bangalore,Fast Food,Biryani,366.58,53.12,UPI,39,7.2,4.7,Delivered
ORD103365,27-07-2025,21:15:00,C2116,Hyderabad,Casual Dining,Chinese,460.79,16.89,UPI,32.3,1.5,4.4,Delivered
ORD104855,21-10-2025,23:02:00,C2125,Mumbai,Fast Food,Desserts,235.05,34.55,Credit Card,22.1,2.8,4.5,Delivered
ORD103328,09-08-2025,22:21:00,C1872,Hyderabad,Fast Food,Continental,271.37,30.84,Wallet,36.7,1.9,4.7,Delivered
ORD102083,19-03-2025,14:01:00,C1785,Hyderabad,Casual Dining,North Indian,555.05,46.18,UPI,34.3,7.7,5,Delivered
ORD104482,22-02-2025,09:00:00,C1825,Bangalore,Cloud Kitchen,North Indian,372.92,43.34,UPI,,4,,Cancelled
ORD100191,19-03-2025,14:36:15,C1294,Chennai,Fine Dining,Fast Food,1065.61,15.69,Credit Card,22.4,2.1,4.6,Delivered
ORD103890,08-09-2025,12:20:00,C1938,Hyderabad,Cafe,Desserts,294.94,42.37,Credit Card,39.4,4.7,4.4,Delivered
ORD104416,01-10-2025,22:59:00,C1119,Hyderabad,Casual Dining,North Indian,758.6,29.72,Cash,22.5,3.1,4.8,Delivered
ORD104197,22-11-2025,13:42:00,C2013,Bangalore,Fine Dining,Chinese,1236.31,19.81,UPI,35,4.5,4.9,Delivered
ORD103002,11-11-2025,18:53:30,C2185,Bangalore,Fast Food,Fast Food,222.9,22.22,UPI,23.1,1.2,4.4,Delivered
ORD100984,11-06-2025,18:43:00,C1002,Kochi,Cafe,North Indian,335.23,72.05,Cash,48.8,10.9,4.4,Delivered
ORD101903,16-03-2025,20:42:00,C1606,Hyderabad,Fast Food,Italian,337.26,71.71,UPI,66.4,11.9,3.7,Delivered
ORD101757,29-12-2025,19:50:15,C1517,Hyderabad,Casual Dining,South Indian,691.19,35.04,UPI,29.8,3.2,4.4,Delivered
ORD102569,29-09-2025,13:30:30,C1410,Hyderabad,Cloud Kitchen,Italian,531.46,40.79,UPI,46.6,3.9,4.1,Delivered
ORD102270,10-10-2025,17:37:00,C1223,Kochi,Casual Dining,North Indian,227.41,35.2,Debit Card,,4.6,,Cancelled
ORD100018,20-12-2025,20:37:30,C1304,Chennai,Fast Food,Chinese,221.56,14.7,Wallet,,1.1,,Cancelled
ORD103153,13-01-2025,09:41:45,C1685,Hyderabad,Fast Food,Biryani,99.37,66.48,UPI,54.9,8.9,3.6,Delivered
ORD102151,10-12-2025,18:16:00,C1434,Hyderabad,Cloud Kitchen,Italian,321.03,64.13,UPI,,7.7,,Cancelled
ORD103959,19-08-2025,20:46:00,C1637,Bangalore,Cloud Kitchen,North Indian,528.87,66.47,UPI,,10.2,,Cancelled
ORD101877,26-08-2025,22:59:30,C2175,Bangalore,Casual Dining,,640.28,19.94,UPI,24.1,1.3,4.9,Delivered
ORD102304,04-07-2025,19:13:00,C1914,Hyderabad,Cloud Kitchen,South Indian,483.08,25.41,Debit Card,38.3,3.4,4.1,Delivered
ORD103107,12-02-2025,08:42:00,C1355,Hyderabad,Fast Food,Desserts,90.75,40.3,Debit Card,24.9,1.8,4.9,Delivered
ORD101144,29-10-2025,16:31:00,C2097,Bangalore,Casual Dining,North Indian,862.05,61.13,Credit Card,47.1,11.1,4,Delivered
ORD101474,26-02-2025,13:13:00,C1895,Kochi,Casual Dining,Chinese,345.8,73.54,Debit Card,68.5,9.7,3.7,Delivered
ORD100015,10-12-2025,15:00:15,C2154,Kochi,Fast Food,North Indian,255.93,83.93,UPI,,12.1,,Cancelled
ORD100039,02-08-2025,19:49:30,C1780,Chennai,Casual Dining,Fast Food,415.28,28.11,Wallet,44.8,5.5,4.4,Delivered
ORD104189,29-03-2025,08:56:45,C1890,Mumbai,Cafe,Italian,544.26,18.77,UPI,18.4,2,4.8,Delivered
ORD102288,08-05-2025,13:54:15,C1267,Hyderabad,Cloud Kitchen,Biryani,512.88,26.32,Cash,31.2,2,4.4,Delivered
ORD102052,10-10-2025,12:10:00,C1369,Hyderabad,Cafe,Italian,500.93,25.97,UPI,32,1.2,4.8,Delivered
ORD100760,19-02-2025,12:27:45,C1764,Bangalore,Casual Dining,South Indian,802.43,12.39,Cash,36.1,2.9,4.2,Delivered
ORD104843,04-11-2025,07:05:00,C2050,Bangalore,Fast Food,South Indian,241.95,44.81,Debit Card,12.5,2.4,4.8,Delivered
ORD102301,11-05-2025,19:08:15,C1686,Chennai,Fast Food,Fast Food,231.58,30.56,Credit Card,27.2,4.4,5,Delivered
ORD100783,06-05-2025,22:29:30,C1700,Bangalore,Cafe,North Indian,457.58,27.14,Wallet,33.4,2.2,4.5,Delivered
ORD103454,22-03-2025,18:13:30,C2184,Hyderabad,Fast Food,Biryani,390.48,40.39,UPI,32.1,4.3,4.7,Delivered
ORD104654,02-10-2025,22:07:15,C1505,Bangalore,Cloud Kitchen,South Indian,408.78,48.14,Cash,34.9,3.5,4.3,Refunded
ORD100637,09-12-2025,15:48:00,C1794,Bangalore,Fine Dining,South Indian,567.4,70.15,Cash,55.9,9.3,4.1,Delivered
ORD103091,31-03-2025,23:45:30,C1786,Mumbai,Fast Food,Biryani,171.33,41.05,Wallet,15.3,1.6,4.8,Delivered
ORD101884,18-09-2025,14:20:00,C2019,Mumbai,Casual Dining,Biryani,501.86,53.61,Cash,30.4,3.9,4.8,Delivered
ORD103077,24-09-2025,20:35:45,C2040,Hyderabad,Casual Dining,Fast Food,393.48,32.48,Cash,39.1,2,4.2,Delivered
ORD102934,04-05-2025,13:34:00,C2131,Mumbai,Casual Dining,Biryani,551.07,32.23,Wallet,26,2.8,4.7,Delivered
ORD100675,11-01-2025,14:01:00,C1462,Chennai,Fast Food,Fast Food,292.27,57.13,Credit Card,45,4.6,3.9,Delivered
ORD101959,15-06-2025,09:32:00,C1336,Hyderabad,Casual Dining,Chinese,476.58,39.88,UPI,42.4,4.3,4.3,Delivered
ORD102410,21-03-2025,20:50:00,C1917,Chennai,Casual Dining,Chinese,657.04,19.45,Cash,22.8,2.1,5,Delivered
ORD104505,22-03-2025,22:59:45,C1680,Hyderabad,Cafe,Italian,90,33.46,Wallet,31.4,3.2,,Delivered
ORD101037,09-12-2025,22:37:00,C1205,Bangalore,Fast Food,South Indian,333.45,35.05,Cash,29.3,1.8,4.7,Delivered
ORD103512,05-10-2025,17:40:00,C1768,Hyderabad,Fast Food,Desserts,212.75,60.36,Cash,41.8,8,4.1,Delivered
ORD101047,09-03-2025,21:04:30,C1034,Bangalore,Fine Dining,Continental,571.68,32.11,Debit Card,22.4,1.2,5,Delivered
ORD104245,29-07-2025,18:46:30,C2167,Hyderabad,Cloud Kitchen,Continental,463.4,37.25,Credit Card,21,1.7,5,Delivered
ORD100788,11-11-2025,09:13:45,C2007,Chennai,Cloud Kitchen,North Indian,452.01,41.3,UPI,36.7,3.4,4.7,Delivered
ORD104801,12-11-2025,22:00:00,C1158,Bangalore,Cafe,Italian,469.34,40.57,Cash,38,4.6,4.1,Delivered
ORD104543,20-02-2025,15:06:45,C1312,Mumbai,Fast Food,Biryani,90,63.32,UPI,44.4,7.9,4.5,Delivered
ORD100657,06-05-2025,14:21:15,C1529,Hyderabad,Cafe,Fast Food,219.94,37.04,UPI,27.5,2.4,4.6,Delivered
ORD103865,06-05-2025,21:30:00,C1139,Hyderabad,Casual Dining,,787.67,11.64,UPI,18.1,1,4.8,Delivered
ORD101773,22-10-2025,18:56:00,C1044,Bangalore,Casual Dining,South Indian,439.67,53.96,Cash,21.5,3.5,4.8,Delivered
ORD104837,01-10-2025,22:40:45,C1335,Mumbai,Casual Dining,Biryani,623.34,43.73,Wallet,39.1,6.7,4.2,Delivered
ORD104227,29-04-2025,22:03:00,C2194,Bangalore,Fine Dining,Desserts,755.92,20.58,UPI,21.6,1.6,5,Delivered
ORD101449,05-02-2025,13:37:45,C1741,Mumbai,Fast Food,Biryani,264.67,48.51,Cash,33.7,5.1,4.4,Delivered
ORD101437,22-06-2025,21:27:45,C1668,Bangalore,Casual Dining,Italian,551.96,46.7,Credit Card,,6.4,,Cancelled
ORD102660,19-02-2025,14:16:30,C1966,Hyderabad,Casual Dining,South Indian,346.19,31.31,Debit Card,,2.7,,Cancelled
ORD102970,20-09-2025,13:59:00,C1346,Chennai,Fast Food,South Indian,228.01,23.84,UPI,28.5,0.7,5,Delivered
ORD101405,23-11-2025,15:15:30,C2158,Hyderabad,Cafe,Biryani,199,58.04,Debit Card,41.1,7.2,3.4,Refunded
ORD103527,01-06-2025,21:53:30,C1084,Mumbai,Fast Food,Fast Food,231.07,45.87,Debit Card,43.7,5.4,4.3,Delivered
ORD104207,22-08-2025,10:52:15,C1883,Kochi,Fast Food,North Indian,302.82,36.93,Credit Card,30.6,5.5,4.1,Delivered
ORD100301,26-11-2025,15:14:00,C1529,Kochi,Casual Dining,Biryani,402.98,32.15,Debit Card,22.3,1,5,Delivered
ORD100681,09-12-2025,18:50:00,C1062,Hyderabad,Casual Dining,Biryani,338.26,49.61,Cash,38.1,3,4.5,Delivered
ORD103263,07-03-2025,21:52:15,C1569,Mumbai,Casual Dining,Italian,590.56,32.27,Cash,38,3.2,5,Delivered
ORD101458,30-09-2025,14:12:00,C1261,Mumbai,Cloud Kitchen,South Indian,108.66,50.01,Wallet,47.5,5.3,4.1,Delivered
ORD101219,01-10-2025,12:20:00,C1011,Mumbai,Casual Dining,North Indian,813.16,44.78,Cash,63.1,8.3,3,Delivered
ORD101725,01-12-2025,22:36:30,C1238,Bangalore,Casual Dining,Fast Food,305.21,23.93,UPI,19.1,3.1,4.4,Delivered
ORD101554,24-04-2025,16:56:30,C2197,Hyderabad,Cafe,South Indian,252.68,47.28,UPI,,5.3,,Cancelled
ORD103111,23-05-2025,16:16:15,C1225,Hyderabad,Cloud Kitchen,Chinese,455.99,33.2,UPI,32.8,2.2,4.1,Delivered
ORD100150,26-03-2025,19:58:15,C1907,Mumbai,Fast Food,South Indian,231.4,41.04,Cash,36.1,3.4,4.6,Delivered
ORD104118,08-01-2025,23:50:00,C1054,Chennai,Casual Dining,North Indian,466.84,46.47,Debit Card,25.2,4.9,4.3,Delivered
ORD103668,22-04-2025,12:14:15,C1661,Bangalore,Cloud Kitchen,Fast Food,506.05,28.96,UPI,31.2,2.1,4.9,Delivered
ORD104236,22-09-2025,19:24:15,C1372,Kochi,Fine Dining,Desserts,531.82,62.14,Cash,40.6,7.6,4.3,Delivered
ORD102460,18-06-2025,18:51:00,C2152,Kochi,Cloud Kitchen,Chinese,402.13,55.16,UPI,41.7,8.3,,Delivered
ORD103503,16-08-2025,22:03:00,C1635,Bangalore,Cloud Kitchen,Biryani,239.28,30.06,UPI,29.4,2.6,5,Delivered
ORD100785,18-05-2025,14:13:00,C2161,Bangalore,Fast Food,Continental,223.62,24.4,Debit Card,34.5,2.5,4.4,Delivered
ORD101439,09-06-2025,20:57:00,C2149,Chennai,Casual Dining,Biryani,466,29.59,Credit Card,28,3,5,Delivered
ORD102856,19-01-2025,11:50:00,C1497,Chennai,Cafe,North Indian,407.27,40.07,Credit Card,29.6,3.2,4.2,Delivered
ORD104085,15-08-2025,00:24:00,C1783,Hyderabad,Fast Food,Italian,406.91,44.91,Credit Card,26.7,4.2,4.7,Delivered
ORD104740,26-01-2025,11:39:00,C1721,Hyderabad,Cloud Kitchen,South Indian,90,54.66,UPI,52.7,8.5,4.4,Delivered
ORD102422,03-08-2025,14:40:15,C1008,Kochi,Cloud Kitchen,Chinese,291.27,43.62,Wallet,33.7,4.3,4.1,Delivered
ORD101391,12-12-2025,13:07:45,C1105,Hyderabad,Casual Dining,Italian,842.86,26.46,Credit Card,32.3,3.2,4.6,Delivered
ORD104757,19-01-2025,01:47:15,C1682,Mumbai,Fast Food,Biryani,399.01,45.93,Wallet,50.5,5.5,4.1,Delivered
ORD104932,21-04-2025,19:19:00,C1503,Mumbai,Cloud Kitchen,,421.01,40.92,Debit Card,37.5,4,4.3,Delivered
ORD102309,12-07-2025,14:11:45,C1539,Hyderabad,Cafe,South Indian,140.3,71.88,Credit Card,,9.6,,Cancelled
ORD104865,16-01-2025,18:59:00,C1409,Hyderabad,Cafe,North Indian,344.65,38.93,UPI,41.7,5.4,4.3,Delivered
ORD104566,04-02-2025,03:58:30,C1579,Bangalore,Casual Dining,Desserts,333.5,43.21,UPI,29.2,2.3,4.6,Delivered
ORD103826,05-10-2025,13:15:00,C1773,Hyderabad,Fast Food,Biryani,280.99,54.44,Credit Card,54.2,7.5,4,Delivered
ORD104139,30-11-2025,10:52:30,C1859,Chennai,Cloud Kitchen,Desserts,340.47,49.35,UPI,34.4,6.1,4.5,Delivered
ORD103461,26-10-2025,08:01:15,C2139,Chennai,Cafe,Chinese,366.1,27.32,Credit Card,17.9,1.7,4.2,Delivered
ORD100542,23-04-2025,19:17:00,C1987,Bangalore,Fast Food,Biryani,483.11,59.02,Debit Card,55.6,9,4.1,Delivered
ORD103782,20-05-2025,20:18:30,C1996,Mumbai,Cloud Kitchen,Desserts,119.53,29.12,UPI,39.4,1.6,4.1,Delivered
ORD103159,02-12-2025,12:28:00,C1488,Bangalore,Fast Food,Continental,403.3,36.81,Debit Card,41.2,4.5,4,Delivered
ORD101464,13-11-2025,15:01:30,C1397,Hyderabad,Casual Dining,Fast Food,645.38,35,Debit Card,12,0.8,4.2,Delivered
ORD102792,01-05-2025,22:18:00,C1739,Bangalore,Casual Dining,South Indian,352.22,47.9,UPI,33.9,4.9,4.2,Delivered
ORD101262,05-07-2025,23:42:00,C1137,Hyderabad,Casual Dining,North Indian,628.46,36.55,Cash,26.6,4.5,,Delivered
ORD100710,22-11-2025,12:22:00,C1317,Hyderabad,Cafe,Desserts,259.2,28.7,Debit Card,40.4,2.1,4.4,Delivered
ORD103123,26-11-2025,20:06:00,C1869,Hyderabad,Cafe,Biryani,337.91,28.16,UPI,21.4,0.9,4.7,Delivered
ORD104462,30-01-2025,17:11:45,C2030,Bangalore,Fast Food,Desserts,90,45.12,Wallet,25.4,2.6,4.6,Delivered
ORD102693,02-05-2025,21:40:00,C2120,Bangalore,Cloud Kitchen,Italian,607.78,38.85,Cash,25.3,1.2,4.7,Delivered
ORD102486,31-12-2025,12:18:00,C1087,Bangalore,Fast Food,Chinese,344.39,69.3,Debit Card,69,11.3,3.1,Delivered
ORD103474,16-07-2025,18:28:00,C1173,Bangalore,Cafe,Chinese,301.49,57.41,Credit Card,33.5,5.4,4.6,Delivered
ORD100706,21-04-2025,13:21:00,C2168,Mumbai,Casual Dining,Chinese,577.36,45.02,Cash,42.6,5.1,3.4,Refunded
ORD104639,07-01-2025,19:19:00,C1398,Chennai,Cloud Kitchen,Desserts,393.63,56.12,UPI,42.6,7.3,4.2,Delivered
ORD102523,21-12-2025,20:12:15,C1695,Hyderabad,Fast Food,Fast Food,278.1,52.69,UPI,41.5,5.8,4.8,Delivered
ORD103422,09-07-2025,12:04:00,C1157,Bangalore,Cafe,Desserts,90,18.92,Credit Card,31.3,1.2,5,Delivered
ORD104671,14-11-2025,16:03:00,C1067,Kochi,Casual Dining,South Indian,496.62,45.42,UPI,30.8,4.3,4.8,Delivered
ORD100170,15-06-2025,12:49:00,C2078,Mumbai,Cloud Kitchen,Chinese,463.41,31.54,Wallet,43.5,1.6,4.1,Delivered
ORD103853,26-11-2025,21:04:00,C1636,Kochi,Fast Food,Continental,337.42,23.3,Credit Card,30.7,2.8,4.5,Delivered
ORD103947,13-06-2025,10:52:00,C1609,Bangalore,Cloud Kitchen,Continental,473.64,26.65,UPI,19,0.9,4.9,Delivered
ORD101579,05-03-2025,22:24:15,C1069,Chennai,Casual Dining,Italian,881.39,64.19,UPI,49.6,9.5,4.2,Delivered
ORD102189,19-05-2025,14:02:00,C1590,Bangalore,Fine Dining,North Indian,785.85,17.82,Wallet,,1.6,,Cancelled
ORD100235,23-07-2025,18:47:00,C1915,Mumbai,Cloud Kitchen,South Indian,350.78,61.1,Credit Card,41,8.7,4.6,Delivered
ORD103168,15-03-2025,20:18:00,C1490,Hyderabad,Cloud Kitchen,North Indian,434.5,25.6,Wallet,18.5,0.8,4.6,Delivered
ORD103428,20-05-2025,13:34:00,C1698,Kochi,Casual Dining,Chinese,615.79,28.14,Credit Card,,2.2,5,Delivered
ORD102148,02-12-2025,09:21:30,C1617,Bangalore,Cafe,Biryani,307.9,36.46,UPI,27.2,3.6,4.5,Delivered
ORD100292,27-08-2025,12:51:30,C1850,Chennai,Casual Dining,Italian,661.89,24.36,Debit Card,24.2,2.2,4.7,Delivered
ORD102100,28-04-2025,14:54:30,C1356,Chennai,Cloud Kitchen,Biryani,354.51,57.43,Credit Card,55.9,8.3,3.6,Delivered
ORD104549,13-02-2025,18:57:45,C1217,Mumbai,Fine Dining,South Indian,651.71,48.34,Debit Card,36.4,4.2,4.9,Delivered
ORD102207,21-02-2025,19:13:45,C1069,Chennai,Fast Food,Chinese,147.87,56.9,Debit Card,42,5.8,4.4,Delivered
ORD101835,20-12-2025,12:57:15,C1324,Bangalore,Fast Food,South Indian,90,33.53,Cash,53.6,6.6,4.4,Delivered
ORD102497,05-04-2025,19:14:00,C1392,Bangalore,Casual Dining,Italian,475.31,38.88,Cash,38.9,3.8,4.1,Delivered
ORD104021,13-08-2025,15:08:45,C1431,Hyderabad,Cafe,North Indian,362.99,38.95,UPI,20.8,1.5,4.7,Delivered
ORD102461,23-10-2025,17:58:30,C1815,Chennai,Cafe,South Indian,172.71,55.35,Cash,42.7,4.8,4.6,Delivered
ORD100569,15-04-2025,10:25:00,C1250,Bangalore,Casual Dining,North Indian,305.67,37.37,UPI,29.3,2.6,4.8,Delivered
ORD100032,12-04-2025,19:06:45,C1618,Mumbai,Cafe,South Indian,205.44,42.9,Wallet,32.5,3.2,5,Delivered
ORD104380,19-04-2025,16:49:45,C1513,Bangalore,Casual Dining,South Indian,593.83,54.34,Debit Card,34.4,6,4.3,Delivered
ORD101044,24-05-2025,14:48:00,C1327,Bangalore,Fast Food,Continental,110.78,43.36,Debit Card,29.8,1.8,5,Delivered
ORD103705,23-02-2025,18:14:00,C2092,Mumbai,Fast Food,Fast Food,409.46,84.14,UPI,58.4,10.7,3,Delivered
ORD100086,06-08-2025,19:34:00,C1658,Bangalore,Casual Dining,North Indian,276.75,34.2,Credit Card,38.8,2,4.1,Delivered
ORD104696,22-08-2025,13:35:15,C2084,Hyderabad,Casual Dining,Chinese,408.52,77.98,Cash,44.9,8.7,4.2,Delivered
ORD102644,21-08-2025,19:53:00,C2089,Bangalore,Cloud Kitchen,Biryani,702.31,52.01,Cash,33.4,4.9,4.6,Delivered
ORD100131,23-08-2025,14:21:30,C1779,Mumbai,Casual Dining,North Indian,592.67,41.62,Cash,46.6,3,4,Delivered
ORD104448,08-01-2025,13:26:45,C1602,Mumbai,Fine Dining,Biryani,1164.13,53.69,UPI,47.3,6.8,4.4,Delivered
ORD104538,09-01-2025,11:56:00,C1379,Mumbai,Fine Dining,South Indian,842.78,78.74,Credit Card,71.6,14.7,3.7,Delivered
ORD104814,25-05-2025,09:44:30,C1697,Kochi,Casual Dining,North Indian,590.02,32.59,Cash,33.2,1.9,4.5,Delivered
ORD101413,28-12-2025,19:30:00,C1786,Chennai,Fast Food,South Indian,217.38,54.92,Cash,46.8,7.3,4.2,Delivered
ORD104504,29-07-2025,16:38:00,C1276,Chennai,Casual Dining,Fast Food,776.53,25.52,Debit Card,21.3,2.6,4.3,Delivered
ORD102879,11-09-2025,11:44:45,C1007,Bangalore,Fast Food,Desserts,386.84,16.77,Credit Card,17.5,0.7,5,Delivered
ORD100514,17-07-2025,21:44:15,C1683,Bangalore,Cloud Kitchen,Desserts,209.28,41.69,UPI,48.9,4.6,4.4,Delivered
ORD100119,14-07-2025,20:16:00,C2051,Kochi,Casual Dining,Fast Food,421.17,37.26,Debit Card,37.7,3,4,Delivered
ORD101369,02-01-2025,08:01:30,C1802,Hyderabad,Fast Food,Biryani,329.87,50.63,UPI,53.7,7.8,4.5,Delivered
ORD103330,08-09-2025,18:35:00,C1240,Mumbai,Cafe,Chinese,258.38,54.76,UPI,42.3,6,4.3,Delivered
ORD101617,08-02-2025,20:56:00,C2199,Bangalore,Casual Dining,Chinese,697.1,27.88,Debit Card,29.8,1.2,4.2,Refunded
ORD101390,25-04-2025,20:12:00,C1206,Bangalore,Fast Food,North Indian,425.57,20.24,UPI,35.6,2,4.3,Refunded
ORD101519,21-01-2025,14:09:15,C1457,Hyderabad,Cafe,Fast Food,393.75,29.92,Cash,21.2,1.4,5,Delivered
ORD104441,25-11-2025,22:21:30,C1965,Mumbai,Cafe,Chinese,308.92,27.61,UPI,30.1,2.4,4.5,Delivered
ORD100873,28-09-2025,11:16:00,C1547,Chennai,Fast Food,Biryani,389.98,21.53,Cash,32.3,2.7,5,Delivered
ORD100950,20-08-2025,21:19:15,C1276,Mumbai,Cafe,Chinese,90,36.08,UPI,29.1,3.3,4.6,Delivered
ORD102449,25-12-2025,11:51:00,C1203,Bangalore,Fine Dining,Biryani,1029.8,47.28,UPI,38,6.2,4.3,Delivered
ORD100264,29-12-2025,22:02:45,C1145,Mumbai,Fast Food,North Indian,342.71,42.96,Credit Card,13,2.4,4.4,Delivered
ORD100051,16-03-2025,17:50:00,C1349,Bangalore,Cafe,Chinese,249.4,38.74,Debit Card,31.9,5.1,4,Delivered
ORD104597,20-12-2025,21:31:45,C1180,Hyderabad,Fast Food,South Indian,90,40.94,UPI,32.8,2.9,4.8,Delivered
ORD100261,29-09-2025,13:34:00,C1930,Bangalore,Cafe,Chinese,342.62,86.75,UPI,57.7,10.8,3.5,Delivered
ORD102825,21-10-2025,19:47:00,C1964,Bangalore,Casual Dining,Fast Food,723.31,50.17,UPI,42.5,4.7,4.1,Delivered
ORD104388,18-09-2025,21:05:45,C2142,Bangalore,Casual Dining,South Indian,636.13,45.81,UPI,32.8,4,4.2,Delivered
ORD100129,09-08-2025,21:06:00,C1184,Chennai,Fast Food,Biryani,456.48,42.73,UPI,48.3,2.8,3.6,Delivered
ORD103098,26-08-2025,21:21:00,C1891,Mumbai,Cloud Kitchen,North Indian,367.92,38.29,UPI,33.3,4.2,4.9,Delivered
ORD104563,20-11-2025,20:21:00,C1714,Bangalore,Cloud Kitchen,Chinese,335.27,28.29,UPI,41.1,3.9,4.3,Delivered
ORD103338,14-08-2025,20:42:00,C1615,Mumbai,Cloud Kitchen,North Indian,453.84,25.69,UPI,47.1,1.8,3.5,Delivered
ORD100214,07-02-2025,12:11:30,C1140,Mumbai,Fast Food,Italian,461.74,32.09,UPI,27.9,3.1,4.7,Delivered
ORD104175,30-03-2025,23:46:45,C1689,Mumbai,Cloud Kitchen,North Indian,344.35,32.57,Wallet,13,2.5,5,Delivered
ORD102109,22-12-2025,12:42:00,C1991,Mumbai,Cloud Kitchen,North Indian,381.19,62.22,Wallet,56.3,6.6,3.3,Delivered
ORD104753,16-03-2025,11:49:00,C1926,Mumbai,Fast Food,North Indian,426.96,53.31,UPI,29,4.5,4.7,Delivered
ORD101971,15-04-2025,12:05:00,C1216,Chennai,Fast Food,Italian,339.76,37.23,UPI,26.9,4.1,4.5,Delivered
ORD100997,21-03-2025,19:51:30,C1566,Chennai,Cloud Kitchen,Fast Food,341.69,29.56,Debit Card,30.3,1.9,4.4,Refunded
ORD101748,15-05-2025,18:00:15,C1168,Bangalore,Casual Dining,South Indian,486.77,42.91,Cash,34.9,4,3.9,Delivered
ORD100924,27-12-2025,11:26:15,C1209,Bangalore,Casual Dining,North Indian,447.37,56.17,UPI,40.6,4.5,4.8,Delivered
ORD102339,30-11-2025,20:04:00,C1788,Hyderabad,Casual Dining,Italian,339.14,35.68,UPI,46.8,3.4,4.2,Delivered
ORD100891,22-08-2025,07:10:00,C2110,Bangalore,Fine Dining,Fast Food,667.78,45.22,upi,37.1,4.5,4,Delivered
ORD102872,24-02-2025,22:08:00,C1576,Bangalore,Fast Food,North Indian,374.09,46.95,Credit Card,29,2.9,4.3,Delivered
ORD102466,24-08-2025,18:32:00,C1541,Kochi,Fast Food,Biryani,354.65,54.78,UPI,47.2,8.2,4.7,Delivered
ORD101215,19-10-2025,22:58:00,C1758,Chennai,Fast Food,South Indian,345.09,43.7,Credit Card,32.9,5.4,4.9,Delivered
ORD104453,20-10-2025,21:16:45,C2008,Mumbai,Casual Dining,Fast Food,402.45,48.46,Cash,45,6,3.6,Delivered
ORD104677,08-02-2025,19:57:00,C2064,Hyderabad,Cloud Kitchen,Fast Food,286.66,77.27,UPI,59.7,8.8,3.4,Delivered
ORD101180,29-04-2025,07:36:00,C1504,Chennai,Fast Food,Biryani,201.7,35.71,UPI,30.5,4,4.6,Delivered
ORD104768,30-11-2025,12:39:45,C1413,Bangalore,Casual Dining,Desserts,258.77,53.65,UPI,44.7,6.8,4.3,Delivered
ORD100331,14-04-2025,07:17:00,C1228,Mumbai,Casual Dining,South Indian,310.68,38.11,UPI,43.7,5.3,5,Delivered
ORD101343,17-07-2025,02:33:15,C2048,Bangalore,Casual Dining,South Indian,647.01,54.61,Cash,41.2,6.7,4.3,Delivered
ORD100861,02-01-2025,21:23:30,C1709, Bangalore ,Fast Food,North Indian,266.81,52.19,UPI,41.2,4.5,4.6,Delivered
ORD101806,06-08-2025,13:13:15,C1460,Bangalore,Fast Food,Chinese,279.44,33.35,UPI,31.8,2.2,,Delivered
ORD102468,07-08-2025,14:33:00,C1821,Chennai,Cloud Kitchen,Chinese,319.44,34.02,UPI,24.7,2.1,4.6,Delivered
ORD102238,16-08-2025,13:43:45,C2047,Bangalore,Casual Dining,Chinese,532.48,63.04,Credit Card,46.9,6.7,3.8,Delivered
ORD100046,02-03-2025,13:32:45,C1560,Chennai,Casual Dining,Chinese,517.77,26.67,Credit Card,41.8,2.2,4.5,Delivered
ORD101781,13-04-2025,00:29:45,C1762,Chennai,Cloud Kitchen,Fast Food,381.43,35.34,UPI,39.2,3.3,4.9,Delivered
ORD101506,23-01-2025,19:24:00,C1673,Mumbai,Fast Food,Chinese,297.43,66.52,UPI,38.4,6.9,4.8,Delivered
ORD103940,12-04-2025,19:26:00,C1632,Hyderabad,Casual Dining,Chinese,365.34,47.09,Debit Card,41.1,3.7,4.2,Delivered
ORD100796,02-06-2025,21:24:00,C1766,Bangalore,Casual Dining,Biryani,268.69,50.24,UPI,57.3,7.5,4.3,Delivered
ORD102252,04-07-2025,12:38:45,C1958,Chennai,Fine Dining,Biryani,1510.25,12.86,UPI,33,3.9,4.6,Delivered
ORD104353,06-05-2025,19:49:15,C1802,Chennai,Cafe,Desserts,537.54,34.54,UPI,35.8,2.7,4.8,Delivered
ORD100238,23-09-2025,18:35:00,C2146,Kochi,Casual Dining,Continental,527.41,28.18,UPI,19.1,2.2,4.8,Delivered
ORD100888,28-11-2025,14:51:00,C1904,Bangalore,Cloud Kitchen,North Indian,518.76,39.6,Credit Card,38,4.1,4.3,Delivered
ORD104116,05-01-2025,08:26:00,C1818,Bangalore,Cloud Kitchen,South Indian,541.07,60.06,Credit Card,48.1,9.8,3.9,Delivered
ORD102824,19-01-2025,13:44:00,C1696,Bangalore,Fast Food,South Indian,384.68,46.62,UPI,49.8,8.4,3.8,Refunded
ORD103626,04-02-2025,19:32:45,C1061,Bangalore,Cloud Kitchen,Fast Food,220.99,42.11,Cash,44.1,4.3,4.5,Delivered
ORD100898,06-11-2025,14:00:00,C1740,Bangalore,Cloud Kitchen,Italian,368.54,42.72,Cash,27.1,2,4.4,Delivered
ORD103380,08-11-2025,20:56:15,C1881,Bangalore,Cafe,Chinese,262.06,44.85,Cash,44.1,3.6,3.9,Delivered
ORD101616,16-12-2025,12:29:00,C1643,Mumbai,Fine Dining,Fast Food,1128.35,37.49,UPI,34,2.6,4.9,Delivered
ORD101881,13-08-2025,23:52:00,C2148,Bangalore,Fast Food,Fast Food,172.7,18.8,UPI,22.7,1.7,4.5,Delivered
ORD100900,12-06-2025,20:11:30,C1264,Chennai,Cafe,South Indian,240.99,36.2,UPI,15.2,1.1,4.4,Delivered
ORD100399,24-06-2025,22:17:00,C2056,Hyderabad,Fast Food,South Indian,350.18,52.64,Wallet,30.4,5.3,4.6,Delivered
ORD102637,12-01-2025,17:42:45,C1994,Hyderabad,Casual Dining,Desserts,453.47,20.62,UPI,16.9,2.4,5,Delivered
ORD100159,26-08-2025,06:49:00,C2120,Mumbai,Fast Food,South Indian,419.59,22.3,UPI,37.7,3.2,4.4,Delivered
ORD101859,21-06-2025,14:15:15,C1292,Bangalore,Fast Food,Chinese,306.21,60.94,Debit Card,46.1,8.3,3.5,Delivered
ORD100201,27-02-2025,15:16:45,C1644,Bangalore,Cloud Kitchen,Italian,609.87,25.08,Cash,23,2.4,4.3,Delivered
ORD103494,28-07-2025,13:56:45,C1872,Bangalore,Casual Dining,Chinese,623.97,34.7,Wallet,34.3,2.5,4.8,Delivered
ORD100388,28-11-2025,18:19:15,C1886,Mumbai,Cloud Kitchen,Desserts,354.39,36.26,Credit Card,19.8,1.6,4.9,Delivered
ORD103070,08-12-2025,11:28:00,C1165,Chennai,Cafe,Chinese,215.73,40.86,UPI,34.7,5.5,4.4,Delivered
ORD103993,18-01-2025,08:39:45,C1809,Bangalore,Fine Dining,Italian,1461.16,26.96,Cash,52.1,7.7,,Delivered
ORD101129,09-10-2025,15:40:00,C1671,Chennai,Fast Food,Biryani,294.97,27.89,Cash,17.6,1.1,4.8,Delivered
ORD104850,25-05-2025,18:20:00,C1895,Hyderabad,Cafe,Chinese,390.57,36.39,Credit Card,32.2,2,4.4,Delivered
ORD100035,08-04-2025,21:35:00,C1976,Hyderabad,Casual Dining,Fast Food,267.52,47.56,UPI,38.6,6.4,4.3,Delivered
ORD103246,13-09-2025,18:43:15,C1730,Kochi,Fast Food,Biryani,409.89,69.44,UPI,38.3,8,5,Delivered
ORD101750,26-04-2025,21:23:45,C2112,Mumbai,Cloud Kitchen,Biryani,562.17,38.56,Debit Card,52.2,4.5,4.2,Delivered
ORD101397,24-01-2025,12:50:45,C1487,Bangalore,Fast Food,Chinese,419.49,44.98,Cash,38.2,4,4.5,Delivered
ORD104631,06-06-2025,22:14:00,C1407,Hyderabad,Casual Dining,South Indian,310.95,33.99,UPI,41.9,4.8,4.2,Delivered
ORD100006,12-03-2025,11:55:00,C1314,Hyderabad,Cloud Kitchen,Chinese,338.03,14.97,UPI,17.8,0.8,5,Delivered
ORD103321,22-02-2025,18:48:45,C1440,Mumbai,Fast Food,South Indian,280.59,33.15,Credit Card,17.2,1.6,5,Delivered
ORD103211,12-06-2025,11:06:00,C1679,Bangalore,Casual Dining,South Indian,243.78,45.74,UPI,42,6.9,4.4,Delivered
ORD104410,18-11-2025,20:43:30,C1964,Mumbai,Fast Food,South Indian,238.14,27.04,UPI,34.4,4.2,4.2,Delivered
ORD104160,24-07-2025,12:22:15,C1155,Mumbai,Casual Dining,North Indian,375.46,26.21,UPI,27.5,2.5,5,Delivered
ORD100669,13-11-2025,18:04:00,C1329,Chennai,Casual Dining,Biryani,372.58,9.81,Credit Card,,1.2,,Cancelled
ORD103462,22-12-2025,20:02:00,C1029,Bangalore,Fine Dining,Chinese,1212.9,22.11,UPI,37.1,5.9,4.2,Refunded
ORD104113,27-09-2025,14:20:30,C2046,Kochi,Cafe,Fast Food,135.28,40,UPI,31.5,5.6,4.5,Delivered
ORD104157,16-10-2025,21:20:00,C1678,Kochi,Cafe,Fast Food,93.49,36.16,Wallet,31,2.1,5,Delivered
ORD104527,30-05-2025,19:22:00,C1092,Kochi,Cloud Kitchen,Fast Food,275.3,43.51,Credit Card,32,1.6,4.1,Delivered
ORD104135,22-04-2025,20:24:30,C1434,Mumbai,Cloud Kitchen,Italian,676.72,24.43,Credit Card,48.3,2.6,5,Delivered
ORD104728,21-07-2025,10:08:30,C1866,Hyderabad,Fine Dining,South Indian,504.58,48.03,UPI,28.2,6.9,4.3,Delivered
ORD102224,24-07-2025,18:37:00,C1389,Kochi,Fast Food,Fast Food,90,54.1,UPI,19.9,5.8,4.8,Delivered
ORD104052,06-12-2025,20:46:00,C1213,Mumbai,Cafe,Fast Food,307.76,22.98,Wallet,40.8,1.6,5,Delivered
ORD102387,19-07-2025,07:30:30,C1355,Hyderabad,Cloud Kitchen,Biryani,511.8,37.62,Credit Card,30.2,3.5,4.4,Delivered
ORD104813,10-01-2025,22:48:00,C2127,Bangalore,Casual Dining,Biryani,654.48,21.12,Cash,22.8,2.2,4.4,Delivered
ORD104002,02-08-2025,12:15:00,C1434,Hyderabad,Fast Food,Continental,274.98,19.38,Wallet,33.5,2.3,4.1,Delivered
ORD101353,04-05-2025,17:21:00,C1438,Mumbai,Fast Food,Biryani,232.06,40.1,UPI,31.6,2.3,5,Delivered
ORD101861,13-06-2025,23:04:00,C1904,Mumbai,Cloud Kitchen,Chinese,526.56,57.99,Cash,28.7,2.9,4.7,Delivered
ORD102758,30-05-2025,13:26:00,C1111,Kochi,Cafe,Desserts,362.26,60.17,UPI,37.5,6.9,3.9,Delivered
ORD103590,13-03-2025,19:08:00,C1171,Kochi,Casual Dining,Continental,1093.56,10.16,Credit Card,22.3,1.8,4.9,Delivered
ORD100820,07-04-2025,11:58:30,C1177,Kochi,Fast Food,North Indian,298.07,23.56,Credit Card,18.3,2.2,5,Delivered
ORD101485,03-02-2025,15:09:30,C1568,Bangalore,Cloud Kitchen,Biryani,346.37,24.57,UPI,,1.6,4.2,Delivered
ORD102336,30-08-2025,09:15:30,C1378,Hyderabad,Cafe,Biryani,357.78,41.07,UPI,17.2,1.9,4.4,Delivered
ORD100317,17-10-2025,11:44:00,C1519,Bangalore,Cafe,South Indian,201.76,47.58,Credit Card,44.4,7.9,4.3,Refunded
ORD100729,10-11-2025,18:43:00,C1134,Bangalore,Fast Food,Fast Food,253.83,38.87,UPI,30.5,2.9,5,Delivered
ORD103092,15-03-2025,21:48:30,C1068,Chennai,Fast Food,Chinese,293.43,8.97,Debit Card,41.6,1.9,4.3,Delivered
ORD101420,26-04-2025,15:43:30,C2123,Mumbai,Fast Food,Chinese,419.72,39.13,UPI,41.2,5.3,4.2,Delivered
ORD101434,06-11-2025,16:13:00,C1197,Mumbai,Casual Dining,North Indian,776.12,46.01,UPI,29.9,4.7,4.5,Delivered
ORD104745,26-05-2025,18:06:00,C1398,Bangalore,Fast Food,Biryani,159.05,30.5,UPI,29.1,2,4.3,Delivered
ORD100467,24-12-2025,19:01:30,C1252,Mumbai,Fast Food,Biryani,182.9,48.78,Cash,50.4,5.5,4.9,Delivered
ORD104861,29-08-2025,13:29:45,C1412,Mumbai,Casual Dining,Biryani,355.68,49.6,UPI,50.4,7.3,4.7,Delivered
ORD102979,17-02-2025,07:52:00,C1010,Kochi,Fast Food,South Indian,231.2,47.88,UPI,23.1,2,4.5,Delivered
ORD102592,21-11-2025,22:29:45,C1062,Mumbai,Cafe,Biryani,265.06,20.91,Credit Card,26.9,1.3,5,Delivered
ORD104670,17-06-2025,18:01:30,C1887,Bangalore,Casual Dining,Fast Food,389.56,30.54,UPI,25.4,5.7,5,Delivered
ORD102159,08-04-2025,13:24:00,C2141,Bangalore,Cloud Kitchen,Chinese,495.91,37.27,UPI,41.4,4.6,4.3,Delivered
ORD104290,21-04-2025,08:00:00,C1863,Bangalore,Casual Dining,Biryani,606.74,29.02,UPI,33.5,3.8,4.2,Delivered
ORD102225,08-01-2025,14:20:30,C1240,Bangalore,Casual Dining,Biryani,260.91,51.61,Cash,45.2,6.1,3.8,Delivered
ORD102583,26-10-2025,21:44:00,C1720,Chennai,Cafe,Biryani,258.59,22.9,UPI,31.6,3.2,4.4,Delivered
ORD100726,20-08-2025,16:21:00,C1817,Bangalore,Casual Dining,North Indian,203.13,65.13,Debit Card,47.7,8.3,3.8,Delivered
ORD100835,04-12-2025,14:01:00,C2162,Kochi,Fast Food,Desserts,401.17,65.24,UPI,38.9,10.7,3.7,Delivered
ORD103533,06-09-2025,02:02:45,C1672,Mumbai,Casual Dining,North Indian,150.37,12.57,UPI,28.6,2.5,4.7,Delivered
ORD100072,18-08-2025,22:20:45,C1648,Bangalore,Fast Food,Chinese,241.32,34.65,UPI,33,1.3,4.7,Delivered
ORD102672,27-11-2025,18:12:45,C1353,Bangalore,Fast Food,Italian,254.07,23.83,UPI,29.7,2.9,4.5,Delivered
ORD103878,30-01-2025,22:38:00,C1296,Bangalore,Casual Dining,Biryani,472.61,25.93,Cash,23.9,2.2,4.6,Delivered
ORD102145,24-11-2025,17:08:00,C1025,Bangalore,Fast Food,Biryani,403,51.45,Cash,45.6,5.4,3.9,Delivered
ORD103544,15-06-2025,18:10:00,C1704,Bangalore,Fast Food,Continental,410.13,58.64,Cash,45.8,7.8,4.2,Delivered
ORD100098,15-12-2025,11:25:00,C1695,Hyderabad,Casual Dining,South Indian,368.33,53.45,Credit Card,41.7,6.8,4.2,Delivered
ORD102039,09-05-2025,19:57:00,C1962,Bangalore,Cafe,North Indian,307.3,50.23,Wallet,66,7.6,4.2,Delivered
ORD101845,26-02-2025,19:52:30,C1742,Mumbai,Casual Dining,Italian,779.86,16.95,UPI,38.2,2,4.5,Delivered
ORD102790,11-12-2025,18:00:15,C1428,Chennai,Fast Food,Fast Food,286.17,30.17,Cash,39.6,4.2,4.6,Delivered
ORD100951,04-01-2025,00:06:15,C2058,Kochi,Casual Dining,Chinese,643.17,22.43,Credit Card,33.7,1.5,4.2,Delivered
ORD100034,14-02-2025,16:36:30,C1777,Chennai,Casual Dining,North Indian,246.31,23.64,Credit Card,17,2.6,4.6,Delivered
ORD101285,18-02-2025,15:20:00,C1624,Bangalore,Casual Dining,North Indian,685.01,35.11,UPI,22,2.5,4.9,Delivered
ORD101850,12-04-2025,22:48:30,C2011,Hyderabad,Cloud Kitchen,Chinese,609.19,14.78,UPI,19.9,1.2,4.8,Delivered
ORD104493,08-05-2025,13:38:00,C2106,Hyderabad,Fine Dining,Biryani,594.66,41.98,Cash,38.6,3.3,4.5,Delivered
ORD103331,13-04-2025,12:43:15,C2148,Bangalore,Cafe,Biryani,457.09,21.17,Credit Card,36.3,1.6,4.1,Delivered
ORD101738,01-11-2025,05:26:15,C1095,Bangalore,Casual Dining,South Indian,867.39,3.65,Credit Card,28,1.3,5,Delivered
ORD100828,29-11-2025,18:40:00,C1964,Bangalore,Fine Dining,South Indian,1247.78,12.32,Wallet,34.4,4.4,5,Delivered
ORD103511,21-10-2025,12:43:45,C1575,Mumbai,Cloud Kitchen,Biryani,266.83,33.96,UPI,45.8,5.7,4.7,Delivered
ORD104282,27-06-2025,14:05:00,C1407,Mumbai,Fast Food,Desserts,282.45,48.62,Credit Card,27.4,4.7,4.2,Delivered
ORD102999,30-12-2025,16:57:15,C1796,Kochi,Fine Dining,Chinese,1070.16,35.55,UPI,17.6,1.8,4.4,Delivered
ORD101041,09-07-2025,12:12:15,C1323,Kochi,Fine Dining,South Indian,895.32,22.69,UPI,27.7,2.8,5,Delivered
ORD102802,31-12-2025,18:51:00,C2087,Kochi,Cloud Kitchen,South Indian,299.3,31.88,Debit Card,28.3,3.6,4.8,Delivered
ORD104040,28-07-2025,12:20:45,C1273,Hyderabad,Fast Food,Desserts,274.3,30.2,UPI,39.8,1.9,4.2,Delivered
ORD101380,17-08-2025,20:40:15,C1102,Hyderabad,Cafe,Fast Food,270.71,29.1,Credit Card,27.7,1.6,4.4,Delivered
ORD104717,22-06-2025,17:16:00,C1784,Hyderabad,Cafe,Chinese,168.15,83.82,UPI,65.2,15,3.8,Delivered
ORD100824,24-02-2025,12:44:00,C1778,Kochi,Casual Dining,Fast Food,429.1,28.34,Wallet,,3.3,,Cancelled
ORD101723,22-01-2025,13:33:30,C1454,Bangalore,Casual Dining,Fast Food,467.5,44.35,UPI,36.8,3.5,3.9,Delivered
ORD101083,31-12-2025,19:11:30,C1626,Bangalore,Cloud Kitchen,South Indian,176.85,29.25,Cash,28.9,1.7,4.7,Delivered
ORD102132,21-05-2025,16:57:00,C1167,Kochi,Fine Dining,Fast Food,939.73,26.39,Credit Card,30.3,5.2,4,Delivered
ORD102371,25-08-2025,08:04:30,C1539,Bangalore,Fast Food,North Indian,324.58,67.22,Debit Card,65,8.8,4.4,Delivered
ORD104183,18-05-2025,08:01:45,C1348,Mumbai,Fine Dining,Biryani,809.09,25.29,Wallet,36.5,4.7,4.2,Delivered
ORD100745,07-12-2025,23:20:45,C1977,Hyderabad,Fast Food,Italian,277.35,35.65,Credit Card,30.2,4.2,5,Delivered
ORD103062,06-10-2025,21:36:00,C1144,Bangalore,Cloud Kitchen,South Indian,558.63,31.51,UPI,31.9,3.6,4.5,Delivered
ORD102722,05-09-2025,12:42:00,C1453,Mumbai,Cafe,South Indian,308.89,36.89,UPI,34.2,4,4.8,Delivered
ORD104516,01-11-2025,21:47:15,C1191,Chennai,Fast Food,Desserts,236.57,35.1,UPI,38,1.6,3.9,Delivered
ORD104894,29-08-2025,22:28:00,C2072,Hyderabad,Fast Food,South Indian,191.09,47.61,Wallet,37.6,6.6,4.7,Delivered
ORD104484,25-01-2025,16:28:15,C1588,Bangalore,Fast Food,Biryani,331.44,27.8,UPI,24.1,1,,Delivered
ORD100008,03-11-2025,09:56:00,C1491,Bangalore,Cloud Kitchen,Desserts,314.76,22.83,UPI,15.3,1.4,4.8,Delivered
ORD103648,24-02-2025,19:36:00,C1238,Chennai,Fast Food,,362.62,21.26,UPI,31.3,2.9,5,Delivered
ORD102392,04-12-2025,03:24:15,C1043,Mumbai,Fast Food,North Indian,305.64,10.5,UPI,28,1.5,4.1,Delivered
ORD100714,23-02-2025,21:19:15,C1589,Mumbai,Fine Dining,Italian,1467.34,0,UPI,,2.9,,Cancelled
ORD100906,19-09-2025,21:24:45,C2135,Bangalore,Fast Food,South Indian,7777.62,38.95,Cash,31.3,2.1,4.4,Delivered
ORD102488,03-03-2025,19:40:00,C1676,Bangalore,Fast Food,Biryani,380.45,34.16,UPI,31.1,1,4.6,Delivered
ORD103942,21-03-2025,20:22:00,C1811,Hyderabad,Casual Dining,North Indian,377.08,61.52,UPI,56.1,9.5,4.2,Delivered
ORD100498,22-02-2025,19:12:30,C1305,Bangalore,Fast Food,South Indian,277.9,39.9,Wallet,,3.7,,Cancelled
ORD100113,03-10-2025,12:53:00,C1047,Kochi,Casual Dining,Biryani,584.15,36.28,UPI,36.4,2.4,4.1,Delivered
ORD103179,13-09-2025,22:21:30,C1423,Mumbai,Fast Food,Fast Food,292.37,39.52,Cash,29.6,3.5,4.8,Delivered
ORD102279,29-01-2025,22:30:45,C1622,Bangalore,Fast Food,Chinese,400.6,26.12,Credit Card,19,2.3,5,Delivered
ORD102538,01-11-2025,18:28:30,C1877,Chennai,Cloud Kitchen,North Indian,256.95,52.08,UPI,45.2,8.6,3.8,Delivered
ORD100616,08-09-2025,12:20:15,C1990,Hyderabad,Cloud Kitchen,Continental,516.09,48.25,UPI,45.4,6.6,4,Delivered
ORD100860,28-10-2025,18:35:00,C2073,Kochi,Fast Food,Chinese,327.65,32.47,Credit Card,21.9,2.6,4.4,Delivered
ORD103372,08-06-2025,20:28:45,C1004,Hyderabad,Cloud Kitchen,South Indian,194.31,39.24,Credit Card,36.6,4,4.1,Delivered
ORD104297,28-02-2025,21:35:00,C1743,Chennai,Casual Dining,Biryani,679.79,25.6,Debit Card,23.6,0.9,5,Delivered
ORD101784,06-03-2025,07:50:45,C1067,Hyderabad,Cloud Kitchen,South Indian,482.24,30.17,Wallet,25.8,2.8,4.4,Delivered
ORD101376,24-03-2025,17:10:00,C1871,Chennai,Casual Dining,Fast Food,97.07,63.78,Credit Card,42.1,6.4,4.3,Delivered
ORD103081,19-11-2025,10:27:15,C1660,Bangalore,Casual Dining,Chinese,749.31,29.08,Debit Card,35.9,4.9,4.5,Delivered
ORD102285,02-10-2025,21:08:00,C1734,Hyderabad,Fast Food,Biryani,338.34,40.98,Cash,29.5,3.6,4.8,Delivered
ORD102080,14-09-2025,21:35:45,C1025,Chennai,Cloud Kitchen,North Indian,532,40.68,Wallet,39.7,3.1,3.8,Delivered
ORD101514,02-12-2025,21:43:45,C1478,Mumbai,Cafe,Chinese,145.17,37.72,UPI,31.3,2.1,4.3,Delivered
ORD100473,02-10-2025,16:20:00,C1259,Hyderabad,Cafe,North Indian,546.67,34.65,UPI,23,4,4.8,Delivered
ORD103290,19-11-2025,18:48:00,C1223,Bangalore,Cafe,South Indian,268.82,24.98,Credit Card,18.7,1.6,5,Delivered
ORD100248,26-08-2025,12:40:00,C1864,Hyderabad,Cafe,Fast Food,257.75,38.1,UPI,28.2,2.4,4.5,Delivered
ORD102801,01-03-2025,18:58:00,C1644,Bangalore,Cafe,Continental,224.17,24.13,Cash,,3.9,,Cancelled
ORD104188,28-11-2025,18:41:15,C1776, Mumbai ,Fast Food,Biryani,212.85,27.59,Credit Card,29.1,3.4,4.7,Delivered
ORD104208,01-02-2025,20:20:45,C2164,Mumbai,Casual Dining,Biryani,688.65,35.99,UPI,34.3,2.9,4.3,Delivered
ORD100988,24-06-2025,15:02:00,C1835,Kochi,Cafe,Italian,413.57,36.01,Debit Card,17.5,3.7,4.6,Delivered
ORD104037,16-01-2025,18:42:30,C1868,Mumbai,Fine Dining,Chinese,952.33,50.46,Credit Card,43.5,6.6,4.3,Delivered
ORD104341,08-12-2025,21:46:00,C2106,Mumbai,Casual Dining,South Indian,367.21,61.17,UPI,64.8,7.3,3.6,Delivered
ORD101821,16-10-2025,18:03:45,C1711,Mumbai,Cloud Kitchen,Biryani,315.55,35.99,Cash,37,4.7,5,Delivered
ORD104053,27-04-2025,19:55:30,C1167,Hyderabad,Cafe,North Indian,289.48,61.21,Debit Card,51.5,8,4.2,Delivered
ORD103585,10-09-2025,12:09:00,C1452,Hyderabad,Fine Dining,Biryani,355.05,28.84,UPI,30.3,2.4,4.9,Delivered
ORD100802,20-01-2025,18:14:15,C1340,Kochi,Casual Dining,South Indian,728.76,30.89,Credit Card,32,5.4,5,Delivered
ORD104270,14-05-2025,06:25:00,C2089,Hyderabad,Cafe,South Indian,442.69,55.27,UPI,36.1,7.2,3.3,Refunded
ORD104144,20-03-2025,14:41:45,C1593,Mumbai,Fast Food,North Indian,317.31,57.59,Credit Card,45.8,6.1,4.3,Delivered
ORD104084,10-08-2025,18:05:00,C1977,Mumbai,Fine Dining,Biryani,517.81,49.49,Wallet,,6.2,4.9,Delivered
ORD104624,20-05-2025,13:54:45,C2100,Hyderabad,Fast Food,South Indian,236.57,30.53,Cash,,1.3,4.1,Delivered
ORD104946,15-08-2025,16:36:15,C2037,Bangalore,Fast Food,Italian,230.98,57.3,Debit Card,,4.5,,Cancelled
ORD104490,03-01-2025,21:28:00,C1397,Mumbai,Fast Food,Desserts,147.02,27.38,Cash,31.4,2.8,5,Delivered
ORD100834,22-05-2025,23:10:15,C1452,Chennai,Fast Food,Fast Food,227.84,56.15,Debit Card,34.3,5.7,4.6,Delivered
ORD102302,13-09-2025,12:39:30,C1891,Mumbai,Fast Food,Italian,451.21,25.71,UPI,35.1,3.3,4.4,Delivered
ORD101298,02-07-2025,20:44:00,C1786,Kochi,Casual Dining,Fast Food,606.66,39.11,Credit Card,35.5,4.2,4.9,Delivered
ORD103154,14-10-2025,15:24:00,C1330,Bangalore,Fine Dining,Fast Food,436.79,38,UPI,38.1,6.2,4.3,Delivered
ORD102545,16-09-2025,22:42:45,C1023,Bangalore,Cafe,Biryani,534.71,52.54,UPI,30.7,5.3,4.6,Delivered
ORD101643,04-09-2025,21:50:00,C1166,Bangalore,Fast Food,North Indian,147.33,21.71,UPI,23.5,2.7,5,Delivered
ORD104871,16-09-2025,06:37:00,C1541,Chennai,Fast Food,South Indian,251.7,16.15,UPI,15.4,1.2,4.6,Delivered
ORD103343,06-10-2025,11:26:15,C1174,Kochi,Fast Food,South Indian,432.12,47.68,UPI,40.6,5.7,4.6,Delivered
ORD102487,07-05-2025,11:48:45,C1187,Mumbai,Cloud Kitchen,South Indian,408.06,38.38,UPI,25.4,4.7,4.6,Delivered
ORD101680,21-05-2025,20:06:15,C1473,Hyderabad,Fast Food,South Indian,162.09,38.37,UPI,37.6,3.1,4.6,Delivered
ORD104524,29-05-2025,23:30:00,C1134,Chennai,Casual Dining,South Indian,680.08,22.18,Credit Card,13.5,1.6,4.5,Delivered
ORD100183,14-06-2025,17:05:00,C1905,Bangalore,Cloud Kitchen,Biryani,475.14,72.81,Cash,49.7,9.4,4.1,Delivered
ORD100255,26-01-2025,07:18:00,C1257,Mumbai,Fine Dining,North Indian,1345.22,0,UPI,21.2,3.1,4.9,Delivered
ORD103236,14-02-2025,23:41:15,C1835,Bangalore,Cafe,South Indian,425.37,30.56,UPI,23,2.6,5,Delivered
ORD103204,25-04-2025,18:39:00,C1612,Mumbai,Cloud Kitchen,South Indian,447.54,34.12,UPI,29.1,3.5,4.5,Delivered
ORD102619,04-08-2025,17:39:30,C1155,Kochi,Cafe,Continental,441.73,32.56,UPI,15.2,1.3,5,Delivered
ORD102375,25-07-2025,12:27:00,C1958,Bangalore,Fine Dining,South Indian,921,13.72,Wallet,24.4,2.3,4.6,Delivered
ORD104508,05-11-2025,21:30:00,C2014,Hyderabad,Casual Dining,Desserts,397.11,70.84,Credit Card,47.5,8.9,4.1,Delivered
ORD100566,04-08-2025,13:50:00,C2189,Hyderabad,Fast Food,Italian,327.47,58.5,Credit Card,53.2,7.6,3.4,Delivered
ORD101268,16-11-2025,19:29:30,C1136,Chennai,Fast Food,Chinese,290.16,25.29,UPI,41.8,3.3,4.8,Delivered
ORD102359,27-11-2025,14:42:00,C1906,Bangalore,Cloud Kitchen,Chinese,475.66,33.1,Credit Card,15.7,1.3,5,Delivered
ORD102003,08-09-2025,18:22:45,C1107,Chennai,Cloud Kitchen,Italian,466.75,32.05,Credit Card,18.4,3,4.9,Delivered
ORD102551,19-11-2025,14:41:30,C1868,Chennai,Cloud Kitchen,Chinese,270.25,44.68,UPI,,5.7,4.7,Delivered
ORD103409,15-09-2025,20:09:00,C1978,Chennai,Fast Food,Biryani,330.66,32.76,Wallet,41.6,4,4.3,Delivered
ORD104285,27-10-2025,11:27:00,C1121,Bangalore,Cloud Kitchen,Biryani,311.79,33.51,Debit Card,25.7,3.1,4,Delivered
ORD100764,10-07-2025,20:47:45,C1711,Chennai,Cafe,Chinese,459.36,21.81,Wallet,15.6,1.9,5,Delivered
ORD104443,27-08-2025,13:09:30,C1167,Hyderabad,Casual Dining,Biryani,779.65,50.94,Debit Card,43.4,5,4.1,Delivered
ORD102269,05-02-2025,21:37:00,C1389,Chennai,Fast Food,Chinese,423.49,47.1,Debit Card,33.3,5.9,4.2,Delivered
ORD101992,28-01-2025,22:58:00,C1179,Bangalore,Cloud Kitchen,Italian,637.33,23.06,Cash,36.5,1.4,4.3,Delivered
ORD104689,29-09-2025,18:56:00,C1919,Bangalore,Fine Dining,Desserts,722.61,50.71,Credit Card,27,4.6,5,Delivered
ORD104742,06-07-2025,20:44:00,C2063,Bangalore,Cloud Kitchen,North Indian,417.93,42.02,UPI,40.2,2.9,4.5,Delivered
ORD102117,02-03-2025,07:24:00,C1116,Chennai,Casual Dining,Biryani,630.97,41.01,Wallet,46,5.8,4.5,Delivered
ORD100228,13-03-2025,13:13:00,C1383,Bangalore,Cafe,Fast Food,222.5,26.85,Debit Card,27.9,3,4.4,Delivered
ORD104618,12-02-2025,20:39:45,C1493,Bangalore,Fast Food,Desserts,98.72,43.38,UPI,32.1,3.9,4.9,Delivered
ORD104442,22-02-2025,12:36:30,C1224,Bangalore,Fine Dining,Biryani,429.65,43.22,Cash,,5.3,,Cancelled
ORD104302,04-12-2025,18:52:00,C1750,Chennai,Cloud Kitchen,Chinese,507.12,33.56,Cash,15.6,1.4,4.4,Delivered
ORD102413,19-09-2025,13:43:00,C1684,Kochi,Casual Dining,Fast Food,141.34,54.43,UPI,28.3,5.6,4.5,Delivered
ORD101865,08-03-2025,15:55:00,C1043,Bangalore,Casual Dining,South Indian,320.83,40.43,Debit Card,24.2,1.8,4.7,Delivered
ORD104322,08-05-2025,22:52:45,C1632, Hyderabad ,Fast Food,South Indian,214.58,35.74,UPI,27.5,1.9,4.7,Delivered
ORD103980,17-02-2025,17:23:00,C2040,Mumbai,Cloud Kitchen,Biryani,90,62.34,Cash,28.6,7.2,4.8,Delivered
ORD104054,09-02-2025,22:47:15,C1293,Mumbai,Casual Dining,Continental,871.74,16.37,Cash,27.2,2.6,5,Delivered
ORD100587,05-10-2025,22:48:00,C1538,Mumbai,Cafe,Biryani,306.19,26.07,UPI,36.6,3.8,4.5,Delivered
ORD102519,27-06-2025,16:41:15,C1877,Bangalore,Fine Dining,North Indian,1419.28,0,Credit Card,20,1.1,4.7,Delivered
ORD103900,14-11-2025,19:50:45,C1246,Chennai,Fast Food,Fast Food,90,32.43,UPI,29.8,1.4,5,Delivered
ORD104706,04-07-2025,21:11:30,C1476,Bangalore,Fast Food,Fast Food,294.67,53.68,Cash,42.7,4.8,4.5,Delivered
ORD104393,02-05-2025,19:11:30,C1298,Bangalore,Cloud Kitchen,South Indian,478.82,45.29,UPI,45.6,6.3,3.6,Refunded
ORD100962,31-10-2025,19:36:00,C1310,Kochi,Cloud Kitchen,Biryani,90,56.7,Credit Card,45.1,9.2,4.2,Delivered
ORD101897,30-04-2025,19:06:00,C1976,Kochi,Cloud Kitchen,North Indian,453.33,23.42,UPI,18.9,3.1,5,Delivered
ORD102158,26-03-2025,14:42:15,C1005,Mumbai,Casual Dining,Biryani,628.03,71.1,UPI,51.3,10.2,3.8,Delivered
ORD102078,25-02-2025,20:02:45,C1379,Chennai,Fast Food,North Indian,405.68,50.65,Debit Card,30.4,4,4.1,Delivered
ORD102673,09-09-2025,22:06:15,C1524,Hyderabad,Casual Dining,Fast Food,678.15,28.94,UPI,32.9,1.9,4.6,Delivered
ORD101200,30-08-2025,21:40:15,C1556,Hyderabad,Cafe,North Indian,450.38,60.5,Debit Card,59.2,7.6,3.3,Delivered
ORD103891,13-09-2025,16:04:00,C1509,Bangalore,Casual Dining,South Indian,633.77,51.43,Credit Card,42.4,6.6,4.1,Delivered
ORD100132,30-05-2025,22:50:00,C1668,Chennai,Cloud Kitchen,Chinese,336.7,36.81,UPI,39.1,5.2,4.3,Delivered
ORD102289,07-12-2025,21:43:00,C1116,Hyderabad,Cloud Kitchen,South Indian,309.21,65.4,UPI,58,9.4,3.7,Delivered
ORD102753,09-09-2025,12:21:45,C1489,Hyderabad,Casual Dining,Biryani,687.39,34.22,Cash,19.5,2.6,4.9,Delivered
ORD102394,11-08-2025,15:34:45,C1237,Hyderabad,Fine Dining,Italian,1895.65,16.27,UPI,30.8,5.7,4.6,Delivered
ORD101699,28-12-2025,23:17:30,C1556,Hyderabad,Cafe,Biryani,267.58,28.87,Credit Card,25.2,3.8,5,Delivered
ORD104587,05-07-2025,22:22:00,C1313,Bangalore,Cafe,Biryani,258.54,32.34,Credit Card,36.1,3.4,4.7,Delivered
ORD103449,09-09-2025,20:14:45,C1954,Chennai,Cloud Kitchen,South Indian,429.92,15.95,UPI,25.8,1.5,4.7,Delivered
ORD102103,01-04-2025,09:29:00,C2148,Bangalore,Cafe,Fast Food,226.68,14.28,UPI,22.7,1.3,5,Delivered
ORD102668,26-09-2025,18:01:00,C1348,Mumbai,Casual Dining,South Indian,745.3,58.42,UPI,42.4,7.8,4.4,Delivered
ORD101812,22-08-2025,19:52:15,C1226,Bangalore,Casual Dining,Continental,586.66,41.56,UPI,32.8,1.5,4.8,Delivered
ORD102099,06-12-2025,23:56:15,C1865,Hyderabad,Cloud Kitchen,North Indian,598.38,64.28,Credit Card,44.8,7.5,4.2,Delivered
ORD104720,21-05-2025,19:25:00,C1164,Hyderabad,Casual Dining,North Indian,130.7,54.95,Cash,52.8,8.5,3.6,Delivered
ORD103788,05-06-2025,11:16:15,C1601,Mumbai,Fast Food,South Indian,169.23,46.42,Credit Card,23.2,4.2,4.7,Delivered
ORD100368,28-08-2025,22:54:15,C2160,Mumbai,Fast Food,North Indian,348.54,50.17,Credit Card,51.6,7.4,3.5,Delivered
ORD101791,06-07-2025,13:36:45,C1853,Chennai,Fast Food,Biryani,226.12,36.04,Cash,32.8,1.8,4.4,Delivered
ORD101373,23-08-2025,19:04:00,C1075,Kochi,Cafe,Desserts,171.97,24.09,Debit Card,20,0.8,4.9,Delivered
ORD100774,06-11-2025,16:50:45,C1881,Bangalore,Casual Dining,Biryani,346.67,37.55,Debit Card,36.2,4.1,4.5,Delivered
ORD102631,06-03-2025,16:22:15,C1857,Mumbai,Cafe,Biryani,177.24,54.04,UPI,37.4,5.4,4.7,Delivered
ORD101018,14-01-2025,14:50:00,C1705,Bangalore,Casual Dining,Biryani,580.25,55.17,Cash,35.6,6.3,3.9,Delivered
ORD103538,11-04-2025,08:59:00,C1337,Bangalore,Casual Dining,South Indian,486.56,44.4,UPI,,2.1,4.6,Delivered
ORD100794,04-05-2025,22:50:00,C1948,Bangalore,Fast Food,South Indian,210.02,32.8,UPI,28.7,4,4.6,Delivered
ORD101942,07-11-2025,20:02:00,C1626,Hyderabad,Cloud Kitchen,Italian,526.1,46.06,UPI,51.2,6.2,4.2,Delivered
ORD101637,22-07-2025,22:28:15,C2093,Bangalore,Cafe,Chinese,499.91,42.52,Wallet,25.4,3,5,Delivered
ORD101308,21-04-2025,21:42:00,C1561,Hyderabad,Fast Food,South Indian,434.95,28.53,Credit Card,27.7,2.6,4.7,Delivered
ORD104096,05-09-2025,11:59:15,C1516,Hyderabad,Fine Dining,South Indian,520.11,30.54,UPI,,2.6,,Cancelled
ORD100156,02-02-2025,05:04:15,C1933,Hyderabad,Fast Food,Fast Food,216.37,56.48,UPI,46.2,8,4.2,Delivered
ORD101710,05-07-2025,18:08:00,C1024,Chennai,Casual Dining,Desserts,335.77,56.95,Debit Card,41.9,5.8,4.4,Delivered
ORD102853,18-03-2025,22:56:00,C1323,Kochi,Casual Dining,North Indian,722.07,65.43,UPI,38.1,6.2,4.6,Delivered
ORD100708,15-07-2025,13:11:00,C1638,Chennai,Fine Dining,Fast Food,1262.98,6.48,Credit Card,28.5,3.5,5,Delivered
ORD103638,19-01-2025,11:54:30,C1322,Bangalore,Cloud Kitchen,Chinese,286.9,26.44,Credit Card,40.3,3.8,4.1,Delivered
ORD103786,03-06-2025,07:58:00,C1759,Kochi,Casual Dining,Fast Food,308.11,16.96,Wallet,22.1,0.8,4.5,Delivered
ORD100070,16-06-2025,23:53:45,C1742,Bangalore,Cloud Kitchen,North Indian,363.59,43.59,Credit Card,33.4,3.5,4.9,Delivered
ORD104185,28-11-2025,20:39:00,C1241,Bangalore,Fast Food,North Indian,421.88,33.95,Cash,28,2.1,5,Delivered
ORD100624,27-08-2025,14:13:30,C2147,Mumbai,Cloud Kitchen,North Indian,323.9,32.32,UPI,,3.2,,Cancelled
ORD104935,27-11-2025,12:31:15,C1374,Bangalore,Cloud Kitchen,Italian,366.84,32.17,UPI,22.3,0.9,5,Delivered
ORD104273,05-03-2025,22:53:30,C2164,Bangalore,Cafe,North Indian,375.23,34.34,UPI,35.4,5.2,4.3,Delivered
ORD103018,24-04-2025,17:21:15,C1612,Bangalore,Fast Food,South Indian,323.92,23.15,Credit Card,31.7,1.4,4.4,Delivered
ORD101883,10-11-2025,20:02:00,C1393,Bangalore,Casual Dining,Chinese,321.23,10.22,UPI,25.1,1.3,5,Delivered
ORD100787,28-07-2025,15:57:00,C1452,Bangalore,Fast Food,Biryani,193.4,36.71,Credit Card,33.5,2.4,5,Delivered
ORD103588,04-08-2025,22:24:15,C1721,Mumbai,Fast Food,,241.01,31.85,Cash,30.8,3.3,5,Delivered
ORD101026,14-02-2025,18:04:30,C1701,Chennai,Fast Food,Italian,248.32,31.76,Debit Card,15.4,3.3,4.8,Delivered
ORD101074,06-11-2025,21:56:00,C1670,Kochi,Fast Food,Desserts,224.83,36.62,UPI,28.3,3.5,4.6,Delivered
ORD100102,24-08-2025,13:43:45,C1542, Hyderabad ,Fast Food,North Indian,270.8,27.29,Credit Card,27.4,2.8,5,Delivered
ORD104176,12-08-2025,14:45:45,C1957,Hyderabad,Fast Food,South Indian,290.08,42.29,Credit Card,22.8,4.6,4.9,Delivered
ORD102142,04-04-2025,23:14:15,C2166,Mumbai,Cafe,South Indian,305.95,48.68,UPI,,5,,Cancelled
ORD103191,14-05-2025,11:08:30,C1054,Bangalore,Cloud Kitchen,South Indian,316.49,40.83,UPI,29.1,3.8,4.4,Delivered
ORD104723,27-12-2025,18:16:45,C1091,Mumbai,Cafe,Chinese,322.59,55.16,UPI,42.1,5.6,4.4,Delivered
ORD104177,30-07-2025,22:12:00,C1180,Bangalore,Cloud Kitchen,North Indian,458.03,29.05,Credit Card,34.9,2.6,4.3,Delivered
ORD100549,12-08-2025,13:52:30,C1011,Kochi,Cloud Kitchen,North Indian,472.81,29.14,Cash,32.8,3,4.7,Delivered
ORD101769,27-04-2025,11:15:15,C1716,Bangalore,Cloud Kitchen,South Indian,423.52,45.87,Wallet,39.3,3.3,4.2,Delivered
ORD101520,08-03-2025,15:42:00,C1834,Hyderabad,Cloud Kitchen,Desserts,320.05,45.07,UPI,28.2,2.2,5,Delivered
ORD101356,31-12-2025,19:26:00,C1976,Mumbai,Fine Dining,Fast Food,558.04,39.31,UPI,,2.3,,Cancelled
ORD104446,30-09-2025,07:48:00,C1188,Chennai,Fast Food,North Indian,251.05,32.74,UPI,16.1,0.6,4.3,Delivered
ORD103516,07-01-2025,14:01:00,C1247,Hyderabad,Casual Dining,Continental,435.2,19.37,UPI,26.3,1.9,4.5,Delivered
ORD103740,29-05-2025,22:22:45,C1918,Mumbai,Fast Food,Biryani,257.12,34.97,Wallet,,4.4,,Cancelled
ORD104936,26-09-2025,19:39:00,C1059,Bangalore,Cloud Kitchen,Italian,706.65,20.94,UPI,36.3,3.7,4,Delivered
ORD100530,03-08-2025,19:44:15,C1727,Kochi,Cafe,Fast Food,225.26,28.88,Credit Card,25.7,2.2,4.2,Delivered
ORD103067,18-09-2025,14:22:00,C2051,Chennai,Cloud Kitchen,North Indian,224.9,20.81,UPI,29.8,2.8,4.2,Delivered
ORD101122,30-05-2025,03:15:30,C1228,Hyderabad,Fast Food,Italian,330.23,27.82,Cash,12,1.5,4.4,Delivered
ORD103131,19-03-2025,14:57:00,C1820,Mumbai,Fast Food,Biryani,320.64,38.67,UPI,32.9,4.8,4.4,Delivered
ORD103808,09-08-2025,21:44:00,C1524,Mumbai,Cloud Kitchen,South Indian,372.7,29.8,Credit Card,34.5,2.3,3.8,Delivered
ORD104983,09-04-2025,13:57:00,C1167,Mumbai,Cloud Kitchen,South Indian,427.48,53.33,UPI,49.4,8.2,4.3,Delivered
ORD104822,11-06-2025,23:13:00,C1156,Chennai,Fine Dining,Biryani,845.85,14.77,UPI,26.3,1.9,4.5,Delivered
ORD102985,17-03-2025,17:32:45,C1255,Bangalore,Cafe,Fast Food,390.01,54.85,Cash,35.8,6.1,,Delivered
ORD100985,02-12-2025,21:40:30,C1696,Bangalore,Casual Dining,Continental,432.13,55.29,Credit Card,56,6.6,3.7,Delivered
ORD103755,31-10-2025,21:38:30,C1959,Bangalore,Casual Dining,Italian,600.52,18.8,Cash,34.4,1.6,4.6,Delivered
ORD103276,12-12-2025,11:45:30,C1039,Hyderabad,Cafe,Desserts,305.13,32.75,UPI,36.7,3.4,4.5,Delivered
ORD104797,26-06-2025,12:57:30,C1921,Hyderabad,Fast Food,Desserts,216.35,20.83,Cash,25.3,2.5,4.4,Delivered
ORD104857,01-10-2025,14:48:30,C1234,Bangalore,Cloud Kitchen,Desserts,230.07,86.15,UPI,59.9,12.6,4.1,Delivered
ORD104762,18-02-2025,02:41:30,C1077,Chennai,Cloud Kitchen,Continental,425.29,64.05,Wallet,62.4,9.4,3.5,Delivered
ORD102773,08-02-2025,16:48:00,C1765,Mumbai,Fast Food,North Indian,302.63,63.03,Cash,37.9,7.3,4.2,Delivered
ORD104150,02-12-2025,15:47:00,C1561,Bangalore,Cloud Kitchen,Desserts,486.96,73.96,Cash,54.8,10.7,4,Delivered
ORD102076,18-04-2025,21:58:45,C1834,Chennai,Fast Food,Fast Food,238.79,32.59,Cash,16.7,1.9,4,Delivered
ORD102945,08-07-2025,17:47:00,C1319,Bangalore,Casual Dining,Fast Food,252.69,30.75,UPI,22.4,2.3,4.7,Delivered
ORD102107,03-09-2025,19:01:00,C2127,Mumbai,Fast Food,Fast Food,209.62,42.89,UPI,40.7,4.3,4.4,Delivered
ORD104968,11-04-2025,03:28:30,C1730,Mumbai,Cloud Kitchen,North Indian,551.44,46.12,Credit Card,23.1,4.9,4.4,Delivered
ORD103332,24-01-2025,20:22:00,C1299,Bangalore,Fast Food,Biryani,140.55,55.8,UPI,52.7,7.7,4.2,Delivered
ORD104875,28-04-2025,17:06:00,C1941,Mumbai,Casual Dining,Fast Food,491.26,39.55,UPI,22.6,2.6,4.5,Delivered
ORD103931,25-08-2025,20:51:00,C1532,Hyderabad,Fast Food,Biryani,410.03,31.25,Cash,41,4.3,4.2,Delivered
ORD102599,05-03-2025,15:56:30,C1836,Bangalore,Casual Dining,North Indian,610.33,81.83,UPI,57,9.6,4,Delivered
ORD104489,13-07-2025,22:19:45,C1881,Hyderabad,Fine Dining,North Indian,591.74,33.25,Cash,19.4,1.5,4.8,Delivered
ORD101681,04-06-2025,13:16:00,C1758,Chennai,Cafe,Biryani,242.28,59.74,Debit Card,45.5,4.6,3.7,Delivered
ORD103925,02-01-2025,18:22:00,C1022,Mumbai,Fine Dining,North Indian,463.44,38.76,Debit Card,31.1,4.7,4.9,Delivered
ORD104876,03-10-2025,02:04:00,C1347,Bangalore,Cafe,South Indian,187.11,36.6,Credit Card,39.4,5.4,4.2,Delivered
ORD102573,21-12-2025,04:28:00,C1129,Kochi,Fast Food,North Indian,309.89,41.88,UPI,44,5.1,4.6,Delivered
ORD100912,21-12-2025,20:42:30,C1732,Bangalore,Cafe,Chinese,338.77,52.16,UPI,52.6,7.5,4.3,Delivered
ORD104612,23-08-2025,12:08:00,C1191,Hyderabad,Cloud Kitchen,South Indian,370.22,32.65,Credit Card,38.2,1.4,4.3,Delivered
ORD102991,14-06-2025,18:25:00,C2142,Bangalore,Cloud Kitchen,North Indian,437.26,41.33,Cash,35.8,3.8,4.1,Delivered
ORD101293,05-04-2025,14:55:00,C1687,Kochi,Fast Food,North Indian,264.9,43.65,Cash,28.7,3.6,4.2,Delivered
ORD102061,29-08-2025,15:16:45,C2134,Bangalore,Casual Dining,Chinese,550.49,79.44,Cash,66,9.7,3.7,Delivered
ORD103089,16-11-2025,02:43:45,C2163,Bangalore,Casual Dining,Fast Food,248.98,45.95,UPI,38.8,5.7,4.3,Delivered
ORD100942,18-10-2025,21:48:45,C1992,Kochi,Cloud Kitchen,South Indian,329.98,45.32,Credit Card,29,5.2,4.5,Delivered
ORD100674,08-04-2025,21:52:00,C1954,Chennai,Cloud Kitchen,Biryani,199.13,46.87,Debit Card,44.4,5.8,3.9,Delivered
ORD103477,11-12-2025,20:58:00,C2107,Hyderabad,Cafe,Biryani,361.32,25.43,UPI,40.2,2.9,4.4,Delivered
ORD103124,07-07-2025,19:14:00,C1667,Chennai,Casual Dining,North Indian,491.39,34.21,Credit Card,23,1.3,5,Delivered
ORD104805,25-01-2025,12:13:00,C1885,Bangalore,Casual Dining,North Indian,493.45,43.29,UPI,36.1,4.1,3.7,Delivered
ORD104830,29-08-2025,13:26:00,C1925,Bangalore,Fast Food,North Indian,399.43,47.11,UPI,48.9,7.1,3.9,Refunded
ORD103357,08-11-2025,14:21:00,C1444,Chennai,Fast Food,Italian,313.97,20.97,UPI,22.8,1.2,4.9,Delivered
ORD104713,02-01-2025,19:32:00,C2150,Chennai,Casual Dining,Biryani,632.33,38.05,Credit Card,26.1,1.8,5,Delivered
ORD101553,21-03-2025,11:46:45,C2135,Bangalore,Cafe,Fast Food,254.84,48.27,Credit Card,32.9,3.9,5,Delivered
ORD101886,19-07-2025,17:42:15,C1746,Mumbai,Cloud Kitchen,Chinese,639.1,56.85,Credit Card,48.9,9.2,3.8,Delivered
ORD103632,21-09-2025,18:59:00,C2155,Bangalore,Casual Dining,Italian,574.18,30.17,Credit Card,29,2.3,4.2,Delivered
ORD104826,10-09-2025,20:30:00,C1339,Bangalore,Cloud Kitchen,North Indian,465.99,38.89,UPI,37.9,3,5,Delivered
ORD100582,07-08-2025,11:57:30,C1754,Chennai,Casual Dining,Desserts,395.18,9.47,UPI,15.9,0.8,4.7,Delivered
ORD102233,21-04-2025,22:01:00,C1428,Kochi,Casual Dining,North Indian,558.58,61.4,Cash,38.9,8.2,3.9,Delivered
ORD100269,20-01-2025,18:49:00,C1685,Chennai,Cloud Kitchen,Chinese,393.08,31.27,Cash,24.2,2.4,4.4,Delivered
ORD104921,15-09-2025,16:19:45,C1551,Hyderabad,Fast Food,Fast Food,90,82.59,UPI,58,13.8,3.3,Delivered
ORD104964,13-05-2025,07:41:45,C2038,Bangalore,Fast Food,South Indian,358.1,42.74,UPI,33.7,2.4,4.4,Delivered
ORD101760,13-04-2025,10:54:15,C1236,Chennai,Fast Food,South Indian,329.66,35.51,UPI,28.5,3.1,4.3,Delivered
ORD104811,12-11-2025,17:06:30,C1988,Chennai,Cafe,North Indian,357.82,22.89,UPI,24.3,2.8,5,Delivered
ORD100027,27-05-2025,11:08:00,C1474,Chennai,Fast Food,North Indian,341.06,33.11,UPI,30.4,4,3.8,Delivered
ORD100353,07-03-2025,12:19:00,C1430,Bangalore,Fast Food,Biryani,323.86,61.01,Cash,54.1,8,3.6,Delivered
ORD104869,05-09-2025,21:06:00,C1897,Mumbai,Cloud Kitchen,Chinese,531.68,29.16,Wallet,53.5,5.2,4,Delivered
ORD104304,06-01-2025,17:49:00,C1812,Mumbai,Cloud Kitchen,North Indian,279.01,36.51,UPI,31.6,5.7,5,Delivered
ORD103561,09-01-2025,17:29:00,C1868,Chennai,Cloud Kitchen,Chinese,531.83,23.58,Debit Card,27.9,2.6,4.9,Delivered
ORD102558,14-01-2025,18:17:00,C2189,Bangalore,Cafe,Fast Food,291.65,21.74,Cash,34.6,2.6,4.6,Delivered
ORD103368,16-06-2025,17:19:00,C1508,Hyderabad,Fast Food,Fast Food,281.71,21.19,Wallet,18.1,1,4.5,Delivered
ORD103907,06-10-2025,19:33:00,C1723,Mumbai,Cloud Kitchen,Continental,446.22,33.83,Credit Card,40.9,3.8,4,Delivered
ORD103197,07-04-2025,16:22:00,C1675,Mumbai,Fast Food,Fast Food,368.53,28.52,UPI,42.3,4.8,4.4,Delivered
ORD101844,31-08-2025,20:11:45,C1623,Hyderabad,Fast Food,Fast Food,90,20.47,Cash,31.1,1.6,4.7,Delivered
ORD101526,25-12-2025,20:36:00,C1838,Bangalore,Cloud Kitchen,Chinese,432.97,47.96,Debit Card,28,2.9,4.6,Delivered
ORD100568,15-03-2025,23:14:45,C1317,Chennai,Casual Dining,Continental,890.58,37,UPI,41.7,6.4,4.4,Delivered
ORD100741,14-11-2025,17:48:45,C1914,Bangalore,Fine Dining,South Indian,803.01,18.84,Credit Card,28.3,3.3,5,Delivered
ORD104687,20-09-2025,09:55:00,C1286,Chennai,Cafe,Chinese,196.19,52,Credit Card,38.8,6.3,4.8,Delivered
ORD100002,23-04-2025,11:48:00,C1866,Chennai,Fast Food,Continental,212.69,19.2,UPI,19.5,1.6,4.4,Delivered
ORD102192,05-07-2025,14:51:00,C1100,Bangalore,Fast Food,Italian,248.17,49.95,Credit Card,44.6,7.4,4,Delivered
ORD102873,11-04-2025,15:45:30,C1153,Chennai,Cloud Kitchen,Continental,689.83,57.65,Credit Card,39.3,6.6,4.4,Delivered
ORD102688,11-04-2025,06:54:00,C1051,Hyderabad,Fast Food,Biryani,261.59,42.03,Cash,22.4,3.3,4.4,Delivered
ORD100288,18-11-2025,18:11:00,C1113,Hyderabad,Fast Food,Fast Food,332.23,36.52,Debit Card,29.4,2.8,5,Delivered
ORD104201,13-11-2025,22:57:30,C1703,Mumbai,Cloud Kitchen,North Indian,383.46,27.49,Cash,22,2.9,5,Delivered
ORD101925,21-08-2025,18:49:00,C1155,Hyderabad,Cafe,Desserts,227.91,59.31,Cash,49,9.5,4.2,Delivered
ORD102923,05-01-2025,18:53:45,C1225,Bangalore,Cloud Kitchen,Chinese,415.14,35.08,UPI,36.8,4.2,4.2,Delivered
ORD101778,11-09-2025,15:48:30,C1618,Chennai,Fine Dining,Italian,1007.13,22.45,UPI,28.7,2.6,4.5,Delivered
ORD103145,09-11-2025,19:51:30,C1378,Bangalore,Fast Food,Biryani,253.92,44.52,Credit Card,43.6,6.8,4,Delivered
ORD101253,18-12-2025,14:12:45,C2110,Bangalore,Fast Food,Biryani,297.74,35.13,Wallet,34.4,3.5,4.3,Delivered
ORD102356,06-11-2025,14:50:00,C1021,Bangalore,Fast Food,Fast Food,196.54,37.54,Wallet,,2.4,,Cancelled
ORD103780,18-01-2025,14:49:00,C2150,Chennai,Cloud Kitchen,South Indian,545.65,36.42,Cash,30.6,4,4.5,Delivered
ORD104390,24-05-2025,12:21:00,C1851,Mumbai,Cafe,Biryani,487.36,48.06,UPI,57,5.8,3.2,Delivered
ORD104284,18-04-2025,22:14:00,C2080,Chennai,Cafe,North Indian,559.52,48.39,Debit Card,33.4,5.2,4.9,Delivered
ORD101309,06-10-2025,16:37:45,C1171,Mumbai,Fast Food,North Indian,425.16,29.46,Cash,28.1,4.8,4.9,Delivered
ORD103978,07-12-2025,11:28:00,C2195,Kochi,Casual Dining,Continental,734.14,45.27,Credit Card,27.2,3,4.6,Delivered
ORD100786,02-05-2025,20:48:00,C1352,Mumbai,Cloud Kitchen,North Indian,540.04,26.65,Debit Card,,1.5,,Cancelled
ORD102303,19-10-2025,12:47:30,C1037,Bangalore,Cloud Kitchen,North Indian,372.6,49.79,UPI,28.4,2.9,4.5,Delivered
ORD102222,24-10-2025,22:47:30,C2013,Hyderabad,Cafe,Chinese,255.13,51.52,UPI,23.1,5.7,4.4,Delivered
ORD100819,03-02-2025,20:11:00,C1925,Chennai,Casual Dining,Fast Food,478.7,33.18,Credit Card,39.1,4.1,4.5,Delivered
ORD102755,14-08-2025,20:19:00,C1069,Mumbai,Cloud Kitchen,Biryani,456.7,58.27,UPI,60.1,7.7,3.8,Delivered
ORD101820,28-03-2025,19:55:00,C2158,Mumbai,Fast Food,Biryani,207.12,37.74,Cash,38.7,4.5,4.5,Delivered
ORD103807,01-12-2025,18:06:30,C2104,Mumbai,Fast Food,Fast Food,119.84,53.84,Wallet,46.9,8.4,4.7,Delivered
ORD103607,18-03-2025,17:35:15,C1598,Mumbai,Casual Dining,Biryani,477.54,30.28,UPI,34.8,3.7,4.8,Delivered
ORD101973,28-10-2025,21:11:00,C1904,Mumbai,Casual Dining,Biryani,439.72,39.29,Debit Card,39.3,4.2,4.4,Delivered
ORD100848,20-02-2025,20:03:45,C1053,Mumbai,Cloud Kitchen,North Indian,409.01,46.05,Debit Card,36.4,4.3,4.4,Delivered
ORD101609,23-02-2025,21:59:00,C1452,Bangalore,Cafe,Biryani,538.86,30.97,Cash,32,3.3,4.5,Delivered
ORD100262,18-07-2025,22:09:30,C1580,Chennai,Cafe,South Indian,104.44,34.43,Credit Card,25.3,4.2,4.4,Delivered
ORD100961,23-02-2025,15:16:15,C1477,Bangalore,Fast Food,Biryani,256.97,54.23,Credit Card,36.8,3.4,4,Delivered
ORD101039,25-04-2025,19:57:45,C1729,Bangalore,Cloud Kitchen,North Indian,393.39,29.81,Cash,34.3,3.5,4.8,Delivered
ORD103875,20-04-2025,21:15:45,C1480,Hyderabad,Fast Food,Desserts,93.46,51.53,UPI,53.4,6.3,4.6,Delivered
ORD103720,07-01-2025,17:41:45,C1708,Bangalore,Cloud Kitchen,South Indian,611.05,29.78,UPI,19.2,2,4.9,Delivered
ORD103615,03-03-2025,14:28:30,C2010,Mumbai,Fine Dining,South Indian,376.18,27.19,Credit Card,24.3,3.1,4.5,Delivered
ORD103095,15-12-2025,19:54:00,C1147,Bangalore,Cloud Kitchen,North Indian,376.45,32.43,Credit Card,,1.3,,Cancelled
ORD103912,23-03-2025,14:52:00,C1349,Hyderabad,Cloud Kitchen,Italian,529.33,22.08,Wallet,22.6,1.4,4.5,Delivered
ORD100644,26-09-2025,09:23:00,C1301,Hyderabad,Fine Dining,Fast Food,628.63,49.86,UPI,36.7,7,4.6,Delivered
ORD102352,05-07-2025,11:37:00,C2033,Bangalore,Fast Food,Fast Food,382.83,54.94,UPI,38.4,6.3,4.5,Delivered
ORD104756,29-08-2025,20:56:00,C2054,Bangalore,Fine Dining,Desserts,234.68,27.38,UPI,23.3,1.5,5,Delivered
ORD102036,06-10-2025,18:55:30,C1458,Bangalore,Casual Dining,South Indian,506.41,62.68,Cash,45.2,7.4,4.6,Delivered
ORD101321,11-10-2025,18:14:00,C1209,Mumbai,Cloud Kitchen,North Indian,445.83,48.54,UPI,45.2,5.8,4.1,Delivered
ORD100280,30-07-2025,20:09:00,C1219,Bangalore,Fast Food,Continental,352.62,48.83,Debit Card,52.5,5.4,4.3,Delivered
ORD104258,09-09-2025,14:51:00,C2055,Mumbai,Casual Dining,Italian,348.77,48.53,Debit Card,46,5.8,5,Delivered
ORD102911,01-05-2025,13:34:00,C1159,Hyderabad,Cloud Kitchen,North Indian,422.22,42.01,UPI,,3.7,,Cancelled
ORD100737,08-02-2025,09:55:30,C1145,Bangalore,Cafe,Fast Food,338.44,41.58,Credit Card,29.4,1.8,4.7,Delivered
ORD103859,29-05-2025,11:03:00,C1650,Hyderabad,Fast Food,South Indian,268.21,26.3,UPI,28.7,3,3.9,Delivered
ORD100405,22-11-2025,09:15:00,C1866,Kochi,Fast Food,South Indian,223.35,32.64,UPI,25,3.2,5,Delivered
ORD102620,27-06-2025,19:28:45,C1010,Mumbai,Fast Food,Biryani,236.54,29.72,Wallet,20.5,1.6,4.9,Delivered
ORD102389,22-02-2025,18:55:15,C2029,Bangalore,Cloud Kitchen,Biryani,461.06,15.26,UPI,30.1,1.1,5,Delivered
ORD101195,15-05-2025,18:34:15,C1907,Bangalore,Casual Dining,North Indian,911.82,39.99,UPI,48.4,7.8,,Delivered
ORD103677,26-10-2025,13:13:45,C1276,Mumbai,Casual Dining,South Indian,134.1,38.11,UPI,27,2.1,5,Delivered
ORD102232,18-12-2025,12:22:00,C1203,Chennai,Fast Food,Chinese,413.81,51.43,Credit Card,42.9,5.5,4.3,Delivered
ORD104746,02-06-2025,11:23:15,C2143,Mumbai,Fast Food,Continental,349.26,33.19,UPI,24.8,1.2,5,Delivered
ORD102646,02-07-2025,19:50:00,C1867,Chennai,Cafe,Desserts,179.1,37.54,Credit Card,26.7,3.2,5,Delivered
ORD104750,25-11-2025,20:34:00,C1422,Chennai,Fast Food,Biryani,237.62,26.39,Debit Card,25.5,1.8,4.8,Delivered
ORD102152,06-01-2025,17:28:00,C2157,Hyderabad,Cloud Kitchen,North Indian,710.79,31.77,Credit Card,46.1,5.1,4,Delivered
ORD102438,15-12-2025,16:40:15,C1070,Bangalore,Fast Food,Biryani,420.28,44.46,UPI,39.5,5.4,3.8,Delivered
ORD101534,02-04-2025,21:46:15,C1483,Mumbai,Cafe,Biryani,280.9,53.51,Credit Card,59.3,7.5,3.4,Delivered
ORD103594,22-07-2025,19:10:00,C1803,Kochi,Cloud Kitchen,South Indian,404.66,14.6,UPI,22.3,3.4,5,Delivered
ORD104265,01-11-2025,22:56:00,C2110,Chennai,Fast Food,Italian,270.61,43.95,Cash,25,1.8,4.6,Delivered
ORD103427,19-01-2025,17:36:30,C1425,Mumbai,Fast Food,Biryani,181.35,47,Cash,25.3,5.5,4.6,Delivered
ORD104433,11-10-2025,18:19:00,C1373,Mumbai,Fast Food,North Indian,207.29,45.28,Debit Card,33,7.5,3.9,Delivered
ORD104100,08-07-2025,20:27:45,C1848,Bangalore,Fine Dining,Italian,417.62,57.76,Cash,44.3,5,4.7,Delivered
ORD104359,16-03-2025,21:09:00,C2156,Mumbai,Casual Dining,Continental,693.91,24.63,Debit Card,34.7,2.2,4.4,Delivered
ORD101854,09-10-2025,21:56:45,C1082,Bangalore,Cafe,North Indian,265.63,43.97,Cash,45.7,5.8,4.8,Delivered
ORD103218,21-09-2025,09:48:15,C1150,Bangalore,Fine Dining,Chinese,466.61,42.36,Credit Card,39.2,4.2,4.1,Delivered
ORD104400,21-01-2025,11:56:15,C1947,Bangalore,Casual Dining,South Indian,500.71,40.03,UPI,25.6,1.3,4.3,Delivered
ORD101960,27-04-2025,21:17:45,C1603,Mumbai,Casual Dining,Italian,679.32,28.14,UPI,20,0.8,4,Delivered
ORD101673,08-05-2025,22:23:15,C1057,Kochi,Fast Food,Desserts,90,30.32,Credit Card,23.8,1.3,5,Delivered
ORD104487,03-08-2025,23:45:15,C1064,Bangalore,Casual Dining,Continental,777.83,74.64,Cash,50.7,8.7,4.2,Delivered
ORD101676,07-05-2025,15:31:00,C1652,Hyderabad,Fast Food,South Indian,188.59,36.39,Credit Card,26.1,2.7,4.9,Delivered
ORD104649,24-08-2025,10:52:30,C1556,Bangalore,Cloud Kitchen,North Indian,423.34,38.65,Credit Card,31.3,4.9,4.8,Delivered
ORD101331,13-03-2025,17:39:30,C1186,Chennai,Fast Food,North Indian,194.72,34.5,UPI,22.7,1.8,4.1,Delivered
ORD101885,03-04-2025,21:31:15,C1519,Bangalore,Cloud Kitchen,Italian,507.39,23.13,UPI,36.5,1.1,4.5,Delivered
ORD103432,14-08-2025,17:08:15,C1438,Mumbai,Cafe,Biryani,406.34,42.88,Debit Card,36,5,4.2,Delivered
ORD101565,17-01-2025,16:40:30,C1250,Kochi,Cloud Kitchen,Biryani,476.95,17.2,UPI,13.8,2.6,4.5,Delivered
ORD101830,24-10-2025,19:22:00,C1074,Mumbai,Cafe,South Indian,201.11,54.8,UPI,37.5,5.7,4.2,Delivered
ORD101683,29-04-2025,13:51:00,C1407,Bangalore,Cloud Kitchen,North Indian,318.45,22.96,Debit Card,39.8,3.1,4.4,Delivered
ORD103789,03-06-2025,13:29:15,C1779,Mumbai,Fast Food,Biryani,327.12,31.7,Credit Card,34.1,2.5,4.5,Delivered
ORD102165,15-12-2025,11:41:00,C1197,Hyderabad,Fast Food,Chinese,324.79,33.94,Credit Card,18.7,2.5,4.5,Delivered
ORD103658,13-08-2025,16:24:15,C1194,Mumbai,Fast Food,Fast Food,300.45,38.36,UPI,38.5,3.3,,Delivered
ORD100727,07-06-2025,11:34:45,C1927,Chennai,Cloud Kitchen,Fast Food,424.44,38.06,Debit Card,22.1,2.3,4.7,Delivered
ORD104552,19-03-2025,10:31:00,C1885,Mumbai,Fine Dining,Biryani,841.38,22.09,Cash,24.8,3,4.5,Delivered
ORD100576,24-03-2025,19:05:30,C1050,Hyderabad,Cafe,North Indian,304.98,35.11,Cash,37.7,3.2,4.9,Delivered
ORD104672,23-05-2025,23:15:00,C2092,Bangalore,Fast Food,North Indian,459.18,44.24,UPI,32.1,3,4.9,Delivered
ORD101930,08-08-2025,19:37:00,C2182,Mumbai,Fast Food,North Indian,421.17,33.64,Credit Card,32.7,1.9,4.8,Delivered
ORD102993,30-03-2025,11:53:00,C1261,Mumbai,Casual Dining,North Indian,556.41,28.31,Debit Card,18.7,1.8,3.9,Delivered
ORD104187,04-02-2025,17:47:00,C1537,Hyderabad,Casual Dining,Fast Food,541.32,35.26,UPI,23.5,2.7,4.6,Delivered
ORD104254,02-05-2025,15:50:00,C1695,Mumbai,Fast Food,Italian,464.14,56.1,Debit Card,,9,,Cancelled
ORD103482,14-01-2025,20:58:45,C1980,Hyderabad,Fast Food,Italian,348.71,30.32,UPI,30.5,0.9,,Delivered
ORD102218,06-02-2025,14:43:00,C1986,Kochi,Casual Dining,Fast Food,540.03,20.7,Debit Card,16.9,2.2,4.1,Delivered
ORD104083,03-12-2025,18:00:00,C1414,Bangalore,Fast Food,South Indian,335.08,37.32,UPI,25.2,2.3,4.6,Delivered
ORD101191,21-08-2025,21:01:00,C1484,Chennai,Fine Dining,Chinese,1322.13,18.04,UPI,44.8,6.7,4.3,Delivered
ORD102239,18-05-2025,12:54:30,C1894,Chennai,Casual Dining,Chinese,422.64,18.85,Credit Card,37.5,2.8,,Delivered
ORD100897,18-08-2025,09:54:00,C1224,Bangalore,Fine Dining,South Indian,1353.45,6.81,Cash,21.9,3.4,4.7,Delivered
ORD102211,14-08-2025,11:52:15,C1326,Kochi,Fine Dining,South Indian,1015.61,29.31,UPI,39.6,6,4.3,Delivered
ORD104149,25-04-2025,19:16:00,C1214,Mumbai,Casual Dining,Chinese,478.83,36.3,Wallet,37.8,2.6,4.6,Delivered
ORD102054,01-06-2025,12:23:00,C1345,Hyderabad,Cafe,Fast Food,226.93,44.94,Cash,48.8,2.4,3.7,Delivered
ORD101116,17-08-2025,15:24:30,C1047,Bangalore,Fast Food,Biryani,343.26,15.89,UPI,41.9,1.5,4.4,Delivered
ORD103922,23-11-2025,22:54:45,C2097,Chennai,Fast Food,Biryani,126.97,63.56,UPI,52.7,8.5,3.7,Delivered
ORD100847,14-06-2025,20:01:00,C1024,Mumbai,Cloud Kitchen,Biryani,400.27,16.12,Cash,41.1,1.5,4.6,Delivered
ORD103385,03-08-2025,13:40:00,C1374,Mumbai,Fast Food,South Indian,337.13,67.02,UPI,62.2,8.9,3.8,Delivered
ORD104749,25-02-2025,13:58:45,C2016,Chennai,Cloud Kitchen,Fast Food,411.37,25.84,Debit Card,19.4,1.6,4.7,Delivered
ORD103949,14-06-2025,22:47:00,C1301,Chennai,Cafe,Italian,503.04,33.15,UPI,30.1,1.4,4.1,Delivered
ORD102680,04-07-2025,22:00:00,C1787,Chennai,Cloud Kitchen,North Indian,535.95,39.27,UPI,24,3.3,5,Delivered
ORD101986,15-06-2025,13:35:45,C1723,Mumbai,Fine Dining,North Indian,1447.24,36.23,UPI,,8.5,,Cancelled
ORD100182,02-05-2025,16:57:00,C1042,Chennai,Cloud Kitchen,North Indian,446.77,58.2,Cash,36,6.3,3.9,Delivered
ORD104012,27-05-2025,14:26:00,C1638,Chennai,Casual Dining,North Indian,1033.21,21.71,UPI,17.5,1.9,4.7,Delivered
ORD102670,31-08-2025,18:07:30,C2057,Bangalore,Cloud Kitchen,Biryani,287.96,55.69,Debit Card,42.7,6.9,4.1,Delivered
ORD101623,24-06-2025,11:13:30,C1428,Bangalore,Cafe,Chinese,358.66,61.03,Credit Card,40.4,7.1,4.1,Delivered
ORD101423,29-08-2025,20:49:30,C1095,Hyderabad,Casual Dining,Biryani,470.74,55.74,UPI,29.4,4.6,4.4,Delivered
ORD102056,30-10-2025,18:21:00,C1558,Kochi,Casual Dining,Chinese,437.05,29.28,UPI,14.9,1.8,4.5,Delivered
ORD104886,07-10-2025,20:43:00,C1217,Kochi,Cloud Kitchen,South Indian,231.56,19.95,UPI,41.4,2.2,4.7,Delivered
ORD100128,13-11-2025,11:05:00,C1316,Chennai,Cloud Kitchen,South Indian,147.11,32.11,UPI,22.2,1.5,4.8,Delivered
ORD103217,15-10-2025,11:19:00,C1866,Bangalore,Fast Food,South Indian,295.21,21.39,UPI,20.1,1.5,4.5,Delivered
ORD103630,25-06-2025,12:07:00,C1638,Kochi,Cloud Kitchen,South Indian,298.43,29.97,UPI,35.5,4.1,4,Refunded
ORD103308,02-09-2025,20:15:30,C1649,Mumbai,Cloud Kitchen,South Indian,395.67,15.75,UPI,26.8,1.5,4.9,Delivered
ORD100552,21-09-2025,20:45:15,C1316,Mumbai,Fast Food,South Indian,280,47.24,Wallet,47,3.9,4.3,Delivered
ORD100249,16-08-2025,22:33:15,C1848,Bangalore,Cloud Kitchen,South Indian,403.38,64.8,UPI,57.8,7.4,4.3,Delivered
ORD101862,01-10-2025,12:03:15,C1685,Mumbai,Cafe,North Indian,324.73,65.41,Cash,54.5,9.1,3.7,Delivered
ORD100902,26-09-2025,17:45:15,C1296,Hyderabad,Cloud Kitchen,Continental,702.61,44.91,UPI,35.8,5.7,4.5,Delivered
ORD101274,03-07-2025,14:39:30,C1456,Hyderabad,Fine Dining,North Indian,1272.14,10.78,UPI,28.5,4.4,5,Delivered
ORD103280,12-09-2025,15:48:00,C1631,Bangalore,Cafe,Chinese,433.85,40.22,UPI,38.1,6.2,4.1,Delivered
ORD102733,03-07-2025,17:53:15,C1066,Bangalore,Cloud Kitchen,Biryani,458.31,38.83,UPI,13.4,1.8,5,Delivered
ORD101453,30-09-2025,10:19:15,C1499,Bangalore,Cafe,South Indian,268.01,41.97,Credit Card,31.2,3.1,4.7,Delivered
ORD102726,07-04-2025,22:11:15,C1405,Kochi,Cloud Kitchen,Fast Food,353.6,61.75,UPI,29.2,5.7,4.7,Delivered
ORD102616,27-12-2025,11:27:00,C2120,Chennai,Cloud Kitchen,North Indian,202.76,34.64,Credit Card,33.2,1.6,4.5,Delivered
ORD101182,01-07-2025,19:29:00,C1410,Bangalore,Fast Food,Fast Food,280.54,47.06,Debit Card,45.3,6.2,4.2,Delivered
ORD102141,09-07-2025,17:01:00,C1169,Mumbai,Cloud Kitchen,Chinese,337.68,70.18,UPI,36,8.2,4.3,Delivered
ORD102775,28-09-2025,15:40:15,C1491,Hyderabad,Cloud Kitchen,Biryani,450.63,72.06,Credit Card,45.3,7.6,4,Delivered
ORD101607,25-02-2025,19:11:00,C1421,Bangalore,Fine Dining,Biryani,460.83,47.46,UPI,44.9,4.4,4.5,Delivered
ORD100638,28-10-2025,19:49:00,C1756,Chennai,Casual Dining,South Indian,414.81,27,Credit Card,25.9,1.4,4.9,Delivered
ORD102932,14-06-2025,14:12:00,C1537,Hyderabad,Cloud Kitchen,South Indian,200.33,51.64,Debit Card,33.4,5,4.8,Delivered
ORD102206,17-10-2025,13:03:00,C2096,Bangalore,Casual Dining,Continental,662.98,44.99,Cash,,4.4,,Cancelled
ORD102216,14-08-2025,15:18:30,C2190,Hyderabad,Cloud Kitchen,Chinese,198.58,24.16,UPI,12.6,1.3,4.4,Delivered
ORD101546,19-03-2025,20:21:15,C1626,Bangalore,Cafe,South Indian,306.48,26.95,Cash,23.9,1.8,4.8,Delivered
ORD103060,26-05-2025,19:28:30,C2013,Mumbai,Cloud Kitchen,North Indian,492.09,47.42,Cash,62.7,7.1,3.8,Delivered
ORD103160,03-12-2025,12:00:45,C2089,Bangalore,Fast Food,Biryani,245.35,42.75,Cash,,6.2,,Cancelled
ORD101316,02-11-2025,13:27:15,C1579,Hyderabad,Cloud Kitchen,Biryani,371.25,21.04,Wallet,17.9,1.6,5,Delivered
ORD104844,18-11-2025,19:48:15,C2126,Mumbai,Cloud Kitchen,Desserts,90,80.05,Wallet,68,9.9,3.9,Delivered
ORD100810,25-05-2025,22:15:45,C1987,Chennai,Fast Food,Biryani,306.96,54.27,Wallet,38.8,5.1,4.4,Delivered
ORD102728,27-02-2025,12:53:45,C2037, Mumbai ,Fast Food,Chinese,248.35,49.37,Debit Card,47.7,4.6,4.3,Delivered
ORD101160,05-01-2025,19:11:00,C1370,Mumbai,Cloud Kitchen,Continental,456.56,30.59,Cash,33.9,2.1,4.5,Delivered
ORD102048,31-01-2025,15:18:15,C1037,Hyderabad,Casual Dining,Biryani,596.34,40.99,UPI,40.6,5.6,3.7,Delivered
ORD102830,14-10-2025,15:40:15,C1014,Mumbai,Cloud Kitchen,North Indian,283.43,38.34,UPI,27.8,5.1,4.4,Refunded
ORD100241,08-02-2025,13:22:00,C2175,Bangalore,Cloud Kitchen,Biryani,476.14,27.1,Cash,36.8,2.2,4.7,Delivered
ORD101580,13-01-2025,22:39:00,C1760,Mumbai,Casual Dining,Chinese,178.77,49.36,Cash,38.2,5.6,4.9,Delivered
ORD101260,08-01-2025,19:36:00,C1039,Kochi,Cafe,Biryani,466.99,67.45,Credit Card,51.2,6.9,3.6,Delivered
ORD102899,28-07-2025,21:54:00,C1233,Chennai,Fast Food,South Indian,174.37,25.17,Cash,34.7,2.4,4.1,Delivered
ORD104298,12-03-2025,09:00:30,C1142,Chennai,Cafe,Chinese,295.54,34.28,UPI,17.3,3.7,4.3,Delivered
ORD103054,22-06-2025,12:01:00,C1331,Hyderabad,Casual Dining,Continental,845.36,10.79,Cash,47.2,1.7,3.9,Delivered
ORD102777,13-07-2025,19:21:00,C2006,Mumbai,Cafe,Fast Food,269.04,35.99,Debit Card,50.1,4.7,4.4,Delivered
ORD104914,01-11-2025,20:32:45,C1563,Bangalore,Cafe,Continental,579.07,47.6,Credit Card,46.9,5.2,4.3,Delivered
ORD103045,17-06-2025,21:24:00,C1346,Chennai,Fine Dining,Italian,927.47,14.78,UPI,33.7,1.2,4.6,Delivered
ORD101911,23-05-2025,14:19:00,C1404,Chennai,Casual Dining,Biryani,464.34,28.81,Debit Card,35.8,3.4,4,Delivered
ORD103723,26-02-2025,11:02:00,C1927,Bangalore,Cloud Kitchen,North Indian,570.96,57.48,Credit Card,36.8,6,4.5,Delivered
ORD104444,26-09-2025,11:51:30,C1277,Kochi,Cafe,North Indian,442.95,18.05,Cash,16.9,2.1,5,Delivered
ORD103260,04-11-2025,19:00:00,C1265,Mumbai,Fast Food,Continental,474.14,44.75,UPI,30.3,3.2,4.7,Delivered
ORD103267,05-02-2025,11:41:00,C1984,Bangalore,Fine Dining,Biryani,1138.9,15.63,UPI,25,1.9,4.8,Delivered
ORD101275,27-01-2025,19:59:00,C1661,Mumbai,Fast Food,Italian,357.37,46.79,Credit Card,50.2,7.5,3.6,Delivered
ORD101114,03-03-2025,20:55:45,C1573,Mumbai,Cloud Kitchen,Continental,497.05,64.65,UPI,55.1,8.9,4.2,Delivered
ORD100452,19-07-2025,13:41:30,C1756,Bangalore,Cloud Kitchen,Chinese,313.67,59.93,Cash,61.3,8.5,3.9,Delivered
ORD100700,17-09-2025,22:34:00,C1816,Hyderabad,Fast Food,South Indian,304.88,55.79,Debit Card,34.5,6,4.6,Delivered
ORD104105,01-01-2025,12:33:15,C1177,Kochi,Casual Dining,Chinese,424.8,25.41,UPI,19.8,0.7,4.1,Delivered
ORD104337,05-09-2025,12:14:00,C1953,Chennai,Cloud Kitchen,North Indian,290.82,35.96,Wallet,24.5,1.7,5,Delivered
ORD100343,21-10-2025,21:21:45,C1231,Mumbai,Cloud Kitchen,South Indian,311.09,38.67,Credit Card,45,3.5,4.4,Delivered
ORD102147,05-06-2025,14:00:30,C1244,Chennai,Cafe,South Indian,307.96,43.5,UPI,,3.4,4.4,Delivered
ORD100639,16-07-2025,16:19:15,C1985,Bangalore,Cloud Kitchen,Chinese,594.23,75.04,UPI,60.9,9.8,4.2,Delivered
ORD100425,13-01-2025,20:53:00,C1507,Bangalore,Fast Food,North Indian,315.32,51.52,UPI,54.6,8.5,3.5,Delivered
ORD101272,19-09-2025,20:38:15,C1095,Bangalore,Casual Dining,Chinese,503.86,32.33,UPI,42.6,3.6,4.2,Delivered
ORD103586,19-05-2025,20:17:45,C1627,Bangalore,Cloud Kitchen,Desserts,359.72,34.47,Credit Card,36,1.9,4.4,Delivered
ORD102685,29-09-2025,21:23:00,C2119,Kochi,Cloud Kitchen,Continental,586.6,14.44,Wallet,24.2,1.5,4.9,Delivered
ORD104030,30-06-2025,18:40:00,C2088,Mumbai,Casual Dining,Fast Food,161.54,32.85,UPI,33.8,3.1,4.6,Delivered
ORD100595,22-10-2025,12:51:00,C1473,Chennai,Fine Dining,South Indian,1259.14,0.05,upi,27.7,3.2,4.5,Delivered
ORD104771,31-05-2025,12:17:15,C1447,Bangalore,Cloud Kitchen,North Indian,451.73,50.77,UPI,46.2,4,4.4,Delivered
ORD100030,17-06-2025,14:17:15,C1517,Mumbai,Casual Dining,Biryani,568.87,31.39,UPI,,2.4,,Cancelled
ORD103343,06-10-2025,11:26:15,C1174,Kochi,Fast Food,South Indian,432.12,47.68,UPI,40.6,5.7,4.6,Delivered
ORD102049,23-05-2025,10:40:15,C2118,Hyderabad,Casual Dining,Chinese,309.7,42.75,Wallet,26.5,1.9,,Delivered
ORD103800,12-01-2025,21:57:00,C2043,Hyderabad,Fast Food,Italian,391.95,41.43,Debit Card,50.4,5.3,4.3,Delivered
ORD101398,27-05-2025,11:33:45,C1416,Hyderabad,Fast Food,Desserts,318.73,48.42,UPI,42.4,5.9,4.6,Delivered
ORD101025,18-09-2025,19:36:45,C1970,Hyderabad,Casual Dining,North Indian,644.19,38.68,UPI,32.6,3.3,4.5,Delivered
ORD104277,02-07-2025,21:29:15,C1993,Hyderabad,Cafe,Desserts,398.56,27.28,UPI,39.1,1.5,4.8,Delivered
ORD103897,19-08-2025,11:26:45,C2025,Bangalore,Casual Dining,Biryani,503.85,28.89,UPI,29.7,4.2,4.7,Delivered
ORD100440,28-08-2025,15:20:00,C1879,Mumbai,Fine Dining,North Indian,1533.16,20.34,Credit Card,40.1,3.3,4.4,Delivered
ORD104274,21-04-2025,19:05:15,C1048,Hyderabad,Fine Dining,North Indian,1153.04,31.36,UPI,33.4,4.6,4.3,Delivered
ORD104729,12-09-2025,18:27:00,C2148,Chennai,Casual Dining,Italian,420.64,37.35,Cash,32.3,2.9,4.8,Delivered
ORD104058,14-11-2025,16:44:15,C1520,Mumbai,Fast Food,Italian,496.86,55.03,Credit Card,31.9,4.5,4.7,Delivered
ORD102260,29-11-2025,18:52:30,C1410,Hyderabad,Casual Dining,South Indian,261.88,21.11,UPI,37.1,0.7,4.4,Delivered
ORD103371,08-03-2025,13:38:00,C1250,Hyderabad,Cafe,South Indian,323.87,37.55,Debit Card,15.9,2.9,4.5,Delivered
ORD100664,10-04-2025,21:00:00,C1834,Hyderabad,Casual Dining,South Indian,399.24,41.53,Credit Card,46.5,2.7,4.1,Delivered
ORD104419,25-12-2025,23:18:30,C1419,Hyderabad,Fast Food,Italian,268.13,28.17,UPI,23,2,4.7,Delivered
ORD101048,05-12-2025,15:53:15,C2015,Chennai,Fast Food,South Indian,337.5,77.34,Cash,45.2,11,4.1,Delivered
ORD100795,26-09-2025,22:22:30,C2183,Mumbai,Fine Dining,Biryani,1024.29,21.37,Credit Card,28,4.3,4.5,Delivered
ORD100839,24-05-2025,19:05:00,C1485,Hyderabad,Fast Food,North Indian,373.78,52.17,Credit Card,38.1,4.1,3.7,Delivered
ORD102146,28-09-2025,14:32:00,C1737,Mumbai,Cafe,South Indian,330.68,29.93,UPI,12.4,1.7,4.9,Delivered
ORD101994,13-03-2025,13:23:00,C1482,Mumbai,Cafe,Biryani,423,34.77,UPI,32.4,2.2,4.4,Delivered
ORD103640,02-09-2025,20:53:30,C1059,Chennai,Fast Food,Biryani,264.67,26.39,UPI,15.2,1.7,4.2,Delivered
ORD100739,15-08-2025,08:12:00,C1295,Mumbai,Cafe,North Indian,349.69,25.25,UPI,16.5,2.2,5,Delivered
ORD101418,27-03-2025,12:41:00,C2024,Bangalore,Cloud Kitchen,North Indian,521.69,27.96,Cash,40.3,1.7,4.1,Delivered
ORD103955,02-07-2025,11:43:15,C1413,Bangalore,Casual Dining,Biryani,165.52,49.39,Debit Card,32.8,3.7,4.1,Delivered
ORD101392,06-11-2025,22:14:00,C1193,Bangalore,Cafe,Desserts,220.41,58.58,UPI,44.1,7.6,4.1,Delivered
ORD104739,16-04-2025,20:19:30,C1921,Mumbai,Fine Dining,Biryani,961.41,26.4,Credit Card,36.3,3.4,4.2,Delivered
ORD103114,27-07-2025,12:04:45,C1016,Mumbai,Cloud Kitchen,North Indian,402.97,34.1,UPI,35.3,2.8,4.3,Delivered
ORD104434,08-07-2025,12:05:00,C1948,Hyderabad,Fast Food,Desserts,386.53,58.5,Wallet,42.7,4.6,4.3,Delivered
ORD100220,06-01-2025,18:02:00,C2173,Hyderabad,Cafe,Desserts,181.24,37.63,UPI,30.3,3.6,5,Delivered
ORD103795,01-02-2025,12:16:00,C1981,Chennai,Casual Dining,Italian,502.75,48.07,Debit Card,40.8,4.6,4.5,Delivered
ORD102674,20-11-2025,12:17:00,C2022,Bangalore,Fast Food,Fast Food,329.7,37.28,Debit Card,,2.4,,Cancelled
ORD102009,11-07-2025,19:49:30,C2067,Chennai,Fast Food,Fast Food,234.3,44.51,Cash,54.7,6.7,4,Delivered
ORD102067,03-08-2025,19:24:00,C1978,Mumbai,Cafe,South Indian,407.63,34.57,Wallet,37,5.1,4,Delivered
ORD102705,12-06-2025,21:22:15,C1114,Chennai,Cloud Kitchen,South Indian,479.56,34.75,Debit Card,21.3,2.4,5,Delivered
ORD103022,06-08-2025,11:27:00,C1912,Bangalore,Cafe,Chinese,217.49,12.57,UPI,22.6,1,4.7,Delivered
ORD103917,08-03-2025,19:49:45,C1720,Chennai,Casual Dining,Chinese,336.26,21.91,UPI,28.4,1.6,5,Delivered
ORD102929,18-08-2025,21:42:00,C1137,Bangalore,Casual Dining,Chinese,613.73,77.11,UPI,58.8,9.5,3.9,Delivered
ORD100003,13-07-2025,13:36:00,C1143,Bangalore,Fast Food,North Indian,234.31,22.26,UPI,30.6,1.6,4.8,Delivered
ORD102333,23-03-2025,13:33:15,C1369,Hyderabad,Cloud Kitchen,Biryani,303.41,64.78,UPI,47.4,7.5,4.2,Delivered
ORD100271,01-09-2025,10:16:00,C1817,Hyderabad,Cloud Kitchen,South Indian,433.08,51.44,UPI,29.9,4.2,4.4,Delivered
ORD104658,21-01-2025,08:27:45,C1814,Bangalore,Cloud Kitchen,North Indian,284.99,23.91,UPI,,4.4,,Cancelled
ORD101728,16-05-2025,08:30:45,C1150,Kochi,Casual Dining,Chinese,698.37,54.35,Credit Card,49.3,6.8,4.4,Delivered
ORD103190,06-10-2025,10:38:00,C2019,Hyderabad,Cafe,Biryani,222.04,50.7,Credit Card,35.7,6.3,4.1,Delivered
ORD103440,14-04-2025,22:34:00,C1906,Bangalore,Fast Food,Chinese,258.29,69.18,Credit Card,44.1,7,4.4,Delivered
ORD103604,24-09-2025,01:59:00,C1690,Hyderabad,Fast Food,North Indian,297.85,27.55,Cash,23.8,2.4,4.8,Delivered
ORD100693,27-08-2025,14:48:00,C1461,Hyderabad,Fast Food,Biryani,132.03,32.93,Wallet,22.6,2.5,4.8,Delivered
ORD102388,24-03-2025,07:19:00,C2006,Bangalore,Cafe,Chinese,237,38.37,Cash,26.9,0.8,4.7,Delivered
ORD100475,20-03-2025,12:44:45,C1108,Kochi,Cloud Kitchen,Fast Food,364.22,67.41,Debit Card,47.4,9.2,4.4,Delivered
ORD102266,15-11-2025,13:05:30,C1051,Chennai,Fast Food,North Indian,447.6,31.17,UPI,,2.6,,Cancelled
ORD104076,25-10-2025,22:06:00,C2120,Mumbai,Casual Dining,Italian,276.36,82.05,UPI,64.7,15,3.4,Delivered
ORD103825,09-06-2025,18:42:00,C1716,Bangalore,Fast Food,South Indian,216.84,83.54,Wallet,46.6,10.4,4,Delivered
ORD101069,29-07-2025,18:22:30,C1859,Hyderabad,Cafe,North Indian,523.6,42.82,Debit Card,29.6,4.3,4.1,Delivered
ORD102747,19-09-2025,21:55:15,C1691,Mumbai,Fast Food,Desserts,133.63,73.11,UPI,60.1,10.3,4,Delivered
ORD104077,31-03-2025,19:07:15,C1889,Kochi,Cloud Kitchen,Fast Food,362.9,41.26,Cash,,2.4,,Cancelled
ORD103696,26-04-2025,20:24:15,C1618,Chennai,Casual Dining,Biryani,396.12,44.45,UPI,40,3.6,4.3,Delivered
ORD101389,01-07-2025,11:19:00,C1048,Hyderabad,Cloud Kitchen,South Indian,172.2,18.65,UPI,16.9,1.3,4.3,Delivered
ORD102659,11-11-2025,11:11:00,C2150,Bangalore,Cafe,Biryani,460.87,22.68,UPI,25.7,3.4,4.9,Delivered
ORD100867,05-03-2025,21:44:45,C1037,Hyderabad,Fast Food,Chinese,285.82,32.99,Credit Card,34.3,5.1,4.2,Delivered
ORD103347,28-05-2025,17:39:00,C1894,Hyderabad,Fast Food,Biryani,261.12,38.29,Cash,20.2,1.9,4.7,Delivered
ORD100494,04-01-2025,19:30:15,C1767,Bangalore,Casual Dining,North Indian,632.91,45.36,Cash,35.7,3.8,4.6,Delivered
ORD102376,22-09-2025,15:48:00,C1413,Hyderabad,Cloud Kitchen,North Indian,453.78,54.87,UPI,35.6,8.1,4.3,Delivered
ORD104124,15-06-2025,13:00:30,C1025,Mumbai,Cafe,Italian,347.65,35.41,UPI,38.3,1.9,3.9,Delivered
ORD104445,26-12-2025,20:02:00,C1466,Mumbai,Fast Food,South Indian,268.31,44.59,UPI,39.6,5.3,3.8,Delivered
ORD100337,25-10-2025,19:20:00,C1548,Hyderabad,Casual Dining,South Indian,253.97,43.34,UPI,46.5,4.3,3.6,Delivered
ORD104049,12-06-2025,18:41:45,C2081,Bangalore,Cafe,Chinese,375.34,32.07,UPI,22,1.6,4.5,Delivered
ORD103143,09-06-2025,19:49:15,C2149,Bangalore,Fast Food,South Indian,251.56,55.23,UPI,60,9.7,3.6,Delivered
ORD104892,23-06-2025,19:35:30,C1591,Mumbai,Cafe,Chinese,252.92,38.81,Cash,37.4,2.8,4.1,Delivered
ORD101625,24-05-2025,20:18:30,C2147,Chennai,Fine Dining,Italian,990.47,31.18,Credit Card,38.4,4.7,4,Delivered
ORD100620,18-11-2025,13:52:15,C2197,Mumbai,Casual Dining,Fast Food,373.15,46.45,Wallet,45.2,5.7,4.4,Delivered
ORD100661,07-12-2025,20:32:00,C1556,Hyderabad,Cafe,Biryani,331.1,32.65,Cash,,1.3,,Cancelled
ORD101842,29-03-2025,21:21:15,C1138,Chennai,Fast Food,Biryani,343.06,24.01,Credit Card,33.3,1.5,5,Delivered
ORD104926,20-11-2025,13:17:45,C1958,Mumbai,Cafe,Desserts,434.13,48.42,Debit Card,,3.9,,Cancelled
ORD101621,12-03-2025,19:36:45,C1127,Bangalore,Cloud Kitchen,South Indian,401.7,32.99,Credit Card,48.8,3.4,3.9,Delivered
ORD101227,01-06-2025,19:09:00,C1643,Bangalore,Cloud Kitchen,Biryani,195.88,38.03,Credit Card,,3.3,,Cancelled
ORD103266,02-09-2025,21:53:45,C2179,Bangalore,Fast Food,North Indian,448.83,45.38,Credit Card,60.2,7.4,3.4,Delivered
ORD102194,07-11-2025,20:04:15,C1195,Bangalore,Casual Dining,North Indian,735.18,49.59,Cash,42.4,7.3,4.3,Delivered
ORD103476,01-08-2025,07:30:30,C1871,Chennai,Cloud Kitchen,South Indian,610.94,29.06,UPI,26.1,3.1,4.6,Delivered
ORD104569,18-11-2025,12:34:15,C1268,Bangalore,Cafe,North Indian,144.98,39.8,Debit Card,36.4,2.1,4.4,Delivered
ORD102916,05-04-2025,08:35:15,C1333,Kochi,Casual Dining,Fast Food,688.93,37.51,UPI,30.4,2.9,4.2,Delivered
ORD101771,17-07-2025,20:53:00,C1644,Bangalore,Cloud Kitchen,Fast Food,593.75,33.48,UPI,33.5,5,,Delivered
ORD102477,13-09-2025,14:11:45,C1953,Bangalore,Fast Food,South Indian,350.64,51.26,Cash,37.5,4.4,4.5,Delivered
ORD102764,19-06-2025,07:49:00,C1360,Bangalore,Cloud Kitchen,Chinese,304.86,30.84,UPI,29.6,2.1,4.8,Delivered
ORD103990,20-03-2025,12:40:15,C1048,Bangalore,Casual Dining,Chinese,580.15,35.42,Debit Card,34.5,3.3,4.4,Delivered
ORD100541,02-04-2025,18:07:00,C1711,Hyderabad,Cafe,Italian,433.13,39.07,UPI,,4.4,4.8,Delivered
ORD103065,30-05-2025,21:27:45,C1956,Hyderabad,Fast Food,Continental,412.6,57.28,Credit Card,29.4,2.6,4.8,Delivered
ORD101613,30-12-2025,21:51:30,C2173,Kochi,Casual Dining,Fast Food,278.77,35.49,Credit Card,13.6,3.6,4.6,Delivered
ORD104694,21-04-2025,19:53:00,C1052,Hyderabad,Fast Food,Biryani,359.57,51.42,UPI,42.3,3.1,4.2,Delivered
ORD104704,18-05-2025,20:01:30,C1232,Hyderabad,Casual Dining,Italian,809.45,35.26,Debit Card,50.3,4.8,3.9,Delivered
ORD104376,27-07-2025,21:50:00,C1929,Bangalore,Fast Food,Desserts,158.64,32.63,Credit Card,34.1,2.7,4.8,Delivered
ORD103876,23-10-2025,17:00:45,C1226,Chennai,Fast Food,Italian,239.2,45.2,UPI,30.2,2.1,4.7,Delivered
ORD101325,26-07-2025,09:35:00,C1706,Kochi,Cloud Kitchen,Biryani,207.72,37.5,UPI,37.1,4.7,4,Delivered
ORD104406,01-11-2025,11:03:00,C1267,Chennai,Casual Dining,Chinese,480.7,18.57,UPI,12,1.5,4.4,Delivered
ORD103093,08-12-2025,18:29:00,C1285,Bangalore,Casual Dining,South Indian,315.7,29.15,UPI,20.4,0.7,4.9,Delivered
ORD104415,01-10-2025,14:38:30,C1623,Bangalore,Cafe,Italian,481.46,31.5,Credit Card,27.3,3.3,4.3,Delivered
ORD102398,07-09-2025,19:47:00,C1272,Bangalore,Cafe,Chinese,90,46.79,Credit Card,42.1,4,4.2,Delivered
ORD103444,10-04-2025,21:37:30,C1086,Mumbai,Cafe,Biryani,90,48.01,Wallet,,5.6,,Cancelled
ORD103844,02-10-2025,20:12:15,C2116,Mumbai,Casual Dining,North Indian,509.99,27.08,Credit Card,43.1,3.4,3.6,Delivered
ORD104523,10-04-2025,22:33:00,C2019,Hyderabad,Cloud Kitchen,South Indian,129.64,39.77,UPI,35.8,3,4.3,Delivered
ORD104885,19-10-2025,18:31:00,C1390,Bangalore,Casual Dining,Biryani,656.27,30.42,UPI,,1.8,,Cancelled
ORD101284,23-05-2025,23:08:00,C1274,Mumbai,Cloud Kitchen,North Indian,457.17,47.22,Credit Card,24.7,3.8,5,Delivered
ORD102737,19-01-2025,17:06:45,C1264,Kochi,Cafe,Continental,493.5,47.61,Cash,30,4.9,4.5,Delivered
ORD102738,12-02-2025,17:45:30,C1651,Chennai,Fast Food,Chinese,272.59,25.07,Cash,19.5,1.2,5,Delivered
ORD101477,03-03-2025,22:39:15,C1870,Bangalore,Fast Food,Biryani,97.24,66.05,UPI,39.9,7.9,4.1,Delivered
ORD102095,23-05-2025,21:32:30,C1723,Hyderabad,Cloud Kitchen,South Indian,413.52,44.26,UPI,39.9,3.4,4.2,Delivered
ORD101704,24-07-2025,23:29:00,C1449,Hyderabad,Fast Food,North Indian,134.14,34.43,Credit Card,20.2,2.4,4.1,Delivered
ORD103034,04-05-2025,06:46:00,C1718,Bangalore,Casual Dining,North Indian,379.66,26.1,Cash,36.6,4.9,4.2,Delivered
ORD101792,18-06-2025,11:59:00,C1923,Chennai,Fast Food,Biryani,390.16,60.17,UPI,40.3,8.2,4,Delivered
ORD102582,14-12-2025,09:21:45,C1283,Mumbai,Cloud Kitchen,Continental,382.72,35.37,UPI,39.8,3.7,4.2,Delivered
ORD103315,20-11-2025,04:16:00,C1589,Kochi,Casual Dining,Biryani,289.98,35.88,Cash,,2.3,4.7,Delivered
ORD101964,23-10-2025,13:52:00,C1834,Hyderabad,Fine Dining,Chinese,1024.9,30.79,UPI,41.2,4.9,4.4,Delivered
ORD102297,25-06-2025,17:36:00,C1741,Mumbai,Cloud Kitchen,Biryani,606.21,33.2,UPI,33.1,3.2,4.5,Delivered
ORD101146,13-05-2025,16:51:15,C1731,Bangalore,Cafe,South Indian,278.26,32.78,Credit Card,29.9,1.7,4.3,Refunded
ORD104860,16-05-2025,13:08:00,C1076,Chennai,Fast Food,Biryani,192.88,46.61,Debit Card,35.3,2.1,4.2,Delivered
ORD100975,22-09-2025,21:15:00,C1280,Kochi,Fast Food,Desserts,337.7,22.98,Credit Card,,1.4,,Cancelled
ORD104215,29-07-2025,22:12:00,C1056,Mumbai,Cafe,North Indian,457.01,35.36,Debit Card,32.7,3.1,4.7,Delivered
ORD103528,10-10-2025,21:48:00,C1418,Mumbai,Cloud Kitchen,South Indian,255.55,57.58,Cash,,7.5,,Cancelled
ORD104051,12-01-2025,16:43:30,C1894,Chennai,Cloud Kitchen,Chinese,287.67,33.98,UPI,18,1.8,5,Delivered
ORD103965,02-03-2025,18:17:30,C1757,Chennai,Cloud Kitchen,South Indian,346.37,22.81,Cash,,2.6,,Cancelled
ORD103824,21-10-2025,22:19:00,C2012,Bangalore,Fine Dining,Biryani,1440.27,0.3,UPI,26.7,1.9,4.9,Delivered
ORD100366,08-02-2025,20:16:00,C1609,Kochi,Casual Dining,North Indian,609.47,26.88,Cash,37.2,3.1,5,Delivered
ORD101536,26-04-2025,18:41:00,C1257,Bangalore,Cafe,Chinese,236.02,21.04,UPI,22.4,1.2,4.9,Delivered
ORD103857,16-07-2025,18:00:00,C2064,Mumbai,Fine Dining,Chinese,820.34,21.68,Debit Card,26.5,3.1,5,Delivered
ORD103176,29-05-2025,13:07:45,C1724,Chennai,Casual Dining,South Indian,798.66,22.39,Credit Card,23.8,1.9,4.5,Delivered
ORD100339,31-05-2025,19:30:00,C1861,Chennai,Cafe,North Indian,275.48,25.5,UPI,28.4,2.4,5,Delivered
ORD102701,15-09-2025,23:16:00,C1539,Hyderabad,Casual Dining,Fast Food,634.9,68.15,Credit Card,49.7,7.7,3.9,Delivered
ORD102598,06-02-2025,18:50:45,C1350,Bangalore,Cafe,Chinese,359.32,29.04,Cash,33,2.5,4.5,Delivered
ORD103244,21-08-2025,20:40:15,C1926,Hyderabad,Cafe,Chinese,349.88,43.44,UPI,46.4,5.8,4.5,Delivered
ORD103317,30-10-2025,19:12:00,C2068,Chennai,Fast Food,Desserts,174.6,34.08,UPI,36.9,2.1,4.6,Delivered
ORD103712,16-09-2025,21:13:00,C1109,Kochi,Fast Food,Chinese,192.74,24.43,Credit Card,42.4,3.8,3.9,Delivered
ORD100754,01-02-2025,21:44:00,C2123,Mumbai,Cloud Kitchen,Chinese,300.66,24.94,UPI,47.8,2.6,4.3,Delivered
ORD104984,29-09-2025,12:20:45,C2091,Bangalore,Fast Food,Fast Food,401.62,37.61,UPI,40.9,3.5,4.5,Delivered
ORD103341,10-09-2025,22:34:45,C1813,Hyderabad,Cloud Kitchen,South Indian,307.5,54.63,Wallet,31.3,4.7,5,Delivered
ORD102924,03-04-2025,22:44:00,C1458,Hyderabad,Cloud Kitchen,Desserts,269.11,36.86,Debit Card,19.4,2.7,4.8,Delivered
ORD100009,16-05-2025,19:59:30,C1412,Mumbai,Casual Dining,Biryani,553.55,40.15,UPI,30.7,3.9,4.5,Delivered
ORD102400,24-09-2025,22:25:30,C1017,Hyderabad,Casual Dining,Chinese,795.9,55.55,Credit Card,32.2,6.5,4.2,Delivered
ORD103450,16-07-2025,19:17:15,C1073,Bangalore,Cafe,Continental,183.25,51.9,UPI,56.1,7.1,4.1,Delivered
ORD104499,15-07-2025,16:25:30,C1785,Chennai,Fast Food,South Indian,388.67,40.04,Wallet,24.6,3.9,5,Delivered
ORD101556,15-02-2025,21:13:30,C1301,Bangalore,Fast Food,North Indian,300.58,44.49,Cash,28,3.1,4.8,Delivered
ORD100256,19-06-2025,19:03:00,C1804,Bangalore,Casual Dining,North Indian,571.43,50.92,Cash,51.7,7.9,3.9,Delivered
ORD101772,17-05-2025,03:55:15,C1077,Bangalore,Cloud Kitchen,Continental,501.06,68.71,Cash,50.4,8.3,4.1,Delivered
ORD102570,29-07-2025,22:22:00,C1127,Chennai,Casual Dining,Desserts,416.63,35.38,UPI,28,3.2,4.7,Delivered
ORD101995,02-12-2025,11:29:00,C1294,Chennai,Fast Food,South Indian,100.84,66.07,Cash,27.8,3.8,4.4,Delivered
ORD104918,21-09-2025,19:40:15,C1437,Kochi,Casual Dining,Chinese,497.24,43.37,Debit Card,39.4,4.1,4.4,Delivered
ORD102510,06-04-2025,11:54:45,C1074,Hyderabad,Casual Dining,South Indian,377.58,29.52,UPI,33.1,3,4,Delivered
ORD103709,18-10-2025,16:44:30,C1294,Bangalore,Casual Dining,Italian,478.17,26.63,UPI,24.4,2.3,4.4,Delivered
ORD101332,03-07-2025,21:24:30,C1430,Chennai,Cloud Kitchen,South Indian,426.38,50.93,UPI,26.8,3.2,4.5,Delivered
ORD104969,17-07-2025,19:35:30,C1766,Chennai,Fast Food,Fast Food,306.05,12.17,Cash,27.9,1.1,4.7,Delivered
ORD104238,21-07-2025,21:46:30,C1254,Kochi,Casual Dining,South Indian,426.77,60.98,Cash,42.8,6.5,4.6,Delivered
ORD103068,20-02-2025,15:35:15,C1971,Bangalore,Cloud Kitchen,Desserts,367.6,35.64,Credit Card,28,2.5,3.9,Delivered
ORD100199,06-12-2025,14:39:00,C1191,Chennai,Casual Dining,South Indian,284.68,70.64,UPI,54.4,9.9,3.8,Delivered
ORD101869,25-04-2025,18:31:30,C1825,Mumbai,Fine Dining,South Indian,733.24,42.51,Debit Card,31.6,3.2,5,Delivered
ORD101648,01-04-2025,21:04:30,C1848,Hyderabad,Fast Food,North Indian,311.46,27.04,Cash,37.1,2.2,4.6,Delivered
ORD102262,16-07-2025,19:30:00,C1011,Bangalore,Casual Dining,Biryani,526.43,40.74,UPI,41.8,2.9,4.3,Delivered
ORD104693,04-03-2025,02:17:45,C2088,Kochi,Cafe,Biryani,369.22,60.45,UPI,35,8.1,4.2,Delivered
ORD100356,05-04-2025,23:53:00,C1778,Chennai,Casual Dining,Chinese,352.66,40.2,Cash,29.3,4,5,Delivered
ORD102296,19-10-2025,16:08:00,C1264,Hyderabad,Casual Dining,Italian,698.5,56.25,Wallet,43.9,8,4.2,Delivered
ORD101125,19-02-2025,11:42:30,C2138,Hyderabad,Fine Dining,North Indian,1159.03,0,UPI,22.7,0.9,4.8,Delivered
ORD104970,07-03-2025,23:16:45,C2041,Kochi,Cloud Kitchen,North Indian,200.82,37.59,UPI,30.1,3.3,4.9,Delivered
ORD101050,06-09-2025,11:50:00,C1205, Bangalore ,Fast Food,South Indian,372.05,24.89,Credit Card,,1.2,,Cancelled
ORD100036,09-10-2025,20:19:00,C1473,Bangalore,Fast Food,South Indian,99.87,32.27,Credit Card,39.7,2.2,4.3,Delivered
ORD103534,17-07-2025,18:03:30,C1203,Hyderabad,Fast Food,Desserts,90,35.85,Debit Card,21.9,1.9,5,Delivered
ORD102062,03-07-2025,17:44:15,C1086,Hyderabad,Cafe,North Indian,290.27,85,UPI,53.5,9.9,4.1,Delivered
ORD100212,28-01-2025,14:53:00,C1754,Mumbai,Cafe,Biryani,300.36,29.31,Cash,,2.8,,Cancelled
ORD100829,07-04-2025,14:13:30,C1796,Bangalore,Casual Dining,North Indian,676.82,38.39,UPI,22.3,2.5,4.4,Delivered
ORD104879,10-08-2025,20:11:00,C1110,Bangalore,Casual Dining,Continental,741.5,46.59,Debit Card,49.8,4.1,4.5,Delivered
ORD104702,15-10-2025,13:06:30,C1026,Bangalore,Casual Dining,Italian,547.59,38.93,Debit Card,43.9,4.5,4.6,Delivered
ORD101584,07-03-2025,18:03:00,C1538,Hyderabad,Casual Dining,,648.29,17.64,Wallet,,2.5,,Cancelled
ORD104987,26-03-2025,18:11:00,C2098,Bangalore,Cloud Kitchen,Fast Food,650.41,46.94,UPI,35.3,4.7,5,Delivered
ORD104212,02-01-2025,08:42:30,C1045,Bangalore,Cloud Kitchen,North Indian,464.37,40.77,UPI,43.1,6.6,4.4,Delivered
ORD102603,28-03-2025,17:23:00,C1637,Bangalore,Cafe,North Indian,313.97,36.48,Credit Card,23.7,1.8,4.3,Delivered
ORD103537,19-02-2025,04:29:00,C1397,Bangalore,Casual Dining,Biryani,648.08,47.39,UPI,31.4,4.7,4.5,Delivered
ORD103053,28-10-2025,18:02:00,C1703,Bangalore,Fast Food,Fast Food,328.18,45.69,UPI,38.3,4,4.5,Delivered
ORD103135,29-12-2025,14:10:30,C2039,Bangalore,Fine Dining,Desserts,667.76,48.88,Credit Card,,3.7,,Cancelled
ORD102125,04-10-2025,16:52:00,C1053,Mumbai,Casual Dining,South Indian,234.54,15.44,UPI,29.9,1.7,4.3,Delivered
ORD102813,17-06-2025,14:54:00,C1786,Hyderabad,Cloud Kitchen,Chinese,512.33,28.89,Credit Card,26.5,1.4,4.5,Delivered
ORD104908,02-06-2025,13:23:30,C1223,Bangalore,Cafe,South Indian,175.33,42.92,Cash,37.7,2.4,4.4,Delivered
ORD100513,13-09-2025,18:50:00,C1305,Mumbai,Fast Food,South Indian,244.24,24.08,Credit Card,25.4,1.7,4.9,Delivered
ORD102372,25-08-2025,18:28:00,C1523,Chennai,Casual Dining,Fast Food,368.9,35.13,UPI,31.9,1.7,4.3,Delivered
ORD102059,15-05-2025,07:34:00,C1396,Chennai,Cafe,Italian,543.59,25.15,UPI,25.3,1.8,4.7,Delivered
ORD100879,14-12-2025,18:24:00,C1449,Mumbai,Fast Food,Italian,308.8,44.36,Debit Card,35.7,4.2,4.6,Delivered
ORD104985,01-07-2025,13:40:00,C1616,Bangalore,Casual Dining,South Indian,332.09,42.69,UPI,32,4.6,4.3,Delivered
ORD104599,31-07-2025,17:42:00,C1397,Bangalore,Cloud Kitchen,North Indian,530.73,36.02,UPI,39.2,4.2,4.5,Delivered
ORD100964,20-11-2025,21:45:15,C1250,Bangalore,Fast Food,North Indian,305.19,44.11,UPI,42.4,2.8,4.1,Delivered
ORD100120,09-01-2025,22:46:15,C1605,Bangalore,Casual Dining,Chinese,504.89,64.34,Cash,46.5,5.9,4.1,Delivered
ORD101874,09-09-2025,09:06:00,C1637,Hyderabad,Casual Dining,South Indian,486.36,22.79,UPI,,1.9,,Cancelled
ORD103148,11-09-2025,21:47:15,C1089,Bangalore,Cafe,Italian,525.14,40.88,Debit Card,47.2,5.3,4.3,Delivered
ORD102018,29-07-2025,12:58:30,C2098,Mumbai,Casual Dining,North Indian,436.21,50.96,Cash,,5.1,,Cancelled
ORD101435,09-10-2025,16:18:45,C1824,Hyderabad,Casual Dining,Chinese,449.56,47.06,Credit Card,29.4,5,4,Delivered
ORD101171,21-05-2025,14:16:15,C1211,Kochi,Fast Food,South Indian,146.93,9.62,Debit Card,20.7,0.7,4.6,Delivered
ORD102623,12-06-2025,20:14:00,C1901,Kochi,Cafe,Continental,447.3,43.97,Wallet,30.2,3.4,4.7,Delivered
ORD101336,06-05-2025,18:39:00,C1723,Bangalore,Cafe,Desserts,312.83,40.29,Wallet,18,3.7,4.9,Delivered
ORD101847,05-03-2025,17:20:30,C1209,Kochi,Casual Dining,North Indian,508.66,62.33,Debit Card,46.5,8.6,4.3,Delivered
ORD102657,04-02-2025,18:20:30,C1282,Mumbai,Cloud Kitchen,Chinese,568.18,27.51,Credit Card,17.5,2,5,Delivered
ORD104590,23-11-2025,10:37:00,C1496,Mumbai,Cloud Kitchen,Continental,761.92,24.52,UPI,32.5,1.7,4.2,Delivered
ORD103750,08-10-2025,12:47:00,C1670,Bangalore,Cloud Kitchen,South Indian,511.37,15,UPI,29.1,1,4.1,Delivered
ORD101665,13-06-2025,18:50:45,C1278,Chennai,Casual Dining,Biryani,793.69,57.26,UPI,33.6,4.4,5,Delivered
ORD103390,14-05-2025,18:08:15,C2125,Hyderabad,Cloud Kitchen,Chinese,606.6,29.84,Credit Card,16.6,2.5,4.4,Delivered
ORD104669,11-09-2025,22:31:15,C1306,Mumbai,Cafe,Desserts,322.56,36.56,Cash,34.8,3.3,4.5,Delivered
ORD104363,02-07-2025,22:15:00,C1533,Bangalore,Fine Dining,South Indian,788.15,33.99,Cash,29,2.7,4.7,Delivered
ORD102961,23-02-2025,16:05:15,C2128,Bangalore,Cafe,Italian,528.87,49.15,UPI,25.8,2.8,4.9,Delivered
ORD103766,22-06-2025,19:46:00,C1046,Hyderabad,Cloud Kitchen,Biryani,335.4,33,Debit Card,32.4,3,4.4,Delivered
ORD102384,20-08-2025,17:26:00,C1680,Hyderabad,Fine Dining,Chinese,820.29,35.46,Credit Card,24.8,3.7,4.6,Delivered
ORD102338,16-04-2025,20:43:00,C1270,Hyderabad,Cafe,Chinese,361.63,26.15,UPI,26.7,1.4,4.3,Delivered
ORD100116,12-10-2025,05:42:15,C2075,Chennai,Casual Dining,South Indian,381.11,52.41,UPI,36.5,4.1,,Delivered
ORD100731,24-05-2025,18:42:00,C1912,Bangalore,Fast Food,Desserts,300.05,58.92,Credit Card,40.6,7.9,4.5,Delivered
ORD104465,04-03-2025,14:32:30,C1697,Bangalore,Cloud Kitchen,North Indian,363.92,34.54,Credit Card,28.1,1.7,4.9,Delivered
ORD100227,21-05-2025,12:24:45,C1776,Chennai,Cafe,Fast Food,152.23,36.76,Credit Card,27.3,3.2,4.5,Delivered
ORD101416,14-11-2025,11:27:00,C2009,Bangalore,Cloud Kitchen,Fast Food,424.73,45.74,Cash,41.1,3.6,4.1,Delivered
ORD103186,27-09-2025,11:59:00,C1724,Mumbai,Cloud Kitchen,Biryani,168.98,81.86,Credit Card,53.8,8.2,4,Delivered
ORD100805,16-11-2025,18:49:00,C1117,Chennai,Cloud Kitchen,South Indian,90,33.53,Credit Card,21.3,2.5,4.6,Delivered
ORD104933,19-05-2025,08:32:30,C1003,Hyderabad,Fast Food,North Indian,172,25.34,Wallet,30.5,2.7,4.8,Delivered
ORD100355,28-06-2025,22:15:30,C2168,Bangalore,Cloud Kitchen,Fast Food,587.38,47.52,Credit Card,35.6,7,4.5,Delivered
ORD100603,03-03-2025,16:05:00,C1571,Mumbai,Fast Food,North Indian,217.55,54.71,UPI,36.9,7,4.1,Delivered
ORD101634,01-04-2025,09:42:00,C2158,Chennai,Cafe,Desserts,316.33,30.18,UPI,27.6,2.1,4.5,Delivered
ORD102168,16-03-2025,23:40:30,C1300,Mumbai,Cloud Kitchen,Continental,468.36,33.98,UPI,28,2.5,4.7,Delivered
ORD103349,08-12-2025,22:08:00,C1262,Chennai,Casual Dining,Fast Food,402.72,43.26,UPI,32,2.8,4.4,Delivered
ORD103552,25-02-2025,12:12:00,C1624,Kochi,Casual Dining,North Indian,435.94,41.49,UPI,26.6,4,4.6,Delivered
ORD103664,07-11-2025,19:31:15,C1957,Bangalore,Cloud Kitchen,Chinese,424.17,41.31,Cash,47.1,3.6,3.9,Delivered
ORD102645,24-09-2025,11:34:00,C1316,Kochi,Fast Food,Italian,478.77,45.47,UPI,33.6,5,4.1,Delivered
ORD104237,20-01-2025,12:37:00,C2006,Bangalore,Casual Dining,Desserts,235.07,37.39,UPI,38.4,2.3,4.1,Delivered
ORD103495,23-03-2025,12:02:30,C1177,Chennai,Cloud Kitchen,North Indian,296.04,39.08,UPI,26.7,2.7,4.4,Delivered
ORD100464,11-07-2025,14:11:30,C1226,Chennai,Cloud Kitchen,North Indian,547.31,53.77,UPI,35.3,7.7,4.2,Delivered
ORD100171,07-09-2025,13:14:45,C1360,Chennai,Fine Dining,North Indian,1325.53,11.93,UPI,44,6.6,4.2,Delivered
ORD102038,24-11-2025,13:43:45,C1298,Chennai,Casual Dining,Biryani,270.65,29.2,Cash,22.9,2,4.6,Delivered
ORD104958,29-01-2025,13:02:00,C1303,Mumbai,Fast Food,North Indian,246.73,50.99,UPI,49.1,4.6,4.3,Delivered
ORD104617,27-09-2025,13:13:00,C1040,Mumbai,Casual Dining,Fast Food,301.1,69.25,Cash,49.8,8.1,4.3,Delivered
ORD100153,15-05-2025,21:32:00,C2027,Mumbai,Casual Dining,Chinese,870.19,23.58,Debit Card,35.2,2,4.4,Delivered
ORD100761,22-11-2025,18:56:15,C1358,Bangalore,Fast Food,North Indian,262.25,35.25,Cash,36.9,4.8,4.2,Delivered
ORD101938,30-07-2025,14:20:15,C1418,Chennai,Cloud Kitchen,South Indian,188.17,62.02,Wallet,36.5,8.4,4.8,Delivered
ORD101646,28-09-2025,12:27:45,C1716,Chennai,Cloud Kitchen,South Indian,337.85,31.85,UPI,49.3,3.5,,Delivered
ORD103832,10-08-2025,14:10:45,C1553,Hyderabad,Fast Food,,137.18,25.23,Cash,32.9,2.9,4.5,Delivered
ORD101121,05-01-2025,01:47:45,C2007,Mumbai,Fine Dining,Fast Food,873.43,64.52,UPI,55.9,11.9,3.8,Delivered
ORD101010,02-10-2025,09:59:30,C1628,Hyderabad,Cloud Kitchen,North Indian,343.66,66.1,UPI,41.4,8.3,4.4,Delivered
ORD103790,15-11-2025,21:54:45,C1518,Bangalore,Cafe,Desserts,494.62,29.28,UPI,41.2,3.2,4.3,Delivered
ORD103269,22-09-2025,14:52:00,C1164,Bangalore,Casual Dining,Italian,975.74,35.34,Credit Card,35,4.5,4.5,Delivered
ORD104819,22-12-2025,16:29:00,C1286,Bangalore,Fine Dining,Chinese,1097.84,8.98,Credit Card,24.6,2.1,4.4,Delivered
ORD101473,17-11-2025,20:24:45,C1306,Hyderabad,Fast Food,Fast Food,181.61,30.23,Wallet,30.1,2.2,4.6,Delivered
ORD101693,12-02-2025,18:53:30,C1960,Kochi,Cafe,Italian,390.9,47.13,Credit Card,26.3,2.9,4.8,Delivered
ORD101406,08-08-2025,07:22:00,C1166,Bangalore,Fine Dining,Fast Food,770.84,47.07,Wallet,34.2,3.9,4,Delivered
ORD104190,05-09-2025,08:33:00,C1121,Bangalore,Cafe,North Indian,283.03,42.74,UPI,36.6,4.9,3.7,Delivered
ORD100518,27-11-2025,12:03:45,C1066,Hyderabad,Fast Food,South Indian,178.82,51.01,UPI,48.1,6.8,4.9,Delivered
ORD102704,23-03-2025,15:41:45,C2153,Hyderabad,Fast Food,North Indian,382.55,27.66,UPI,21,1.9,4.5,Delivered
ORD101524,09-03-2025,21:35:15,C2128,Hyderabad,Cloud Kitchen,Italian,540.73,34.98,UPI,44.4,2.4,3.8,Delivered
ORD101030,08-06-2025,21:21:00,C1386,Bangalore,Casual Dining,Biryani,647.64,40.92,Credit Card,168.8,2.4,4.5,Delivered
ORD104114,13-04-2025,16:33:15,C1059,Bangalore,Cafe,Fast Food,414.81,20.99,Cash,24.1,1.4,4.8,Delivered
ORD101729,09-03-2025,18:24:30,C1759,Kochi,Casual Dining,Chinese,382.63,36.17,UPI,40.5,4.8,4.1,Delivered
ORD100931,16-05-2025,17:08:00,C1439,Chennai,Casual Dining,Fast Food,756.09,32.47,Credit Card,19.9,2,4.6,Delivered
ORD101543,19-12-2025,22:44:00,C1685,Chennai,Fast Food,Fast Food,247.56,39.75,Credit Card,15.6,2.5,4.3,Delivered
ORD102575,23-11-2025,12:45:00,C1450,Kochi,Fast Food,Chinese,281.8,42.66,Credit Card,34,3.4,3.9,Delivered
ORD101102,16-05-2025,15:02:00,C2148,Hyderabad,Fast Food,Continental,453.83,34.63,UPI,35.4,3.7,4.7,Delivered
ORD100193,13-12-2025,19:44:00,C1640,Bangalore,Casual Dining,Biryani,486.94,23.33,UPI,30.9,2.8,5,Delivered
ORD103606,02-05-2025,13:15:30,C2099,Mumbai,Cloud Kitchen,Desserts,221.64,28.69,Debit Card,26.9,2.5,4.9,Delivered
ORD104783,25-02-2025,15:38:15,C1703,Kochi,Fine Dining,South Indian,230.26,49,Cash,34.3,4.1,4.6,Delivered
ORD101156,30-01-2025,19:16:00,C1711,Mumbai,Cafe,Desserts,457.87,39.72,Credit Card,27.1,2.2,4.5,Delivered
ORD103867,29-06-2025,23:56:15,C1108,Bangalore,Fine Dining,South Indian,412.84,43.99,Debit Card,35.5,3.1,4.4,Delivered
ORD101194,21-09-2025,22:48:15,C1819,Bangalore,Cloud Kitchen,Fast Food,279.7,69.11,Debit Card,60.6,10.2,4,Delivered
ORD104231,25-10-2025,22:05:00,C1507,Mumbai,Cloud Kitchen,Biryani,341.77,27.2,UPI,29.1,2.7,4.9,Delivered
ORD102729,03-12-2025,13:31:00,C1274,Mumbai,Cloud Kitchen,Chinese,561.43,30.17,Cash,32.4,3.1,4.4,Delivered
ORD102490,01-03-2025,21:11:30,C1575,Kochi,Fine Dining,North Indian,178.73,29.15,Cash,41.2,2.8,3.8,Delivered
ORD101403,20-12-2025,11:34:45,C1300,Bangalore,Casual Dining,Italian,559.64,69.52,UPI,57.6,9.7,3.7,Delivered
ORD101749,19-02-2025,20:14:00,C1498,Kochi,Cloud Kitchen,Desserts,349.61,47.39,UPI,41.7,5.4,4.7,Delivered
ORD102585,18-02-2025,21:52:00,C1578,Bangalore,Cloud Kitchen,Chinese,453.68,58.82,Credit Card,46.3,5.8,4,Delivered
ORD100953,23-12-2025,17:03:15,C2135,Chennai,Cloud Kitchen,South Indian,267.62,19.64,Wallet,,2.1,,Cancelled
ORD100135,24-02-2025,12:28:00,C1802,Chennai,Cafe,Biryani,371.74,38.88,UPI,40.7,4.1,3.4,Refunded
ORD102441,29-07-2025,19:01:30,C2096,Bangalore,Cloud Kitchen,Biryani,307.37,37.37,UPI,,2.7,,Cancelled
ORD104147,27-10-2025,14:28:00,C1101,Hyderabad,Cafe,South Indian,304.89,23.85,Credit Card,16.6,1.6,4.8,Delivered
ORD102019,07-04-2025,13:59:30,C1386,Chennai,Fast Food,South Indian,219.94,42.11,Cash,40.8,3.4,4.4,Delivered
ORD101706,18-04-2025,17:49:00,C1262,Chennai,Casual Dining,Italian,348.58,30.13,Wallet,16.1,2.4,4.4,Delivered
ORD104047,14-06-2025,13:06:00,C1559,Hyderabad,Cloud Kitchen,South Indian,293.2,48.04,UPI,,3.6,,Cancelled
ORD104127,03-03-2025,22:20:15,C1626,Kochi,Cloud Kitchen,South Indian,690.05,29.19,Credit Card,12,2,5,Delivered
ORD102940,14-11-2025,11:59:45,C1214,Bangalore,Casual Dining,Continental,857.08,25.47,UPI,40.3,6.2,4.7,Delivered
ORD101148,06-08-2025,18:20:00,C1096,Bangalore,Casual Dining,South Indian,356.17,68.79,Credit Card,47.2,8.9,3.9,Delivered
ORD104916,23-04-2025,19:36:00,C1788,Hyderabad,Fast Food,North Indian,272.21,59.1,UPI,42,6.1,3.9,Delivered
ORD102043,07-07-2025,17:26:30,C1643,Chennai,Cloud Kitchen,North Indian,511.47,49.77,Credit Card,40.1,6.3,4.4,Delivered
ORD101085,01-06-2025,21:07:00,C2190,Chennai,Cloud Kitchen,Italian,395.45,34.29,UPI,38.5,3.1,4.5,Delivered
ORD100013,21-08-2025,22:42:45,C1997,Bangalore,Casual Dining,Continental,712.25,41.76,Credit Card,37.7,5.1,4.4,Delivered
ORD104978,04-04-2025,13:08:45,C1474,Kochi,Fast Food,Chinese,207.27,45.76,UPI,39.6,5,4.4,Delivered
ORD100979,31-08-2025,11:13:45,C1145,Bangalore,Casual Dining,South Indian,807.06,29.57,Cash,35.7,3.5,5,Delivered
ORD101032,15-02-2025,13:27:45,C1070,Bangalore,Casual Dining,South Indian,319.87,27.81,UPI,35.3,2.4,4.8,Delivered
ORD101939,17-10-2025,20:50:15,C1026,Bangalore,Cloud Kitchen,Desserts,410.67,40.53,Wallet,29.4,2.4,4.8,Delivered
ORD101810,06-03-2025,20:29:45,C1606,Hyderabad,Fine Dining,Chinese,217.25,39.15,Credit Card,31.5,2.1,4.4,Delivered
ORD100882,14-05-2025,01:36:30,C1697,Mumbai,Casual Dining,Biryani,675.4,31.44,Credit Card,38.9,3.7,3.9,Delivered
ORD100197,03-07-2025,11:35:15,C1426,Mumbai,Casual Dining,North Indian,114.33,29.22,UPI,24.2,1.7,4.6,Delivered
ORD101972,02-04-2025,21:15:30,C1225,Kochi,Fast Food,Biryani,122.24,22.47,UPI,27.5,2.7,,Delivered
ORD102129,01-11-2025,14:28:00,C1840,Chennai,Cafe,Biryani,331.12,37.29,Wallet,34.9,5.3,4.2,Delivered
ORD100740,01-06-2025,20:13:15,C1514,Mumbai,Fine Dining,Italian,1246.85,4.14,Debit Card,,2.6,,Cancelled
ORD104974,30-03-2025,03:45:00,C1879,Hyderabad,Casual Dining,Desserts,969.5,28.68,UPI,33.1,5.2,4.9,Delivered
ORD100077,05-12-2025,19:38:15,C1316,Bangalore,Cloud Kitchen,Fast Food,302.68,33.73,Cash,33.3,3.8,4.6,Delivered
ORD101173,15-08-2025,19:16:15,C1260,Chennai,Fine Dining,Fast Food,791.63,57.8,UPI,32,4.7,5,Delivered
ORD104233,04-10-2025,16:58:30,C1447,Bangalore,Casual Dining,South Indian,458.43,47.19,UPI,40.6,4.6,4.5,Delivered
ORD101365,07-01-2025,16:30:45,C1499,Chennai,Fine Dining,North Indian,1486.55,0.38,Cash,25.9,1.5,4.8,Delivered
ORD103493,27-10-2025,15:49:45,C2183,Chennai,Cafe,Chinese,261.18,88.55,UPI,57.9,14.3,4.2,Delivered
ORD102161,16-04-2025,19:42:30,C1434,Hyderabad,Cloud Kitchen,Biryani,490.68,36.78,UPI,17.1,2,5,Delivered
ORD103226,28-07-2025,19:24:00,C1880,Mumbai,Fast Food,North Indian,305.38,40.79,UPI,51.1,6.2,4.1,Delivered
ORD103599,21-09-2025,18:18:45,C1317,Mumbai,Cafe,Biryani,290.17,32.78,Wallet,35.1,3.6,4.5,Delivered
ORD101201,25-10-2025,22:05:00,C1004,Bangalore,Casual Dining,South Indian,510.43,34.6,Credit Card,,2.8,,Cancelled
ORD104604,06-07-2025,13:54:15,C1616,Kochi,Cloud Kitchen,Italian,507.17,68.07,Debit Card,56.7,6.1,3.6,Refunded
ORD103877,19-06-2025,21:57:00,C1382,Bangalore,Cafe,North Indian,346.21,15.74,UPI,27.2,0.9,4.7,Delivered
ORD101267,18-11-2025,09:51:15,C1915,Hyderabad,Fine Dining,South Indian,90,30.77,Cash,31.3,2.9,4.3,Delivered
ORD100613,14-04-2025,23:24:00,C1880,Bangalore,Cloud Kitchen,Italian,654.47,44.01,Credit Card,29.1,4.6,4.8,Delivered
ORD101058,23-06-2025,11:14:45,C2103,Mumbai,Fast Food,North Indian,310.7,49.96,Credit Card,42,6.6,4.2,Delivered
ORD100273,16-11-2025,08:12:45,C1766,Bangalore,Fine Dining,South Indian,986.74,26.77,Cash,33.7,5.5,5,Delivered
ORD102464,26-06-2025,21:57:45,C1919,Kochi,Casual Dining,North Indian,405.08,20.16,UPI,35.8,3.2,4.1,Delivered
ORD100011,05-08-2025,18:43:45,C1202,Bangalore,Fine Dining,Fast Food,953.6,36.15,UPI,35.3,4.6,4.4,Delivered
ORD102531,01-02-2025,15:49:45,C1959,Hyderabad,Casual Dining,Biryani,494.28,48.93,UPI,37.3,5.9,4.8,Delivered
ORD103792,12-10-2025,11:09:45,C1950,Hyderabad,Cloud Kitchen,Continental,507.1,74.96,Debit Card,47.6,10.3,4.9,Delivered
ORD101685,16-08-2025,21:51:30,C1475,Hyderabad,Cafe,Fast Food,428.21,49.66,Wallet,46.5,6.2,4.7,Delivered
ORD104389,12-10-2025,11:44:15,C1642,Hyderabad,Fast Food,Continental,392.36,27.27,Debit Card,36.4,4.3,4.5,Delivered
ORD102843,15-04-2025,18:34:15,C1106,Chennai,Cafe,Chinese,345.22,43.22,Credit Card,34.5,4,4.9,Delivered
ORD102721,11-10-2025,01:15:00,C1682,Mumbai,Fast Food,Chinese,153.85,21.43,Credit Card,22.2,1.8,4.9,Delivered
ORD100168,07-05-2025,11:48:00,C2180,Mumbai,Cloud Kitchen,North Indian,505.07,18.89,Cash,26.4,2.1,4.7,Delivered
ORD102205,07-09-2025,09:58:00,C1730,Chennai,Cloud Kitchen,Italian,610.44,50.24,Cash,28.6,4.7,4.1,Delivered
ORD103953,29-08-2025,18:00:00,C1619,Chennai,Cloud Kitchen,South Indian,344.59,21.01,UPI,16.5,1.6,4.7,Delivered
ORD102810,10-08-2025,18:04:15,C1179,Hyderabad,Fast Food,Fast Food,90,35.99,Debit Card,29.9,3,4.6,Delivered
ORD104779,06-10-2025,16:57:00,C1627,Bangalore,Cloud Kitchen,South Indian,322.29,30.11,UPI,31.7,4.5,4.6,Delivered
ORD103624,25-12-2025,11:26:15,C1716,Hyderabad,Cloud Kitchen,South Indian,362.77,59.37,Cash,59.1,10.1,,Delivered
ORD100431,21-12-2025,19:30:45,C1679,Mumbai,Casual Dining,Chinese,427.73,22.51,Cash,22.8,0.8,4.9,Delivered
ORD104888,02-07-2025,15:19:30,C1364,Hyderabad,Cloud Kitchen,Biryani,143.79,33.32,Debit Card,30.6,3.9,4.7,Delivered
ORD103608,17-12-2025,22:20:45,C2200,Chennai,Casual Dining,Fast Food,409.41,34.75,Credit Card,22.9,3.3,4.7,Delivered
ORD103716,01-02-2025,11:28:30,C1799,Bangalore,Fine Dining,Fast Food,697.45,18.51,UPI,30.6,1.8,4.7,Delivered
ORD104870,29-07-2025,09:05:30,C1139,Mumbai,Fast Food,Chinese,409.31,77.54,UPI,52.6,10.3,4.2,Delivered
ORD101241,31-10-2025,14:30:00,C1327,Bangalore,Cafe,North Indian,464.22,28.01,UPI,27.2,1.6,5,Delivered
ORD102665,28-07-2025,21:35:15,C1357,Chennai,Fast Food,Chinese,179.08,34.39,UPI,41.2,2.3,3.9,Refunded
ORD103038,09-11-2025,12:07:00,C2053,Hyderabad,Casual Dining,South Indian,575.69,42.1,Cash,45.1,4.6,4.1,Delivered
ORD100075,13-10-2025,12:21:00,C2194,Hyderabad,Cloud Kitchen,North Indian,584.18,34.19,Debit Card,25.8,1.8,4.5,Delivered
ORD102568,04-07-2025,06:21:45,C2033,Mumbai,Casual Dining,Fast Food,403.49,29.9,UPI,27.9,2.2,4.2,Delivered
ORD104472,17-11-2025,19:55:00,C1168,Hyderabad,Casual Dining,North Indian,690,45.18,UPI,34,3.6,,Delivered
ORD102698,17-03-2025,22:03:15,C1557,Bangalore,Fast Food,Fast Food,198.49,38.41,Wallet,,1.1,,Cancelled
ORD104920,17-02-2025,13:42:00,C1252,Chennai,Fast Food,Desserts,138.91,25.21,UPI,18.8,1.4,4.7,Delivered
ORD100354,31-01-2025,18:04:00,C1022,Mumbai,Cloud Kitchen,Desserts,534.4,38.85,UPI,38.8,2.1,4.1,Delivered
ORD100690,03-06-2025,13:13:45,C1137,Bangalore,Casual Dining,South Indian,482.7,78.54,Cash,51.6,8.9,3.8,Delivered
ORD103310,26-01-2025,18:52:45,C1956,Mumbai,Cloud Kitchen,Desserts,91.44,36.27,UPI,34.8,2.9,4.1,Delivered
ORD101708,23-12-2025,12:27:00,C1062,Chennai,Fine Dining,Biryani,1097.54,39.84,Credit Card,49.8,4.5,4.8,Delivered
ORD103684,15-07-2025,18:57:00,C1417,Hyderabad,Cafe,Fast Food,169.97,37.88,Debit Card,37.7,3.7,4.6,Delivered
ORD100668,29-07-2025,21:49:00,C1040,Mumbai,Fast Food,Biryani,190.06,31.89,UPI,27.7,1,4.1,Delivered
ORD103784,28-07-2025,18:56:30,C1749,Mumbai,Cloud Kitchen,South Indian,392.21,49.91,Debit Card,27.2,4.5,5,Delivered
ORD102691,16-02-2025,21:32:30,C1731,Bangalore,Casual Dining,Fast Food,364.39,64.27,UPI,43.7,4.6,3.9,Delivered
ORD100520,10-07-2025,11:06:00,C1743,Hyderabad,Cloud Kitchen,South Indian,373.91,20.13,UPI,12.6,1.4,4.6,Delivered
ORD103903,30-07-2025,15:10:15,C2063,Bangalore,Casual Dining,North Indian,512.28,33.5,Debit Card,27.2,3.5,4.3,Delivered
ORD100083,22-11-2025,17:01:00,C1139,Chennai,Fine Dining,Biryani,382.61,31.32,Cash,33.3,3.1,5,Delivered
ORD101786,12-03-2025,12:37:00,C1202,Hyderabad,Fast Food,Chinese,259.55,57.24,Debit Card,56.9,8,3.6,Delivered
ORD104041,16-10-2025,03:51:00,C2026,Mumbai,Casual Dining,Desserts,540.15,70.09,Cash,38.3,8.4,4.6,Delivered
ORD103342,29-03-2025,21:16:00,C1686,Bangalore,Casual Dining,Continental,553.79,71.4,UPI,55.5,10.2,4.4,Delivered
ORD101377,06-04-2025,22:38:00,C1950,Bangalore,Cafe,Fast Food,216.5,35.57,Credit Card,27.6,3,5,Delivered
ORD104311,16-07-2025,23:44:15,C1024,Bangalore,Fast Food,Chinese,282.57,37.3,UPI,18,2.9,5,Delivered
ORD101022,20-03-2025,11:40:00,C1599,Bangalore,Fast Food,Italian,470.27,29.35,Debit Card,28.7,2,5,Delivered
ORD102118,06-07-2025,19:55:45,C1976,Mumbai,Cloud Kitchen,Biryani,589.87,21.11,Credit Card,28.3,2,4.4,Delivered
ORD101475,23-05-2025,21:17:45,C1575,Hyderabad,Cloud Kitchen,Chinese,115.58,50.9,UPI,38.6,5.7,3.9,Delivered
ORD103945,12-01-2025,22:11:00,C1028,Chennai,Cloud Kitchen,Continental,362.22,39.75,UPI,37.2,4.8,4.1,Delivered
ORD103886,20-11-2025,20:38:45,C2074,Hyderabad,Fine Dining,Chinese,1203.82,10.11,UPI,28.3,2.4,5,Delivered
ORD102956,22-08-2025,07:55:00,C1880,Mumbai,Cloud Kitchen,Fast Food,294,29.38,Wallet,25.7,4.4,4.6,Delivered
ORD104881,01-12-2025,21:01:00,C1262,Bangalore,Cloud Kitchen,South Indian,302.51,39.22,UPI,39.4,3.7,4,Delivered
ORD100130,20-10-2025,19:08:00,C1617,Bangalore,Fast Food,South Indian,394.85,56.61,UPI,44.6,8.2,4.2,Delivered
ORD104399,02-09-2025,20:19:00,C2100,Hyderabad,Cloud Kitchen,Fast Food,315.18,59.19,Cash,58.3,6.3,3.3,Delivered
ORD103324,11-08-2025,11:19:15,C1328,Mumbai,Fast Food,Biryani,293.31,55.47,Credit Card,30.8,6.4,4.5,Refunded
ORD103717,29-06-2025,18:57:00,C1395,Bangalore,Cafe,Fast Food,214.16,32.82,Wallet,,4.1,,Cancelled
ORD101124,08-10-2025,03:15:00,C1104,Bangalore,Cafe,Fast Food,419.26,23.85,Credit Card,26.4,2.4,5,Delivered
ORD101063,11-01-2025,21:26:00,C1345,Mumbai,Fast Food,North Indian,310.14,38.84,UPI,37.7,3.1,4.5,Delivered
ORD104730,12-06-2025,11:34:45,C2124,Bangalore,Casual Dining,North Indian,503.71,37,Cash,25.4,3.2,4.7,Delivered
ORD104074,11-10-2025,10:29:00,C1119,Kochi,Fine Dining,Continental,1390.44,9.19,UPI,24.7,3.5,4.9,Delivered
ORD102134,05-04-2025,14:06:00,C1386,Hyderabad,Fast Food,Desserts,93.18,48.21,UPI,,3.6,,Cancelled
ORD104710,11-11-2025,19:55:30,C1261,Bangalore,Casual Dining,South Indian,662.18,42.23,Cash,,6.8,,Cancelled
ORD101360,04-01-2025,21:08:45,C1017,Hyderabad,Fine Dining,North Indian,1150.05,23.78,Cash,44.7,4,4,Delivered
ORD102550,03-03-2025,14:39:45,C2118,Hyderabad,Cafe,Biryani,259.29,30.43,Credit Card,12,2.1,4.9,Delivered
ORD101246,19-05-2025,21:30:00,C2037,Bangalore,Casual Dining,South Indian,90,52.31,Credit Card,40.7,6.7,3.9,Delivered
ORD100558,09-01-2025,06:14:30,C2031,Bangalore,Fast Food,South Indian,325.28,39.1,UPI,25.6,3.9,4.8,Delivered
ORD104519,08-05-2025,06:41:00,C1959,Hyderabad,Fast Food,Chinese,178.84,49.78,UPI,38.1,5.8,4.5,Delivered
ORD103473,14-12-2025,15:23:15,C1937,Bangalore,Fast Food,Chinese,358.8,47.31,Cash,46.9,6.4,4.2,Delivered
ORD101212,04-02-2025,10:59:15,C1301,Mumbai,Fine Dining,Desserts,970.74,35.88,Wallet,40.2,5.9,4.3,Delivered
ORD103294,10-12-2025,21:47:45,C2160,Mumbai,Cloud Kitchen,Chinese,807.38,14.49,UPI,29.9,1.4,4.3,Delivered
ORD102983,22-09-2025,15:03:30,C1215,Chennai,Casual Dining,South Indian,639.38,47.75,Cash,34.6,5.3,4.4,Refunded
ORD102366,10-01-2025,16:29:15,C1292,Mumbai,Cloud Kitchen,Biryani,544.5,27.86,Debit Card,33.7,3,4.6,Delivered
ORD100735,14-07-2025,16:02:45,C1554,Mumbai,Casual Dining,Fast Food,705.82,33.52,Cash,23.7,3.6,4.6,Delivered
ORD102920,07-09-2025,10:26:00,C1120,Mumbai,Casual Dining,Biryani,132.58,42.44,Credit Card,34.5,3.7,4.5,Delivered
ORD103601,20-03-2025,21:58:00,C1081,Hyderabad,Fast Food,North Indian,443.48,25.36,Cash,28.7,2.4,4.4,Delivered
ORD100981,05-10-2025,19:20:00,C1784,Kochi,Cloud Kitchen,Biryani,304.59,37.71,Cash,39.9,3.1,4.4,Delivered
ORD104858,03-10-2025,13:55:00,C2176,Kochi,Fast Food,Continental,301.16,36.04,UPI,17.8,1.2,5,Delivered
ORD103433,25-12-2025,10:17:15,C1897,Mumbai,Fast Food,North Indian,492.55,49.34,Wallet,30.3,3.1,4.4,Delivered
ORD100165,25-08-2025,21:52:45,C1809,Hyderabad,Casual Dining,Chinese,665.1,42.38,UPI,25.8,2.7,4.4,Delivered
ORD103819,04-06-2025,18:21:15,C1832,Hyderabad,Cloud Kitchen,North Indian,210.53,48.14,UPI,17.6,3.5,,Delivered
ORD102677,24-02-2025,14:53:45,C1774,Chennai,Fine Dining,Biryani,1321.31,7.74,Debit Card,25.6,1.9,4.5,Delivered
ORD103643,28-02-2025,15:57:45,C1097,Bangalore,Cloud Kitchen,North Indian,199.6,53.31,UPI,41.6,6.3,4.3,Delivered
ORD100404,15-08-2025,21:49:00,C1618,Bangalore,Cafe,Chinese,360.35,51.83,Debit Card,38.2,4.5,4.7,Delivered
ORD103988,01-11-2025,13:36:00,C1506,Bangalore,Cloud Kitchen,Chinese,606.64,22.93,UPI,27.9,1.3,4.8,Delivered
ORD102562,26-06-2025,12:36:00,C1971,Hyderabad,Cloud Kitchen,Biryani,368.61,45.72,Cash,40.1,5.5,4,Refunded
ORD102632,14-06-2025,19:12:00,C1431,Bangalore,Cafe,Chinese,256.03,26.24,Credit Card,45.3,3.2,4.5,Delivered
ORD103165,29-09-2025,17:31:45,C2059,Mumbai,Cloud Kitchen,Desserts,282.35,72.59,UPI,50.3,9.8,4.2,Delivered
ORD104450,28-11-2025,19:07:15,C1019,Bangalore,Fast Food,Italian,563.9,51.8,Cash,28.6,2.2,4.4,Delivered
ORD103212,08-03-2025,22:04:00,C1554,Bangalore,Fast Food,Biryani,246.45,32.52,UPI,36,3.9,4.4,Delivered
ORD100272,06-02-2025,17:59:30,C1184,Bangalore,Casual Dining,Chinese,599.69,55.99,UPI,42.8,5.9,3.8,Delivered
ORD101142,26-09-2025,15:40:00,C1158,Bangalore,Casual Dining,North Indian,298.06,20.71,Credit Card,25.2,1,4.4,Delivered
ORD100939,23-12-2025,21:08:00,C1810,Chennai,Cloud Kitchen,Biryani,518.49,41.12,Credit Card,37.1,3.7,5,Delivered
ORD104521,19-11-2025,13:04:00,C1175,Bangalore,Cafe,Chinese,227.01,27.32,UPI,35.4,1.8,4.4,Delivered
ORD104271,23-06-2025,23:20:30,C1127,Chennai,Cloud Kitchen,North Indian,600.26,31.17,Credit Card,33.4,5.3,4.5,Delivered
ORD100222,14-11-2025,14:28:00,C1627,Mumbai,Fast Food,Italian,369.38,17.69,Cash,,2,,Cancelled
ORD104214,26-03-2025,13:52:00,C1628,Bangalore,Fast Food,North Indian,224.84,57.64,UPI,53.9,8.1,4,Delivered
ORD104488,08-04-2025,22:58:15,C2162,Hyderabad,Cloud Kitchen,South Indian,390.27,57.57,UPI,42.9,6.8,4.1,Delivered
ORD100496,16-06-2025,21:32:45,C1797,Bangalore,Cloud Kitchen,Fast Food,596.95,28.84,UPI,20.4,0.8,4.9,Delivered
ORD100508,24-08-2025,19:36:15,C1370,Hyderabad,Fast Food,South Indian,316.22,49.12,UPI,57.4,5.3,3.4,Delivered
ORD101015,20-08-2025,17:20:15,C1386,Bangalore,Fast Food,North Indian,184.34,39.69,UPI,42.8,3.2,4.4,Delivered
ORD102315,28-09-2025,21:09:30,C1415,Bangalore,Cafe,Biryani,437.41,43.01,UPI,40.3,4.1,4.4,Delivered
ORD103799,21-05-2025,00:25:00,C2104,Chennai,Fast Food,South Indian,228.27,27.12,UPI,26.2,2.2,3.9,Delivered
ORD104550,21-11-2025,16:59:00,C1069,Bangalore,Fast Food,South Indian,185.68,34.24,UPI,16.1,2.5,5,Delivered
ORD104890,15-02-2025,19:56:00,C1833,Mumbai,Cloud Kitchen,Biryani,333.9,52.64,Credit Card,52.5,7.4,4.1,Delivered
ORD103500,29-04-2025,14:52:00,C2098,Bangalore,Fine Dining,Chinese,890.43,19.96,Debit Card,31.3,5,4.8,Delivered
ORD103289,08-05-2025,08:46:00,C1558,Chennai,Casual Dining,Chinese,605.9,33.67,Cash,28.7,2.5,4.9,Delivered
ORD103000,18-05-2025,03:21:15,C1706,Kochi,Cloud Kitchen,Biryani,386.92,30.83,UPI,22.9,1.2,5,Refunded
ORD100374,04-03-2025,14:24:00,C1805,Kochi,Cloud Kitchen,North Indian,510.61,41.27,Wallet,19,2.8,5,Delivered
ORD104726,17-03-2025,13:28:30,C1132,Chennai,Casual Dining,Biryani,6400.98,27.3,Debit Card,21.5,1.1,4.6,Delivered
ORD104351,18-10-2025,10:07:00,C1962,Kochi,Fast Food,North Indian,303.64,26.13,UPI,27.5,1.5,5,Delivered
ORD100738,16-02-2025,19:13:00,C1163,Chennai,Cafe,North Indian,167.93,43.49,Cash,29.3,4.2,4.3,Delivered
ORD103271,08-07-2025,11:12:30,C1661,Mumbai,Cloud Kitchen,North Indian,371.65,42.61,Cash,34.3,5.8,4,Delivered
ORD100471,07-12-2025,21:05:45,C1682,Mumbai,Cloud Kitchen,Fast Food,336.49,29.19,Credit Card,34.7,3.4,,Delivered
ORD101568,01-03-2025,18:19:00,C1923,Bangalore,Casual Dining,South Indian,326.25,66.44,Cash,54,8.9,3.6,Delivered
ORD104439,16-10-2025,14:39:00,C1735,Hyderabad,Fast Food,South Indian,97.83,38.4,UPI,26.1,2.5,4.7,Delivered
ORD103637,04-05-2025,09:43:00,C1297,Bangalore,Cafe,Chinese,415.05,25.06,Cash,37.2,3.5,4.6,Delivered
ORD102104,27-09-2025,11:09:00,C1636,Chennai,Cloud Kitchen,Biryani,175.73,40.82,Debit Card,26.9,4.5,4.7,Delivered
ORD104148,08-01-2025,18:23:15,C1851,Bangalore,Cafe,Continental,364.83,32.47,Cash,36.9,4.7,4.8,Delivered
ORD104093,05-01-2025,20:40:00,C1216,Bangalore,Fast Food,South Indian,244.8,34.34,UPI,45.8,1.7,4.7,Delivered
ORD103977,29-08-2025,06:34:00,C1346,Mumbai,Fast Food,,226.49,65.69,UPI,56.4,11.1,4.3,Delivered
ORD102074,25-04-2025,12:22:15,C1121,Bangalore,Fast Food,Desserts,90,44.95,UPI,22.3,4.2,5,Delivered
ORD101775,26-06-2025,19:26:00,C1381,Mumbai,Fast Food,Chinese,235.23,16.02,Credit Card,32.7,1.5,4.7,Delivered
ORD100045,17-05-2025,21:56:45,C1993,Bangalore,Cloud Kitchen,Biryani,772.22,57.29,UPI,49.7,4.7,3.9,Delivered
ORD101493,29-05-2025,13:36:00,C1086,Hyderabad,Fast Food,Desserts,274.39,39.41,UPI,28.7,1.1,4.7,Delivered
ORD100080,14-01-2025,16:15:15,C1168,Chennai,Fast Food,Desserts,192.7,29.88,Cash,22.7,2.8,4.4,Delivered
ORD100321,28-11-2025,20:05:15,C1594,Hyderabad,Fast Food,South Indian,190.76,46.98,UPI,52.4,6.5,4.2,Delivered
ORD103894,21-01-2025,22:35:30,C1573,Bangalore,Fast Food,Fast Food,337.92,39.32,Debit Card,36.2,5,4.9,Delivered
ORD104121,01-10-2025,09:42:00,C1750,Chennai,Fast Food,South Indian,294.05,24.36,UPI,26.2,0.8,4.7,Delivered
ORD101707,18-12-2025,16:36:45,C1790,Hyderabad,Cloud Kitchen,,380.43,41.35,UPI,44.5,6.7,4.4,Delivered
ORD103926,02-02-2025,17:19:00,C1925,Chennai,Fast Food,Italian,288.51,35.71,Wallet,26.4,3.2,4.3,Delivered
ORD104495,28-07-2025,21:41:00,C1399,Bangalore,Fast Food,South Indian,131.73,27.71,Credit Card,38.5,3.9,4.5,Delivered
ORD101841,13-05-2025,07:26:00,C1512,Kochi,Casual Dining,Continental,631.63,44.54,UPI,24.7,2.2,4.9,Delivered
ORD102981,25-11-2025,13:34:30,C1420,Bangalore,Cloud Kitchen,Biryani,268.81,29.33,UPI,19.9,0.7,4.5,Delivered
ORD101848,22-09-2025,11:22:15,C2093,Mumbai,Cloud Kitchen,North Indian,655.08,16.39,UPI,12.8,1.8,5,Delivered
ORD102578,26-01-2025,15:58:00,C1944,Kochi,Cafe,Biryani,289.94,42.46,Cash,33.2,3.1,4.5,Delivered
ORD103757,12-10-2025,21:00:30,C1632,Bangalore,Fine Dining,North Indian,500.07,28.35,Wallet,45.1,2.6,4.1,Delivered
ORD102133,21-01-2025,07:20:30,C1026,Chennai,Casual Dining,South Indian,459.47,33.54,UPI,27,3.3,5,Delivered
ORD100108,05-04-2025,15:00:00,C1786,Bangalore,Fine Dining,Continental,1146.79,6.32,UPI,27.5,0.8,4.9,Delivered
ORD103351,10-09-2025,21:39:00,C1958,Chennai,Casual Dining,North Indian,419.34,43.22,UPI,33.9,4.2,4.4,Delivered
ORD101244,17-11-2025,12:31:15,C1958,Chennai,Fast Food,South Indian,90,40,Cash,30.1,3.5,4.7,Delivered
ORD102483,03-07-2025,22:35:00,C2077,Mumbai,Cafe,Desserts,218.56,32.87,Debit Card,34.2,2.8,4.1,Delivered
ORD104173,27-09-2025,21:58:00,C1016,Bangalore,Casual Dining,North Indian,505.16,56.88,Credit Card,52.2,6.6,3.7,Delivered
ORD100184,26-09-2025,08:56:00,C1119,Bangalore,Casual Dining,Desserts,330.05,63.91,Debit Card,55.6,9.4,4,Delivered
ORD101674,01-12-2025,14:48:45,C1428,Bangalore,Fast Food,North Indian,122.74,65.25,Credit Card,48.7,7.9,4.2,Delivered
ORD103817,31-07-2025,11:27:30,C2120,Kochi,Casual Dining,South Indian,365.4,26.35,Cash,30.3,3.6,4.6,Delivered
ORD104228,11-11-2025,14:02:15,C1181,Chennai,Fine Dining,North Indian,665.38,50.55,UPI,22.9,4.2,4.7,Delivered
ORD102849,20-08-2025,10:12:00,C2019,Hyderabad,Cloud Kitchen,Biryani,649.56,89.81,Credit Card,51.3,11.2,3.9,Delivered
ORD102325,27-08-2025,20:10:00,C1839,Kochi,Casual Dining,Italian,996.37,66.32,UPI,54.5,7.4,4,Delivered
ORD103362,23-04-2025,15:01:15,C1607,Hyderabad,Cloud Kitchen,Fast Food,487.66,41.84,UPI,29.7,3.7,4.7,Delivered
ORD100446,18-02-2025,23:56:00,C1561,Kochi,Cafe,Biryani,168.7,95.17,UPI,64.4,13.6,,Delivered
ORD103562,26-02-2025,22:05:15,C2050,Bangalore,Cloud Kitchen,North Indian,379.85,18.82,Credit Card,21.1,1.3,4.4,Delivered
ORD103320,30-03-2025,13:06:00,C1505,Hyderabad,Casual Dining,South Indian,352.94,53.21,UPI,40,6.3,4.4,Delivered
ORD100585,15-11-2025,12:53:30,C1473,Chennai,Cafe,South Indian,119.55,30.48,Debit Card,29.9,1.1,4.6,Delivered
ORD103916,26-06-2025,19:22:15,C1576,Bangalore,Cafe,Fast Food,569.53,43.45,UPI,26.4,2.6,4.6,Delivered
ORD104610,07-05-2025,18:35:00,C1923,Bangalore,Cloud Kitchen,Fast Food,274.02,77.62,UPI,57.4,10.9,3.2,Delivered
ORD100112,30-08-2025,15:49:45,C1861,Chennai,Cloud Kitchen,Chinese,462.51,24.47,Wallet,25,1.5,4.6,Delivered
ORD100215,29-11-2025,21:15:45,C1500,Kochi,Cafe,North Indian,295.91,54.24,Wallet,,3.4,,Cancelled
ORD103414,12-10-2025,14:44:15,C1339,Kochi,Fast Food,Desserts,122.82,9.15,UPI,26.5,1.3,4.8,Delivered
ORD100350,21-09-2025,18:38:00,C2114,Chennai,Casual Dining,Fast Food,281.25,50.9,Cash,42.1,6.5,4.4,Delivered
ORD104216,12-10-2025,13:54:00,C1482,Mumbai,Fine Dining,Chinese,708.49,22.95,UPI,34.5,1.5,4.2,Delivered
ORD103531,06-09-2025,22:22:00,C2040,Kochi,Fine Dining,Chinese,1115.38,5.66,Wallet,12,1.1,4.5,Delivered
ORD102629,10-11-2025,18:41:15,C1909,Hyderabad,Cloud Kitchen,Chinese,433.05,36.7,Cash,,3.4,,Cancelled
ORD102317,17-01-2025,18:35:15,C1556,Hyderabad,Cloud Kitchen,Fast Food,270.14,33.88,UPI,21.5,4.4,4.7,Delivered
ORD100372,22-04-2025,13:28:15,C1521,Mumbai,Fast Food,Italian,337.76,49.95,Debit Card,41.7,4.7,4.1,Delivered
ORD102997,09-03-2025,17:45:30,C1095,Chennai,Fast Food,South Indian,196.17,75,Wallet,60.9,9.4,3.7,Delivered
ORD104868,30-06-2025,12:45:00,C1492,Bangalore,Cafe,Fast Food,379.45,42.15,Wallet,34,5,4.6,Delivered
ORD100460,29-07-2025,00:24:30,C1333,Bangalore,Casual Dining,North Indian,443.09,30.56,Wallet,25,4.4,4.2,Delivered
ORD100941,12-10-2025,17:01:00,C1738,Kochi,Fast Food,North Indian,355.17,29.03,UPI,22.1,1.6,4.8,Delivered
ORD100980,04-07-2025,19:21:00,C1862,Hyderabad,Casual Dining,North Indian,90,31.32,Credit Card,48.2,3.7,4.1,Delivered
ORD102188,19-09-2025,09:06:45,C1693,Hyderabad,Fast Food,Desserts,193.26,32.51,UPI,25.6,1.3,5,Delivered
ORD103084,26-08-2025,18:24:00,C1592,Bangalore,Fine Dining,North Indian,514.77,52.44,Credit Card,43.7,6.1,4.5,Delivered
ORD103659,12-03-2025,19:05:00,C1253,Mumbai,Cloud Kitchen,Desserts,355.63,51.48,Wallet,25.7,3.5,4.8,Delivered
ORD102403,08-11-2025,18:35:45,C1763,Hyderabad,Casual Dining,South Indian,410.26,23.08,Debit Card,27.2,1.6,4.3,Delivered
ORD103920,28-06-2025,22:53:30,C1573,Chennai,Fast Food,Italian,471.03,37.35,Debit Card,36.2,3.5,4.5,Delivered
ORD104651,22-10-2025,16:22:00,C1412,Bangalore,Cloud Kitchen,Fast Food,338.65,68.71,Cash,38.3,7.1,4.7,Delivered
ORD101686,06-11-2025,16:02:30,C1233,Bangalore,Casual Dining,Biryani,518.34,39.87,UPI,37.8,2.7,3.8,Delivered
ORD101242,31-03-2025,12:19:15,C1145,Hyderabad,Casual Dining,Desserts,683.68,43.26,UPI,32.4,3.1,4.4,Delivered
ORD101426,05-04-2025,16:57:00,C1193,Kochi,Fast Food,Fast Food,271.35,54.79,UPI,44.7,7.7,4.2,Delivered
ORD102808,11-09-2025,20:28:00,C1057,Mumbai,Fast Food,Chinese,220.33,64.73,Credit Card,39.7,7.4,4.1,Delivered
ORD103572,15-01-2025,19:26:15,C2064,Mumbai,Cafe,Fast Food,187.07,44.79,UPI,47.1,4.8,4.9,Delivered
ORD102006,25-12-2025,22:19:30,C1987,Hyderabad,Cloud Kitchen,Biryani,430.58,34.8,Wallet,19.2,1.5,4.8,Delivered
ORD104006,11-09-2025,21:33:00,C1152,Hyderabad,Fast Food,South Indian,140.33,26.46,UPI,36.9,2.4,4.2,Delivered
ORD100870,23-07-2025,16:57:00,C1906,Bangalore,Fast Food,Italian,227.42,31.6,Wallet,28.5,5.3,4.1,Delivered
ORD103670,06-06-2025,10:19:00,C1764,Hyderabad,Casual Dining,North Indian,534.23,51.63,UPI,35.4,5.6,4,Delivered
ORD102386,16-09-2025,12:28:00,C1640,Hyderabad,Cafe,South Indian,285.37,44.04,Cash,39.2,3.4,4.9,Delivered
ORD103291,02-08-2025,16:02:45,C1534,Mumbai,Fast Food,Biryani,336.5,26.76,UPI,,2.5,,Cancelled
ORD100718,31-07-2025,19:52:15,C1520,Hyderabad,Cafe,Chinese,293.96,46.99,Debit Card,49.1,6,3.9,Delivered
ORD102839,04-04-2025,16:08:00,C1547,Mumbai,Fine Dining,Biryani,1216,16.54,UPI,35.5,5.2,4.9,Delivered
ORD102283,19-09-2025,20:40:00,C1648,Kochi,Cafe,North Indian,233.86,31.84,UPI,39.9,3.7,,Delivered
ORD103697,02-02-2025,02:16:00,C1393,Hyderabad,Fast Food,North Indian,238.25,47.62,UPI,35.3,4.1,4.7,Delivered
ORD103707,14-03-2025,11:57:15,C1581,Mumbai,Fine Dining,Biryani,706.71,48.14,Credit Card,42.1,4.1,4.4,Delivered
ORD102828,17-01-2025,23:40:00,C1206,Bangalore,Casual Dining,North Indian,460.04,56.99,UPI,38.4,6.4,4.3,Delivered
ORD103340,07-10-2025,19:01:15,C1215,Chennai,Cafe,Italian,284.33,46.67,UPI,33,3,4.4,Delivered
ORD101879,15-07-2025,15:52:45,C1678,Bangalore,Fast Food,South Indian,245.33,40.38,Debit Card,32.7,1.8,4.9,Delivered
ORD103803,20-09-2025,21:56:45,C1931,Mumbai,Casual Dining,Biryani,494.1,33.41,Cash,43.1,4.6,3.8,Delivered
ORD101381,17-11-2025,11:25:45,C1706,Bangalore,Fast Food,North Indian,351.49,67.48,UPI,60.1,9.4,3.9,Delivered
ORD101090,17-12-2025,11:34:30,C1839,Hyderabad,Casual Dining,North Indian,301.65,54.84,Debit Card,51.1,7.2,3.8,Delivered
ORD102539,20-07-2025,14:04:00,C1371,Kochi,Casual Dining,South Indian,558.7,74.14,UPI,48.1,9.7,4.2,Delivered
ORD101276,13-08-2025,16:34:00,C1292,Bangalore,Cloud Kitchen,Fast Food,528.72,40.45,Debit Card,29.4,4.4,5,Delivered
ORD104581,20-09-2025,15:28:00,C2172,Kochi,Casual Dining,Desserts,90,53.75,Credit Card,26.1,5.6,4.6,Delivered
ORD101101,01-06-2025,13:16:00,C1845,Bangalore,Cloud Kitchen,Biryani,266.43,48.98,Debit Card,,3,,Cancelled
ORD101232,09-07-2025,20:14:00,C2177,Hyderabad,Fast Food,Chinese,366.29,36.97,UPI,38.3,3.7,4,Delivered
ORD102489,08-03-2025,19:34:45,C1330,Bangalore,Fast Food,South Indian,169.69,39.59,Credit Card,20.6,1.6,4.2,Delivered
ORD104955,09-05-2025,18:52:45,C2070,Mumbai,Cloud Kitchen,Fast Food,237.07,18.22,UPI,22.5,2.3,4.9,Delivered
ORD100057,04-06-2025,11:02:00,C2009,Bangalore,Fast Food,Italian,306.97,26.53,UPI,27.2,4.6,4.2,Delivered
ORD101412,21-04-2025,19:00:00,C1570,Hyderabad,Casual Dining,Biryani,542.55,21.56,Debit Card,37.4,2.4,5,Delivered
ORD100351,25-05-2025,20:58:00,C1210,Bangalore,Casual Dining,Fast Food,600.47,41.6,Cash,46.6,6.4,3.6,Delivered
ORD104684,15-12-2025,22:27:30,C1856,Chennai,Cloud Kitchen,North Indian,342.2,52.2,UPI,43.2,6.4,4.4,Delivered
ORD104225,04-07-2025,07:56:00,C1911,Kochi,Fast Food,Fast Food,266.19,17.79,UPI,,2.3,,Cancelled
ORD100056,22-07-2025,21:23:45,C1537,Hyderabad,Cloud Kitchen,Desserts,90,18.31,UPI,26.8,1,4.8,Delivered
ORD104909,05-02-2025,11:45:00,C1431,Hyderabad,Fast Food,Desserts,367.41,36.54,Cash,27.9,2.7,3.9,Delivered
ORD102612,27-12-2025,13:16:00,C2022,Mumbai,Fine Dining,South Indian,104.52,23.16,UPI,38.7,2.5,4.9,Delivered
ORD104528,20-09-2025,14:18:00,C1442,Chennai,Fast Food,Biryani,413.89,31.98,UPI,23.1,3.6,4.8,Delivered
ORD104262,11-06-2025,20:10:00,C1648,Chennai,Casual Dining,Chinese,662.96,22.49,Credit Card,29.9,0.6,4.8,Delivered
ORD101803,02-02-2025,12:53:00,C2181,Mumbai,Fast Food,Biryani,231.9,47.39,Debit Card,,5.8,,Cancelled
ORD103458,04-06-2025,22:33:00,C1057,Chennai,Cafe,Chinese,356.38,52.62,UPI,27.6,5.6,4.7,Delivered
ORD104296,08-12-2025,12:34:00,C2129,Chennai,Fine Dining,Fast Food,391.55,45.84,Debit Card,41.9,5.8,,Delivered
ORD100104,15-10-2025,12:15:00,C2088,Bangalore,Fast Food,South Indian,508.38,46.62,UPI,51.2,6.3,4.4,Delivered
ORD103976,06-03-2025,15:15:45,C1377,Kochi,Fast Food,South Indian,90,50.13,Cash,35.8,8.4,4.1,Delivered
ORD100806,01-05-2025,19:21:00,C1670,Hyderabad,Cloud Kitchen,South Indian,628.05,18.2,UPI,32,1.9,4.1,Delivered
ORD104327,12-11-2025,21:24:00,C2156,Bangalore,Casual Dining,Biryani,460.72,51.52,Credit Card,38.8,6.6,4.7,Delivered
ORD103761,20-08-2025,19:46:00,C1848,Bangalore,Fine Dining,Italian,1640.77,15.21,UPI,,4,,Cancelled
ORD101016,16-06-2025,18:02:00,C1312,Hyderabad,Cafe,Biryani,370.1,47.92,UPI,26.2,4,4.6,Delivered
ORD102957,23-03-2025,17:06:15,C1433,Bangalore,Cafe,Desserts,329.39,39.37,Debit Card,27.8,5.1,4.7,Delivered
ORD100142,07-07-2025,21:34:00,C1871,Bangalore,Cloud Kitchen,Biryani,471.02,31.64,UPI,48.6,3.9,3.6,Refunded
ORD104953,25-03-2025,21:30:45,C1640,Bangalore,Casual Dining,South Indian,1023.94,43.15,UPI,43.4,5.4,4.8,Delivered
ORD101326,09-08-2025,09:22:00,C2065,Hyderabad,Cafe,South Indian,316.47,48.87,UPI,20.8,3.1,5,Delivered
ORD100526,17-09-2025,18:39:45,C1117,Mumbai,Fast Food,Fast Food,208.12,35.84,UPI,22.4,2.8,5,Delivered
ORD100254,22-09-2025,20:18:45,C2090,Mumbai,Casual Dining,Fast Food,407.78,59.56,UPI,44.8,5.7,4.3,Delivered
ORD101104,02-01-2025,13:39:30,C1931,Mumbai,Cloud Kitchen,Biryani,300.12,44.2,UPI,22.4,2.5,4.9,Delivered
ORD103719,19-05-2025,18:18:30,C2088,Hyderabad,Fast Food,South Indian,90,49.82,Credit Card,26.3,5.1,4.6,Delivered
ORD104191,12-04-2025,22:30:30,C1216,Chennai,Cloud Kitchen,South Indian,422.01,39.6,Credit Card,32.7,3.7,4.2,Delivered
ORD101011,03-05-2025,20:08:00,C1754,Mumbai,Cafe,South Indian,225.88,49.05,UPI,49.7,6.1,3.9,Delivered
ORD101281,07-12-2025,18:41:00,C1203,Bangalore,Fine Dining,Fast Food,604.33,19.29,Debit Card,27.5,2.6,5,Delivered
ORD103229,18-04-2025,16:50:45,C1460,Hyderabad,Fine Dining,Desserts,434.87,31.25,UPI,21.8,2.1,4.6,Delivered
ORD103059,25-01-2025,13:03:45,C2056,Bangalore,Fast Food,Biryani,332.38,74.02,UPI,64.4,11.7,3.2,Delivered
ORD103192,10-08-2025,06:25:00,C2020,Mumbai,Casual Dining,North Indian,467.66,40.61,Cash,38.2,4.5,3.7,Delivered
ORD104776,06-12-2025,14:43:15,C1490,Mumbai,Cloud Kitchen,Italian,121.32,54.03,Credit Card,49.7,6.9,4.3,Delivered
ORD103164,25-11-2025,09:36:00,C2012,Mumbai,Casual Dining,Italian,217.96,41.14,Credit Card,35.6,5.7,5,Delivered
ORD100604,07-02-2025,11:27:00,C2068,Chennai,Cloud Kitchen,Biryani,605.37,25.32,Cash,21.1,1.9,4.9,Delivered
ORD102172,25-09-2025,22:10:00,C1474,Bangalore,Fast Food,South Indian,309.98,55.26,UPI,33.9,5.2,4.3,Delivered
ORD101155,25-07-2025,20:38:00,C1447,Kochi,Casual Dining,Italian,1141.69,38.06,Credit Card,46.6,8.6,4,Delivered
ORD101055,03-12-2025,23:26:00,C1549,Bangalore,Cloud Kitchen,Chinese,156.97,44.18,Cash,27.4,3.2,4.8,Delivered
ORD103984,10-05-2025,04:58:00,C1208,Chennai,Fast Food,Chinese,291.16,37.69,Debit Card,34.3,3,4.8,Delivered
ORD102989,12-11-2025,20:01:45,C1044,Chennai,Cloud Kitchen,North Indian,471.76,52.04,Cash,37.3,5.8,4.7,Delivered
ORD101243,19-07-2025,20:27:30,C1143,Bangalore,Cloud Kitchen,South Indian,387.4,66.52,UPI,57.5,8.4,3.5,Delivered
ORD104637,02-09-2025,22:23:45,C1566,Bangalore,Fast Food,South Indian,376.36,11.72,UPI,22.6,2.9,4,Delivered
ORD101597,20-12-2025,11:28:00,C1265,Bangalore,Fast Food,Biryani,239.67,47.42,Credit Card,31.9,6.3,4.7,Delivered
ORD102910,27-05-2025,16:56:30,C1635,Chennai,Cloud Kitchen,North Indian,423.32,58.69,Cash,23.9,6,5,Delivered
ORD102033,31-03-2025,14:04:00,C1830,Bangalore,Cloud Kitchen,Chinese,427.32,59.94,UPI,43,6.5,4.6,Delivered
ORD101761,09-05-2025,11:16:30,C1027,Bangalore,Cloud Kitchen,Italian,607.8,23.61,UPI,29.2,3.4,4.6,Delivered
ORD104841,13-11-2025,22:00:00,C1166,Hyderabad,Casual Dining,South Indian,446.29,42.08,UPI,36.8,4,4.1,Delivered
ORD103451,06-01-2025,15:36:00,C2148,Kochi,Casual Dining,Chinese,523.18,28.28,Credit Card,19.2,2.1,4.4,Delivered
ORD104966,10-03-2025,07:05:30,C1224,Mumbai,Casual Dining,North Indian,727.04,68.43,Credit Card,50.5,10.6,3.9,Delivered
ORD103505,13-09-2025,14:57:30,C1927,Mumbai,Cloud Kitchen,Fast Food,555.66,50.11,Debit Card,36.4,3.5,4.2,Delivered
ORD100606,23-11-2025,19:56:00,C1475,Mumbai,Cafe,Chinese,385.87,63.65,Debit Card,52.1,4.7,3.7,Delivered
ORD101711,18-10-2025,19:09:30,C2196,Chennai,Cafe,Desserts,180.48,31.92,UPI,36.9,2.2,4.6,Delivered
ORD104091,05-01-2025,11:37:15,C1198,Bangalore,Cafe,Biryani,366.9,48.32,Credit Card,35.4,1.9,4.8,Delivered
ORD103041,26-02-2025,13:45:45,C1366,Bangalore,Fast Food,Biryani,237.1,13.14,Cash,44.2,1.8,4.2,Delivered
ORD102855,10-02-2025,12:01:45,C1285,Kochi,Cloud Kitchen,Biryani,502.36,57.88,Wallet,59.7,9.8,4.2,Delivered
ORD103194,14-06-2025,12:27:00,C1796,Mumbai,Cloud Kitchen,Biryani,555.65,73.98,UPI,68.6,9.4,3.4,Delivered
ORD102226,26-02-2025,14:54:15,C1114,Bangalore,Casual Dining,Continental,614.74,35.04,UPI,33.3,3.3,4.1,Delivered
ORD102600,28-03-2025,20:39:30,C1681,Kochi,Cafe,Biryani,498.3,49.8,Credit Card,45.8,4.6,4.1,Delivered
ORD101467,22-09-2025,18:18:30,C1059,Bangalore,Cloud Kitchen,North Indian,401.15,91.32,UPI,39.5,10.3,4.9,Delivered
ORD102609,08-01-2025,19:42:00,C1098,Hyderabad,Fine Dining,Fast Food,1007.2,47.36,Credit Card,49.2,9.8,4.4,Delivered
ORD101508,07-04-2025,22:25:15,C1023,Chennai,Fast Food,Continental,327.79,18.68,Wallet,21.5,2.5,4.9,Delivered
ORD104662,11-02-2025,19:13:00,C1915,Mumbai,Cafe,South Indian,343.25,60.58,UPI,,6.5,3.9,Delivered
ORD101931,24-04-2025,21:10:15,C2106,Kochi,Cafe,North Indian,287.17,24.99,UPI,37.1,3.9,4.5,Delivered
ORD103496,05-01-2025,13:52:00,C1158,Hyderabad,Casual Dining,Italian,685.76,54.52,UPI,51.4,9.1,4,Delivered
ORD104480,11-01-2025,16:44:00,C1012,Hyderabad,Fast Food,South Indian,238.95,39.67,Debit Card,31.3,3.3,4.8,Delivered
ORD102882,29-07-2025,23:26:45,C1398,Chennai,Casual Dining,Continental,420.76,46.19,Cash,33.8,6.7,4.1,Delivered
ORD102291,22-10-2025,21:21:00,C1883,Hyderabad,Cloud Kitchen,South Indian,402.29,38.86,UPI,38.7,4.3,4.4,Delivered
ORD102011,18-12-2025,22:21:30,C1846,Kochi,Cafe,Italian,526.76,57.04,UPI,39.7,6,4.8,Delivered
ORD100913,18-07-2025,22:20:00,C1943,Bangalore,Cloud Kitchen,South Indian,447.43,87.15,UPI,54,13.3,3.7,Delivered
ORD103241,08-02-2025,22:24:00,C1583,Mumbai,Casual Dining,South Indian,188.81,25.16,UPI,34.6,1,5,Delivered
ORD102176,28-10-2025,08:13:00,C1226,Mumbai,Casual Dining,Chinese,881.97,14.23,UPI,14.1,1.2,3.9,Delivered
ORD100862,02-09-2025,08:48:15,C1399,Bangalore,Fine Dining,Desserts,541.01,34.16,Credit Card,34.5,1.4,4.9,Delivered
ORD101110,19-03-2025,06:59:30,C1834,Bangalore,Fast Food,South Indian,233.15,46.24,Credit Card,21.9,1.9,4.6,Delivered
ORD102595,20-03-2025,13:04:00,C1857,Bangalore,Cafe,South Indian,334.98,51.33,UPI,46.9,6.8,4.5,Delivered
ORD100206,09-11-2025,14:13:15,C1391,Mumbai,Fast Food,Chinese,147.15,49.09,Wallet,41.4,5.1,4.3,Delivered
ORD101642,22-10-2025,21:58:30,C1209,Mumbai,Fast Food,South Indian,248.79,56.25,Cash,51.2,7.1,4.3,Delivered
ORD103468,20-02-2025,22:54:00,C2196,Bangalore,Fast Food,South Indian,152.53,32.91,Cash,41.7,5.5,4.3,Delivered
ORD103969,29-01-2025,15:07:15,C1266,Hyderabad,Casual Dining,South Indian,353.39,32.71,UPI,20,4.1,4.8,Delivered
ORD102060,07-05-2025,11:08:15,C1673,Hyderabad,Casual Dining,South Indian,716.49,37.76,Wallet,28.7,2.8,4.8,Delivered
ORD101606,29-12-2025,14:09:15,C1513,Chennai,Cloud Kitchen,South Indian,262.52,52.21,Wallet,17.4,4.9,4.9,Delivered
ORD102962,03-11-2025,14:54:45,C1584,Hyderabad,Fine Dining,Continental,1300.58,27.34,Debit Card,42.6,6.8,4.6,Delivered
ORD100439,05-01-2025,13:50:15,C1831,Mumbai,Fine Dining,South Indian,913.79,22.65,Debit Card,29.7,2.4,4,Refunded
ORD103252,14-12-2025,16:19:45,C1237,Bangalore,Fast Food,South Indian,345.57,41.5,Credit Card,,2.3,,Cancelled
ORD100244,18-04-2025,13:39:00,C1384,Hyderabad,Fast Food,Chinese,252,34.15,Debit Card,40.6,4.3,4.1,Delivered
ORD100944,12-11-2025,19:44:30,C1811,Mumbai,Cafe,North Indian,276.69,61.43,Credit Card,57.5,6.4,3.8,Delivered
ORD100190,19-06-2025,21:54:00,C1964,Bangalore,Cafe,Biryani,271.86,22.09,Debit Card,22.1,2.2,5,Delivered
ORD101424,06-11-2025,21:30:45,C1386,Chennai,Cloud Kitchen,Desserts,460.46,24.92,UPI,32.8,1.4,4.4,Delivered
ORD100928,10-10-2025,20:36:00,C1646,Bangalore,Cloud Kitchen,South Indian,410.65,40.71,Cash,48.7,5.4,3.6,Delivered
ORD104809,26-03-2025,16:48:00,C1932,Hyderabad,Fast Food,Continental,403.55,60.88,Cash,34.7,5.5,4.8,Delivered
ORD104967,29-11-2025,12:05:45,C1002,Chennai,Fast Food,Italian,359.5,50.83,Cash,35.7,4.7,4.3,Delivered
ORD101712,25-07-2025,20:13:30,C1850,Bangalore,Cafe,Biryani,250.72,42.94,Wallet,27,2.2,,Delivered
ORD103481,04-12-2025,12:16:30,C1523,Mumbai,Casual Dining,Chinese,552.13,36.79,UPI,36.8,2.7,4,Delivered
ORD101352,30-05-2025,17:45:45,C1123,Hyderabad,Fast Food,Continental,319.69,69.12,Cash,43.8,7.6,4.3,Delivered
ORD100842,15-04-2025,20:53:45,C1885,Bangalore,Fast Food,Desserts,129.43,21,Credit Card,44.1,3.3,4.6,Delivered
ORD102770,11-04-2025,23:38:30,C2018,Hyderabad,Fine Dining,Chinese,1416.86,21.6,Cash,25.4,4.9,4.6,Delivered
ORD101858,19-02-2025,13:07:45,C1204, Bangalore ,Casual Dining,North Indian,584.39,88.33,UPI,62.3,11,3.7,Delivered
ORD103183,14-03-2025,21:41:15,C1715,Hyderabad,Cloud Kitchen,North Indian,445.67,30.63,Credit Card,35.8,1,4.3,Delivered
ORD102323,15-05-2025,11:21:00,C1457,Hyderabad,Cloud Kitchen,Chinese,754.49,85.71,Credit Card,59.7,11.2,4.3,Delivered
ORD103649,19-02-2025,19:08:00,C2160,Chennai,Fast Food,South Indian,242.12,54.29,Debit Card,43.6,6.3,3.8,Delivered
ORD102796,19-09-2025,21:27:00,C1993,Hyderabad,Cafe,Fast Food,176.43,26.98,Credit Card,32,2.5,4.7,Delivered
ORD100510,05-01-2025,13:54:45,C1175,Bangalore,Casual Dining,Italian,878.8,24.72,Credit Card,36.4,3.1,4.3,Delivered
ORD101949,08-04-2025,15:51:00,C1417,Hyderabad,Casual Dining,Continental,820.01,57.61,UPI,,8.1,,Cancelled
ORD100497,05-01-2025,14:05:15,C1508,Hyderabad,Fine Dining,North Indian,825.86,10.67,UPI,17.5,2.6,4.8,Delivered
ORD100456,15-07-2025,11:04:15,C1144,Kochi,Fast Food,Continental,368.05,25.31,Wallet,14.8,2.1,4.7,Delivered
ORD100314,19-07-2025,14:00:00,C1920,Chennai,Casual Dining,Italian,759.5,33.88,Wallet,30.9,4.6,4.4,Delivered
ORD100203,23-05-2025,14:25:00,C1162,Chennai,Cloud Kitchen,Chinese,372.99,25.44,Cash,14.3,1.7,5,Delivered
ORD104476,14-12-2025,16:29:45,C1196,Hyderabad,Fast Food,Continental,436.15,18.7,UPI,24.6,1.7,4.6,Delivered
ORD103180,12-09-2025,13:38:00,C1811,Chennai,Fast Food,Desserts,306.29,27.48,UPI,25.8,2.5,4.8,Delivered
ORD104691,19-04-2025,12:40:30,C1313,Hyderabad,Cloud Kitchen,Continental,284.43,47.8,UPI,19.6,2.4,5,Delivered
ORD102186,29-11-2025,20:54:00,C1817,Mumbai,Fine Dining,Fast Food,741.88,50.61,Credit Card,,3.7,,Cancelled
ORD103354,15-06-2025,12:30:15,C1724,Bangalore,Casual Dining,Biryani,705.87,48.43,UPI,42,4.6,4.3,Delivered
ORD101167,26-06-2025,08:21:00,C1673,Mumbai,Cafe,South Indian,254.39,79.16,Cash,41.8,9.1,3.9,Delivered
ORD102429,05-12-2025,22:46:00,C1215,Hyderabad,Casual Dining,Biryani,506.45,38.56,Cash,28.5,5.7,5,Delivered
ORD101787,05-05-2025,22:27:45,C1673,Mumbai,Fast Food,Italian,344.74,25.94,UPI,26.6,3.1,5,Delivered
ORD102286,25-11-2025,20:12:15,C1163,Mumbai,Cloud Kitchen,Italian,721.13,44.43,UPI,32.7,3.5,4.7,Delivered
ORD102004,26-10-2025,04:15:15,C1490,Chennai,Casual Dining,South Indian,512.67,26.17,Credit Card,25.2,1.7,5,Delivered
ORD104181,06-05-2025,19:42:00,C1025,Bangalore,Fast Food,Italian,362.8,29.92,UPI,46.8,2.7,4.6,Delivered
ORD101256,20-03-2025,13:16:00,C2050,Hyderabad,Casual Dining,North Indian,1079.19,1.64,UPI,41.1,2.3,4.4,Delivered
ORD103099,14-08-2025,12:48:00,C1185,Chennai,Fast Food,Continental,269.4,56.96,UPI,49.5,8.5,3.9,Delivered
ORD102223,20-08-2025,13:54:00,C1719,Bangalore,Fast Food,Italian,174.91,48.21,UPI,32.2,4.6,4.8,Delivered
ORD104064,22-02-2025,21:53:00,C1695,Mumbai,Casual Dining,South Indian,600.77,85.24,Credit Card,71.4,12.1,3.5,Delivered
ORD102362,15-07-2025,14:53:15,C1771,Bangalore,Cafe,North Indian,504.87,48.31,UPI,21.3,4.8,3.8,Delivered
ORD101409,27-10-2025,14:48:15,C1903,Hyderabad,Cloud Kitchen,Chinese,181.53,28.94,Credit Card,24.3,2.2,4.7,Delivered
ORD104982,29-10-2025,10:42:00,C1692,Chennai,Cafe,Biryani,227.25,33.06,UPI,,2.3,,Cancelled
ORD101372,23-04-2025,15:15:15,C1807,Bangalore,Cloud Kitchen,South Indian,537.34,25.73,Cash,21.2,3.7,4.5,Delivered
ORD101470,12-03-2025,07:06:45,C1397,Hyderabad,Fast Food,North Indian,403.63,63.04,Cash,49,7.6,4.1,Delivered
ORD102708,24-12-2025,11:26:30,C1294,Chennai,Cafe,Chinese,169.03,12.6,UPI,21.8,1.2,4.4,Delivered
ORD100133,29-12-2025,18:52:15,C2023,Bangalore,Casual Dining,North Indian,355.25,30.9,UPI,16.3,3.4,4.6,Delivered
ORD101388,23-12-2025,14:58:00,C1645,Bangalore,Cloud Kitchen,North Indian,500.43,34.19,Debit Card,21.3,2.5,4.6,Delivered
ORD104375,18-05-2025,11:49:00,C1675,Mumbai,Cafe,Chinese,245.5,47.84,Credit Card,40.9,4.9,4.4,Delivered
ORD100426,24-10-2025,00:24:00,C1134,Mumbai,Fast Food,Fast Food,267.28,39.4,UPI,34.2,3.7,4.2,Delivered
ORD103841,02-08-2025,09:47:15,C1505,Bangalore,Casual Dining,North Indian,585.58,32.36,Cash,22.1,1.9,4.3,Delivered
ORD104682,31-08-2025,22:02:30,C1940,Hyderabad,Cloud Kitchen,South Indian,597.9,68.01,Debit Card,45.6,8.8,3.9,Delivered
ORD104034,07-06-2025,22:05:30,C1393,Bangalore,Casual Dining,Fast Food,223.74,56.47,UPI,47.1,7.1,4,Delivered
ORD101065,10-08-2025,16:59:00,C1466,Bangalore,Cafe,Desserts,244.98,56.01,Cash,43.7,9.1,3.7,Delivered
ORD103478,09-07-2025,20:27:00,C1418,Mumbai,Cloud Kitchen,North Indian,501.63,51.48,UPI,54.2,4.6,3.5,Delivered
ORD104000,23-08-2025,18:35:15,C2037,Hyderabad,Casual Dining,Chinese,569.29,53.45,Wallet,34.3,4,4.5,Refunded
ORD101829,27-02-2025,22:28:00,C2023,Chennai,Fast Food,Fast Food,174.82,49.27,Debit Card,36.6,6.2,4.8,Delivered
ORD101588,06-11-2025,19:59:00,C1642,Bangalore,Cafe,Fast Food,339.58,20.92,UPI,25.7,2.7,4.9,Delivered
ORD102712,02-04-2025,20:07:30,C1781,Bangalore,Fast Food,Continental,306.96,49.27,Credit Card,49.6,5.6,3.9,Delivered
ORD102601,30-08-2025,19:57:30,C2057,Bangalore,Fast Food,Fast Food,348.01,48.67,UPI,39.5,6.4,5,Delivered
ORD101671,05-02-2025,14:35:45,C1424,Bangalore,Cloud Kitchen,North Indian,331.51,54.84,Credit Card,43.2,3.5,3.6,Delivered
ORD104383,22-01-2025,19:40:45,C1893,Mumbai,Casual Dining,North Indian,609.06,24.36,Cash,31.4,2.9,4.7,Delivered
ORD100965,29-10-2025,10:17:15,C2128,Hyderabad,Fast Food,North Indian,355.83,69.66,Cash,49.1,9.7,4,Delivered
ORD103756,05-08-2025,20:23:15,C2066,Bangalore,Cloud Kitchen,South Indian,222.12,28.14,UPI,24.5,1.7,,Delivered
ORD104646,11-08-2025,23:31:00,C2122,Hyderabad,Cloud Kitchen,Biryani,123.78,53.14,UPI,48.4,6.3,3.7,Delivered
ORD104512,24-06-2025,20:58:00,C1505,Bangalore,Cafe,North Indian,283.99,50.22,Debit Card,46.8,5.4,3.8,Delivered
ORD104143,20-12-2025,17:57:00,C1607,Chennai,Cloud Kitchen,Chinese,506.05,42.16,UPI,32.1,2.9,4.6,Delivered
ORD104864,07-10-2025,23:20:15,C1178,Hyderabad,Cafe,Desserts,339.57,51.81,Cash,29.5,5.5,4.7,Delivered
ORD100250,31-08-2025,10:33:00,C1213,Bangalore,Fast Food,Biryani,244.62,29.47,Cash,30.3,2.5,4.5,Delivered
ORD101113,14-01-2025,14:05:00,C1071,Hyderabad,Fast Food,South Indian,214.82,45.04,UPI,30.1,4.9,4.7,Delivered
ORD104046,14-09-2025,12:30:00,C1196,Bangalore,Fine Dining,Chinese,1289.46,0,UPI,,2.4,,Cancelled
ORD103299,27-07-2025,16:41:00,C1612,Chennai,Fast Food,Biryani,225.92,39.03,Cash,24.3,2.2,4.6,Delivered
ORD104592,27-01-2025,12:00:00,C2003,Mumbai,Fine Dining,Continental,1225.52,16.81,UPI,38.2,5,4.4,Delivered
ORD104546,25-09-2025,12:46:45,C1689,Mumbai,Casual Dining,Chinese,479.29,38.68,Cash,36.7,1.8,5,Delivered
ORD104788,23-01-2025,19:17:30,C1978,Mumbai,Fast Food,South Indian,214.46,94.99,Credit Card,75.1,13.8,3.6,Delivered
ORD102889,08-02-2025,22:41:45,C2026,Mumbai,Cloud Kitchen,Desserts,264.79,42.54,UPI,43.8,4,4.4,Delivered
ORD100960,11-05-2025,22:36:30,C1872,Kochi,Casual Dining,Fast Food,643.69,45.15,Cash,31.4,5.2,4,Delivered
ORD100123,27-05-2025,21:51:00,C1220,Kochi,Casual Dining,North Indian,939.36,30.64,Debit Card,27.5,3.2,4.7,Delivered
ORD103237,19-09-2025,13:52:15,C1115,Bangalore,Fast Food,Italian,300.5,33.71,UPI,,4.6,,Cancelled
ORD104668,15-04-2025,12:18:00,C1666,Bangalore,Cafe,South Indian,206.52,42.84,Cash,36.9,3,4.1,Delivered
ORD101993,13-09-2025,21:15:15,C1701,Mumbai,Casual Dining,North Indian,506.33,41.93,UPI,47.7,5.4,3.6,Delivered
ORD102496,30-04-2025,22:41:30,C1748,Mumbai,Fast Food,Desserts,126.46,45.65,Wallet,33.3,5.7,4.8,Delivered
ORD104657,05-02-2025,12:42:15,C1650,Bangalore,Cafe,South Indian,297.99,14.77,UPI,28.8,1.8,4.4,Delivered
ORD104356,07-03-2025,15:39:00,C1829,Bangalore,Fine Dining,Fast Food,1372.52,12.04,Credit Card,,2.7,,Cancelled
ORD102256,20-07-2025,22:01:00,C1362,Hyderabad,Fast Food,Biryani,401.37,32.44,Cash,32.3,2.3,4.6,Delivered
ORD104675,25-09-2025,21:06:30,C2084,Bangalore,Cloud Kitchen,North Indian,177.79,32.09,UPI,46,5.1,3.6,Delivered
ORD104033,10-08-2025,22:36:15,C2043,Bangalore,Fast Food,Chinese,445.05,31.71,Credit Card,30.3,2.9,4.2,Delivered
ORD101226,10-02-2025,19:51:15,C1776,Bangalore,Casual Dining,North Indian,580.64,33.72,UPI,26.7,2,4.5,Delivered
ORD101639,16-05-2025,22:35:15,C1429,Bangalore,Casual Dining,North Indian,747.62,53.7,UPI,44.1,5.1,4.4,Delivered
ORD101576,28-04-2025,11:52:00,C1480,Chennai,Cloud Kitchen,Fast Food,431.68,62.66,Cash,41.2,6.5,4.3,Delivered
ORD102819,15-02-2025,16:19:45,C1102,Kochi,Cloud Kitchen,South Indian,439.17,68.59,UPI,49.4,9.5,3.7,Delivered
ORD103056,26-02-2025,20:26:00,C1722,Bangalore,Cloud Kitchen,Continental,500.42,48.52,Wallet,46.6,3.4,4,Delivered
ORD103781,07-08-2025,19:27:45,C1671,Chennai,Casual Dining,Italian,972.24,25.08,Credit Card,15.5,2.4,4.5,Delivered
ORD103121,25-10-2025,22:13:00,C2032,Hyderabad,Casual Dining,Chinese,604.41,40.79,UPI,29.6,2.4,4.7,Delivered
ORD104943,20-06-2025,11:43:30,C1565,Mumbai,Fast Food,North Indian,290.23,47.39,Cash,35.3,5.2,4.6,Delivered
ORD100161,01-02-2025,23:18:00,C1646,Kochi,Casual Dining,Fast Food,640.9,42.35,UPI,27.4,2.4,4.8,Delivered
ORD102887,05-04-2025,21:58:00,C1477,Bangalore,Cafe,South Indian,246.65,51.4,UPI,41.5,2.9,4.3,Delivered
ORD103411,12-09-2025,18:09:15,C1134,Mumbai,Cloud Kitchen,North Indian,355.95,34.67,UPI,33.5,4.4,5,Delivered
ORD102495,27-11-2025,19:57:45,C1714,Bangalore,Casual Dining,South Indian,438.81,38.34,Wallet,34.3,2.2,4.8,Delivered
ORD104120,22-09-2025,20:30:45,C1163,Chennai,Fine Dining,Italian,467.92,44.52,UPI,,1.6,,Cancelled
ORD100252,27-06-2025,11:28:00,C1750,Chennai,Fast Food,South Indian,110.26,26.33,Credit Card,12,1.8,4.8,Delivered
ORD101042,24-10-2025,21:50:30,C1058,Bangalore,Cloud Kitchen,Continental,590.21,32.33,Debit Card,35.1,2.7,4.3,Delivered
ORD100956,03-10-2025,11:57:15,C1725,Mumbai,Cafe,South Indian,393.8,38.85,Cash,28.5,3.4,4.6,Delivered
ORD104834,25-03-2025,12:39:30,C1899,Mumbai,Fine Dining,Italian,743.99,28.56,Cash,44.3,2.7,3.6,Delivered
ORD103101,23-06-2025,14:12:45,C1610,Kochi,Cloud Kitchen,Biryani,539.36,53.39,UPI,45.2,6.9,4.7,Delivered
ORD104565,24-06-2025,17:30:00,C1883,Bangalore,Fast Food,North Indian,338.07,25.06,UPI,31.3,1.6,4.7,Delivered
ORD104338,16-12-2025,22:03:30,C2136,Chennai,Casual Dining,Chinese,662.88,44.43,UPI,31.6,3.8,4.6,Delivered
ORD100781,27-04-2025,19:36:00,C1714,Kochi,Fast Food,North Indian,343.55,56.21,Debit Card,44.2,5.2,3.7,Delivered
ORD100042,20-05-2025,18:38:00,C1885,Mumbai,Cafe,South Indian,486.26,76.77,UPI,58.8,11,3.5,Delivered
ORD102299,16-06-2025,19:44:45,C1253,Bangalore,Fast Food,Biryani,392.11,32.83,Cash,32.9,2.9,,Delivered
ORD101902,08-05-2025,21:08:15,C1365,Hyderabad,Cloud Kitchen,South Indian,304.67,57.33,Wallet,44.9,8.5,3.6,Delivered
ORD102013,24-05-2025,14:39:00,C1355,Hyderabad,Cafe,Continental,349.85,25.02,UPI,33,3.2,4.7,Delivered
ORD100174,25-03-2025,18:18:00,C1653,Bangalore,Fast Food,North Indian,379.64,26,Cash,35.4,1.4,4.4,Delivered
ORD104367,30-07-2025,19:51:00,C1994,Bangalore,Cloud Kitchen,South Indian,772.16,50.4,UPI,46,6.7,4.1,Delivered
ORD104846,11-07-2025,21:28:00,C1923,Bangalore,Fast Food,Continental,395.5,38.26,Debit Card,44.8,4.1,3.6,Delivered
ORD104661,31-05-2025,16:54:45,C1012,Kochi,Casual Dining,Biryani,510.19,40.56,UPI,25.2,2.6,4.8,Delivered
ORD103520,09-10-2025,14:08:00,C1421,Chennai,Fast Food,Italian,189.75,49.16,Credit Card,30.2,4.1,4.7,Delivered
ORD104577,03-07-2025,13:47:00,C1281,Mumbai,Cloud Kitchen,North Indian,502.91,54.51,UPI,59.3,9.3,3.7,Delivered
ORD100926,22-03-2025,21:59:00,C1896,Kochi,Casual Dining,South Indian,489,31.25,UPI,36.9,2.5,4.5,Delivered
ORD101362,08-09-2025,18:22:45,C1991,Mumbai,Fine Dining,Chinese,1569.46,28.33,Credit Card,47.8,9.8,3.8,Delivered
ORD104630,20-07-2025,11:28:00,C2014,Bangalore,Cloud Kitchen,Continental,885.96,40.64,UPI,47.5,6.1,4.3,Delivered
ORD101251,25-08-2025,18:54:30,C2027,Hyderabad,Cloud Kitchen,South Indian,163.33,31.09,Credit Card,34.2,5.8,4.8,Delivered
ORD103009,07-07-2025,23:57:00,C2170,Mumbai,Cloud Kitchen,Chinese,276.74,28.93,Cash,38,3.6,4.6,Delivered
ORD104146,24-10-2025,14:39:00,C1908,Bangalore,Fast Food,Chinese,200.49,53.85,Credit Card,42.7,4.8,4.6,Delivered
ORD101093,20-02-2025,19:27:15,C1328,Hyderabad,Casual Dining,Italian,328.81,48.27,UPI,44.1,5.7,4.1,Delivered
ORD102927,23-06-2025,12:07:30,C1458,Mumbai,Cafe,Desserts,90,55.02,Credit Card,39.4,4.6,4.5,Delivered
ORD101126,03-05-2025,16:20:15,C2178,Hyderabad,Fast Food,Biryani,311.21,39.42,Debit Card,39.6,3.7,4.9,Delivered
ORD100596,03-08-2025,19:59:30,C1502,Mumbai,Casual Dining,Biryani,681.12,38.1,UPI,45.3,2.8,4.2,Delivered
ORD101599,05-01-2025,20:23:00,C1518,Bangalore,Fast Food,South Indian,212.92,37.22,UPI,29.7,0.7,4.7,Delivered
ORD104957,09-12-2025,23:49:45,C1959,Chennai,Cafe,North Indian,135.19,20.64,UPI,12,1.7,4.5,Delivered
ORD103033,30-05-2025,17:08:00,C1991,Mumbai,Fast Food,Chinese,405.21,27.71,UPI,33.6,2.5,4.5,Delivered
ORD101097,27-11-2025,12:46:15,C1087,Hyderabad,Fine Dining,North Indian,973.62,29.28,Credit Card,40.3,4.3,4.5,Delivered
ORD101255,30-03-2025,15:00:00,C1792,Hyderabad,Casual Dining,Fast Food,327.66,35.47,UPI,21.9,1.8,5,Delivered
ORD104976,08-12-2025,09:26:00,C1712,Mumbai,Cloud Kitchen,Chinese,405.94,37.33,UPI,28.7,2.6,4.6,Delivered
ORD104086,26-01-2025,20:42:00,C1192,Mumbai,Fast Food,South Indian,251.2,50.64,Debit Card,56.8,7.1,4.1,Delivered
ORD102724,27-07-2025,18:24:00,C1919,Kochi,Casual Dining,Chinese,751.07,67.91,Credit Card,50.9,7.6,4.2,Delivered
ORD103787,13-09-2025,21:47:30,C1049,Mumbai,Fast Food,North Indian,219.7,32.06,Debit Card,35.5,1.6,4.3,Delivered
ORD101305,15-03-2025,05:10:15,C1608,Chennai,Casual Dining,Desserts,540.86,21.31,UPI,25.2,1.9,4.7,Delivered
ORD102247,27-07-2025,13:50:15,C1993,Hyderabad,Casual Dining,Fast Food,498.17,30.85,UPI,31.8,3,5,Delivered
ORD100715,01-10-2025,23:12:00,C2102,Bangalore,Cloud Kitchen,Fast Food,252.33,13.81,Cash,37.1,2.1,4.9,Delivered
ORD102476,20-12-2025,20:06:00,C1484,Mumbai,Cloud Kitchen,North Indian,648.23,69.57,Debit Card,57.3,9,4.2,Delivered
ORD103968,08-09-2025,10:34:45,C1962,Bangalore,Casual Dining,South Indian,845.7,30.14,UPI,25.3,4,4.6,Delivered
ORD103195,29-07-2025,18:46:00,C1059,Kochi,Cloud Kitchen,Italian,509.24,43.23,Credit Card,26.6,3.7,5,Delivered
ORD104464,10-07-2025,22:32:00,C1764,Hyderabad,Cloud Kitchen,South Indian,429.69,66.27,UPI,37.2,7.6,4.9,Delivered
ORD102111,16-08-2025,19:24:00,C2090,Mumbai,Casual Dining,North Indian,552.65,49.2,UPI,49.7,5.8,4,Delivered
ORD101755,12-04-2025,20:41:30,C1883,Hyderabad,Cafe,South Indian,90,31.11,UPI,41.2,3.5,4.4,Delivered
ORD101600,18-06-2025,14:19:00,C2189,Kochi,Cloud Kitchen,South Indian,357.96,29.39,UPI,12,1.6,4.4,Delivered
ORD101868,11-11-2025,19:02:00,C2038,Chennai,Fast Food,Chinese,101.41,55.57,Credit Card,40.3,7.3,3.9,Delivered
ORD101585,05-02-2025,11:49:30,C2121,Bangalore,Fast Food,Chinese,193.49,20.43,Cash,21.9,1.8,4.2,Delivered
ORD100922,28-06-2025,15:15:00,C1983,Mumbai,Fast Food,Fast Food,284.55,32.3,Credit Card,30.2,1.7,4.1,Delivered
ORD101166,02-05-2025,11:37:00,C1356,Kochi,Casual Dining,North Indian,857.51,18.69,UPI,29.8,2,4.3,Delivered
ORD100187,16-11-2025,13:35:45,C1579,Bangalore,Fast Food,South Indian,235.62,58.35,Wallet,52.4,6.8,3.3,Delivered
ORD102277,06-11-2025,11:35:00,C2088,Bangalore,Cafe,South Indian,264.86,89.74,Credit Card,72.1,14.1,2.8,Delivered
ORD104253,29-06-2025,19:18:00,C1611,Hyderabad,Fast Food,Italian,391.55,40.64,Cash,45,4.4,4,Delivered
ORD103798,03-07-2025,21:31:45,C1116,Bangalore,Casual Dining,Biryani,518.67,26.42,Credit Card,29,1.6,4.6,Delivered
ORD104667,29-10-2025,16:09:30,C1876,Kochi,Casual Dining,Biryani,891.85,30.65,UPI,45.3,8.6,4.1,Delivered
ORD104452,28-08-2025,14:51:15,C2006,Hyderabad,Casual Dining,Continental,520.24,35.83,UPI,30.1,4.8,4.6,Delivered
ORD103748,30-08-2025,16:33:00,C1251,Hyderabad,Casual Dining,Biryani,478.65,37.93,UPI,43.5,6.3,4.7,Delivered
ORD101914,23-03-2025,18:00:15,C1252,Bangalore,Cloud Kitchen,Biryani,552.05,56.76,UPI,41.5,8.2,4.8,Delivered
ORD104126,02-04-2025,14:18:30,C1449,Chennai,Fast Food,Biryani,313.95,36.21,Credit Card,22.3,2.2,4.7,Delivered
ORD100748,08-05-2025,15:20:30,C1196,Chennai,Fast Food,North Indian,289.08,84.05,Credit Card,57.5,13.4,4,Delivered
ORD100468,14-06-2025,15:51:45,C1667,Hyderabad,Fast Food,Chinese,381.02,32.73,Cash,24.8,3.2,4.3,Delivered
ORD102278,01-10-2025,13:34:15,C1938,Kochi,Cafe,Chinese,501.88,52.8,UPI,41.6,6.1,4,Delivered
ORD100610,18-04-2025,12:53:30,C1811,Mumbai,Fast Food,Fast Food,262,30.7,Wallet,47,2.3,4.3,Delivered
ORD100085,02-07-2025,09:17:00,C1754,Chennai,Casual Dining,Chinese,307.64,41.58,Wallet,22.2,2.2,4.9,Delivered
ORD103169,04-01-2025,11:41:00,C1026,Hyderabad,Casual Dining,Italian,669.85,36.27,Credit Card,22.8,1.4,4,Delivered
ORD101804,17-04-2025,20:03:15,C1132,Bangalore,Casual Dining,Desserts,426.52,25.56,Debit Card,25.4,2.5,4.7,Refunded
ORD101259,07-09-2025,12:35:00,C1225,Bangalore,Casual Dining,North Indian,549.8,18.21,UPI,30.3,1.2,4.4,Delivered
ORD102772,09-09-2025,20:20:15,C1792,Kochi,Fast Food,Italian,387.53,47.47,UPI,,4.3,,Cancelled
ORD101279,27-04-2025,14:54:45,C1764,Bangalore,Casual Dining,Biryani,474.96,47.61,Credit Card,30.1,4,4.7,Delivered
ORD104572,14-02-2025,13:39:30,C1339,Hyderabad,Cafe,Continental,335.15,34.37,Credit Card,26.5,3.9,4.1,Delivered
ORD101140,14-04-2025,17:39:30,C1102,Bangalore,Cloud Kitchen,South Indian,305.4,32.58,UPI,31,2.5,4.1,Delivered
ORD100992,31-07-2025,12:56:00,C1182,Chennai,Casual Dining,Fast Food,153.5,30.09,Debit Card,27.4,3.1,4.6,Delivered
ORD103278,30-11-2025,21:58:00,C2188,Bangalore,Casual Dining,North Indian,528.41,49.41,UPI,37.5,4.8,3.8,Delivered
ORD100571,17-03-2025,17:24:00,C2189,Chennai,Cafe,Desserts,90,92.57,Debit Card,59.7,14,4.7,Delivered
ORD101996,17-09-2025,14:18:30,C1502,Mumbai,Fast Food,South Indian,287.49,50.79,Debit Card,30.1,5,4.7,Delivered
ORD101490,21-07-2025,20:29:00,C1644,Bangalore,Cloud Kitchen,Italian,491.81,10.46,Wallet,31.6,0.9,4.3,Delivered
ORD103635,29-06-2025,21:23:00,C1478,Bangalore,Cloud Kitchen,South Indian,251.5,28.85,Cash,27.4,1.4,4.1,Delivered
ORD103553,28-11-2025,21:01:00,C1166,Bangalore,Fast Food,Fast Food,445.91,55.39,Wallet,35.6,5.5,4.5,Delivered
ORD100217,03-10-2025,21:41:00,C1315,Bangalore,Fine Dining,South Indian,1164.02,2.16,UPI,28.3,2.6,4.9,Delivered
ORD101522,03-10-2025,12:38:00,C1186,Bangalore,Casual Dining,Chinese,511.19,53.66,Cash,31.9,3.4,4.5,Delivered
ORD102470,29-11-2025,07:37:15,C1248,Bangalore,Cafe,Fast Food,340.17,43.78,UPI,34.3,3,4.6,Delivered
ORD100798,28-01-2025,21:04:30,C1603,Chennai,Casual Dining,Chinese,658.85,57.44,Wallet,45.3,4.1,5,Delivered
ORD101539,20-05-2025,12:36:30,C1497,Mumbai,Cloud Kitchen,Biryani,468.16,24.1,UPI,42.1,3.6,4.4,Delivered
ORD100578,02-03-2025,09:01:00,C1594,Kochi,Fast Food,Biryani,381.96,41.09,UPI,32.3,5,4.6,Delivered
ORD104133,27-08-2025,21:01:00,C2138,Hyderabad,Fast Food,Italian,242.58,38.91,Cash,31.9,4.2,4.7,Delivered
ORD103491,08-08-2025,13:25:00,C1254,Mumbai,Fast Food,North Indian,417.53,39.29,UPI,29.6,2.9,4.8,Delivered
ORD103242,12-09-2025,14:39:30,C1625,Chennai,Casual Dining,Fast Food,350.19,88.22,UPI,52.2,11.7,3.6,Delivered
ORD100851,29-03-2025,15:35:45,C1081,Hyderabad,Fast Food,North Indian,298.01,42.56,UPI,172.1,4.8,4.3,Delivered
ORD103982,26-09-2025,19:17:00,C1331,Kochi,Casual Dining,Desserts,439.27,27.06,Debit Card,32.3,4.4,4.4,Delivered
ORD101169,16-08-2025,21:20:30,C1275,Kochi,Fast Food,North Indian,255.08,43.91,Credit Card,42.9,4.1,4.1,Delivered
ORD100180,12-10-2025,13:33:15,C1026,Mumbai,Cafe,Italian,409.99,10.57,UPI,,1.9,4.1,Delivered
ORD100029,19-07-2025,21:46:00,C1958,Kochi,Cloud Kitchen,Italian,239.76,56.97,Cash,46.3,6,4.4,Delivered
ORD101355,27-11-2025,18:27:00,C1219,Chennai,Cloud Kitchen,Chinese,151.53,31.33,Cash,,1.7,,Cancelled
ORD103689,16-10-2025,15:11:00,C2080,Chennai,Fast Food,Fast Food,249.21,29.6,Credit Card,,2.6,,Cancelled
ORD101789,18-04-2025,11:54:00,C2040,Mumbai,Fast Food,South Indian,97.72,26.11,Credit Card,30.2,3.9,5,Delivered
ORD103265,13-04-2025,23:28:00,C1307,Kochi,Fast Food,South Indian,140.02,44.37,Cash,27.9,4,4.4,Refunded
ORD103297,11-06-2025,21:47:00,C2027,Chennai,Fast Food,Chinese,194.75,15.57,Cash,33.7,2.3,4.9,Delivered
ORD102928,12-04-2025,13:45:45,C1611,Mumbai,Cafe,North Indian,331.23,39.7,Debit Card,29.2,3.5,4.7,Delivered
ORD104478,11-11-2025,18:19:30,C1290,Bangalore,Fast Food,Fast Food,179.58,40.45,Cash,32.5,5.9,4.6,Delivered
ORD101304,11-10-2025,08:24:45,C1564,Hyderabad,Fast Food,Continental,371.17,22.54,Wallet,29.9,2.2,5,Delivered
ORD104980,05-11-2025,18:07:45,C1872,Chennai,Cloud Kitchen,Chinese,397.28,28.53,Cash,12,2.4,4.8,Delivered
ORD103367,26-08-2025,15:24:00,C2112,Bangalore,Fast Food,Chinese,262.08,84.66,Wallet,57,10.3,3.8,Delivered
ORD103548,04-08-2025,20:53:00,C1756,Hyderabad,Casual Dining,Italian,813.87,23.51,UPI,29.8,3.9,4.7,Delivered
ORD101359,16-07-2025,19:16:00,C1143,Hyderabad,Cloud Kitchen,Biryani,90,51.37,UPI,45.5,4.4,4.2,Delivered
ORD101709,20-04-2025,19:38:15,C1960,Kochi,Cafe,Italian,291.83,37.51,UPI,23.7,2,4,Delivered
ORD102602,17-03-2025,18:17:00,C2074,Mumbai,Casual Dining,North Indian,545.9,53.62,UPI,47.1,6.3,3.5,Delivered
ORD103583,01-05-2025,17:43:00,C1370,Bangalore,Cafe,North Indian,252.19,93.82,UPI,67.2,15,4.3,Delivered
ORD104673,04-07-2025,20:39:30,C1902,Mumbai,Fast Food,Continental,538.01,62.52,Wallet,35.6,5.3,4.4,Delivered
ORD102432,06-10-2025,18:00:00,C1316,Chennai,Fine Dining,North Indian,752.41,68.16,UPI,42.4,9.1,3.5,Delivered
ORD100175,27-12-2025,23:38:15,C1322,Bangalore,Casual Dining,Continental,795.52,54.53,UPI,34.8,6,4.4,Delivered
ORD103096,22-12-2025,14:06:00,C1248,Mumbai,Fast Food,Biryani,398.55,62.47,UPI,48,7.8,4,Delivered
ORD104763,08-09-2025,21:38:30,C2048,Kochi,Cafe,North Indian,430.35,40.49,UPI,35.2,4.9,4.2,Delivered
ORD104773,31-10-2025,09:12:45,C1873,Mumbai,Cloud Kitchen,Chinese,252.06,41.05,Debit Card,35.6,5,4.5,Delivered
ORD103603,03-12-2025,16:33:00,C1826,Bangalore,Fast Food,Fast Food,280.51,44.66,UPI,30.2,4.4,4.9,Delivered
ORD103636,19-06-2025,11:44:45,C1877,Bangalore,Fast Food,Chinese,252.76,57.26,Credit Card,42.9,8.1,4.4,Delivered
ORD101620,12-05-2025,13:37:00,C1105,Bangalore,Casual Dining,Biryani,569.05,34.45,UPI,40.5,4.2,4.1,Delivered
ORD100111,16-04-2025,22:28:00,C1929,Bangalore,Casual Dining,Italian,380.45,37.73,Credit Card,24.1,2.4,4.7,Delivered
ORD103893,19-03-2025,09:41:00,C1828,Bangalore,Cafe,Fast Food,403.58,26.96,UPI,,2.2,4.6,Delivered
ORD103634,26-08-2025,11:52:30,C1950,Kochi,Cafe,Biryani,90,18.72,UPI,12,1.4,5,Delivered
ORD100245,03-04-2025,05:14:00,C1553,Mumbai,Cafe,Fast Food,397.67,57.01,UPI,51.2,7.3,4.5,Delivered
ORD104977,06-12-2025,14:27:00,C1899,Mumbai,Fast Food,Continental,447.61,48.14,UPI,41,3.8,4.9,Delivered
ORD102023,04-05-2025,09:33:30,C1879,Hyderabad,Fast Food,South Indian,304.71,43.09,UPI,24.4,3.7,4.8,Delivered
ORD103806,30-03-2025,17:58:30,C1370,Chennai,Cloud Kitchen,South Indian,562.51,37.81,Debit Card,34.7,3.5,4.2,Delivered
ORD104979,29-07-2025,12:01:45,C1141,Kochi,Cloud Kitchen,South Indian,229.8,24.9,UPI,38.9,2.6,4.2,Delivered
ORD103127,04-12-2025,16:56:00,C1918,Hyderabad,Casual Dining,Italian,801.75,23.26,Credit Card,29,3.9,5,Delivered
ORD102007,29-12-2025,19:11:00,C2154,Mumbai,Casual Dining,South Indian,729.06,33.68,UPI,43.5,4.1,4.5,Delivered
ORD103049,10-06-2025,08:39:45,C1398,Bangalore,Cloud Kitchen,Italian,740.02,68.6,Cash,39.6,7.5,4.4,Delivered
ORD104078,29-07-2025,21:07:00,C1107,Bangalore,Casual Dining,North Indian,547.18,80.2,UPI,62.7,12.3,3,Refunded
ORD101338,15-08-2025,21:40:15,C1419,Chennai,Fast Food,North Indian,407.79,56.78,Credit Card,34.5,5.1,4.5,Delivered
ORD102787,11-08-2025,19:48:00,C2020,Chennai,Fast Food,South Indian,184.47,55.02,Debit Card,52.7,5.4,3.7,Delivered
ORD102663,09-11-2025,18:20:45,C1006,Bangalore,Cloud Kitchen,North Indian,718.92,15.95,Cash,37.2,1.6,4.7,Delivered
ORD100433,26-02-2025,14:15:00,C1763,Hyderabad,Cloud Kitchen,Continental,537.82,24.49,Wallet,18.3,1.9,5,Delivered
ORD103605,13-05-2025,23:12:00,C1744,Chennai,Casual Dining,North Indian,477.74,52.11,Credit Card,46,7.1,4.1,Delivered
ORD100679,21-02-2025,23:27:45,C1616,Bangalore,Fine Dining,Biryani,862.03,0,Cash,32.2,0.9,4.7,Delivered
ORD100295,17-11-2025,14:11:30,C1240,Mumbai,Fine Dining,Biryani,977.48,31.75,UPI,34.2,3.6,4.4,Delivered
ORD104854,09-12-2025,14:47:30,C2134,Kochi,Casual Dining,South Indian,263.51,62.78,UPI,36.7,7.6,4.7,Delivered
ORD100219,22-07-2025,08:34:00,C1280,Mumbai,Cloud Kitchen,Fast Food,621.98,30.53,UPI,18.5,2.8,4.1,Delivered
ORD104934,26-02-2025,15:34:30,C1406,Mumbai,Fast Food,Fast Food,311.3,52.4,Debit Card,37.7,7.4,4.3,Delivered
ORD103139,04-06-2025,14:14:45,C1790,Mumbai,Fast Food,North Indian,381.08,37.69,Debit Card,26.2,1.7,4.9,Delivered
ORD104153,08-08-2025,22:52:30,C1412,Mumbai,Cafe,South Indian,421.73,48.46,UPI,,7.5,,Cancelled
ORD101017,21-10-2025,12:48:15,C2084,Mumbai,Fine Dining,Chinese,662.39,39.36,UPI,25.2,1.8,4.7,Delivered
ORD103066,01-08-2025,20:33:00,C1621,Mumbai,Fast Food,Biryani,116.54,68.9,UPI,64.9,10.8,3.7,Delivered
ORD104132,10-09-2025,19:27:00,C1086,Kochi,Cafe,North Indian,361.35,33.12,Debit Card,32,3.2,4.1,Delivered
ORD101583,29-04-2025,22:32:00,C1396,Hyderabad,Casual Dining,Continental,863.63,35.97,Cash,36.8,7.8,4.3,Delivered
ORD101578,14-10-2025,21:54:00,C1499,Mumbai,Fast Food,Chinese,471.21,58.6,Cash,45.8,6,,Delivered
ORD102778,13-01-2025,22:25:00,C1404,Kochi,Cloud Kitchen,South Indian,341.9,29.45,Cash,23.3,3.5,4.6,Delivered
ORD102883,11-12-2025,22:06:00,C1558,Mumbai,Cafe,Chinese,298.18,44.75,Credit Card,44,6.1,3.7,Delivered
ORD103651,06-09-2025,12:30:30,C1058,Mumbai,Fast Food,Biryani,208.12,37.52,Debit Card,,3.5,,Cancelled
ORD103564,16-05-2025,21:34:00,C1859,Bangalore,Fast Food,Italian,519.97,39.78,UPI,,2.7,,Cancelled
ORD103823,09-09-2025,16:05:30,C2091,Bangalore,Cafe,Chinese,259.21,23.36,UPI,33.1,2.3,4.3,Delivered
ORD102727,02-11-2025,21:05:00,C1223,Bangalore,Cloud Kitchen,North Indian,107.85,64.19,Debit Card,45.4,5.2,4.5,Delivered
ORD102312,20-07-2025,14:44:00,C1946,Chennai,Cloud Kitchen,Fast Food,319.6,46.48,Cash,27.1,7.4,4.8,Delivered
ORD100379,11-08-2025,21:07:00,C1417,Bangalore,Cloud Kitchen,Fast Food,90,13.62,UPI,29.3,1.8,5,Delivered
ORD100895,10-04-2025,22:52:30,C1153,Kochi,Fast Food,Chinese,214.4,39.38,Credit Card,40.4,4.5,4.5,Delivered
ORD103198,01-04-2025,22:51:15,C1760,Hyderabad,Casual Dining,South Indian,344.47,56.28,Debit Card,40.8,6.5,4,Delivered
ORD104778,25-10-2025,09:59:00,C2051,Hyderabad,Cloud Kitchen,Biryani,610.08,32.69,UPI,30.3,3.1,4,Delivered
ORD100871,24-09-2025,18:53:00,C1007,Kochi,Cloud Kitchen,Desserts,211.96,60.98,UPI,38.1,6.5,4.2,Delivered
ORD100963,26-01-2025,19:10:00,C1249,Bangalore,Fast Food,North Indian,203.74,28.38,UPI,33.8,1.3,4.5,Delivered
ORD100043,31-03-2025,20:11:30,C1893,Hyderabad,Casual Dining,South Indian,337.28,61.29,UPI,40.3,6.1,5,Delivered
ORD101192,05-09-2025,18:52:15,C1965,Mumbai,Cloud Kitchen,South Indian,561,16.77,Wallet,18.6,2.1,4.3,Delivered
ORD104896,02-05-2025,12:17:15,C1680,Bangalore,Fine Dining,North Indian,1059.09,35.55,UPI,40.7,4.1,4.1,Delivered
ORD103518,14-08-2025,22:57:00,C1748,Hyderabad,Cloud Kitchen,North Indian,454.67,46.32,Credit Card,39.7,7,4.6,Delivered
ORD101350,20-12-2025,17:47:45,C1176,Mumbai,Casual Dining,Fast Food,612.9,87.43,Debit Card,89.2,15,3.2,Delivered
ORD100626,07-10-2025,07:39:45,C1314,Mumbai,Fast Food,Fast Food,217.73,21.76,UPI,26.8,1.7,4.5,Delivered
ORD101379,30-06-2025,11:34:30,C1904,Bangalore,Fast Food,Continental,380.57,31.8,Credit Card,21,1.2,4.6,Delivered
ORD101746,15-05-2025,16:58:15,C1091,Hyderabad,Cafe,Continental,402.51,63.85,UPI,45,9.6,4,Delivered
ORD104291,19-05-2025,12:08:30,C2085,Chennai,Fine Dining,Fast Food,885.39,4.74,Cash,16.1,1.1,5,Delivered
ORD104333,23-12-2025,18:07:00,C1345,Mumbai,Fine Dining,Chinese,579.23,31.38,UPI,22.7,2,4.1,Delivered
ORD100742,19-08-2025,20:31:00,C2002,Chennai,Cloud Kitchen,North Indian,123.61,40.33,Credit Card,42,3.2,3.6,Delivered
ORD102880,03-12-2025,18:57:00,C1087,Mumbai,Casual Dining,Biryani,498.73,29.16,UPI,39.1,4.7,4.5,Delivered
ORD103910,26-11-2025,11:22:00,C1240,Bangalore,Cloud Kitchen,Fast Food,271.77,43.05,Debit Card,44.5,4.1,3.7,Delivered
ORD101489,06-12-2025,20:44:30,C1991,Bangalore,Casual Dining,Chinese,461.23,53.67,Wallet,33.4,2.6,4.3,Delivered
ORD101410,13-03-2025,20:42:15,C1141,Chennai,Cloud Kitchen,Desserts,403.79,68.35,UPI,50.3,8.9,4,Delivered
ORD100896,18-04-2025,13:29:00,C1670,Mumbai,Fast Food,North Indian,261.59,12.07,UPI,41.6,2.3,4.6,Delivered
ORD101855,07-08-2025,18:41:00,C1653,Bangalore,Fine Dining,Biryani,1362.78,0,UPI,31.7,0.7,4.2,Delivered
ORD100134,21-12-2025,09:44:30,C1175,Bangalore,Fast Food,Biryani,129.88,27.86,UPI,32.4,4.9,5,Delivered
ORD104259,16-10-2025,17:29:45,C2151,Mumbai,Fast Food,Biryani,280.03,32.78,UPI,25.3,2.9,4.6,Delivered
ORD102675,18-01-2025,18:53:00,C1969,Hyderabad,Casual Dining,Fast Food,577.74,37.93,UPI,29.4,2.5,4.8,Delivered
ORD103504,19-02-2025,18:49:45,C1082,Chennai,Cloud Kitchen,Chinese,707.37,62.95,Credit Card,42.5,7.1,4,Delivered
ORD100531,12-06-2025,19:31:00,C1233,Mumbai,Cafe,North Indian,319.54,46.97,Debit Card,43.9,5.6,3.6,Refunded
ORD101442,15-09-2025,14:29:00,C2074,Chennai,Casual Dining,Desserts,270.47,28.87,UPI,17.3,1.2,4.6,Delivered
ORD101816,09-07-2025,13:05:15,C1678,Chennai,Fast Food,Chinese,354.23,29.77,UPI,24,1.7,4.9,Delivered
ORD104136,19-06-2025,11:22:00,C2146,Hyderabad,Fine Dining,Continental,769.31,39.75,UPI,27.5,2.1,5,Delivered
ORD104821,21-01-2025,12:36:00,C1965,Kochi,Cloud Kitchen,Fast Food,173.21,32,UPI,32.2,3,4.3,Delivered
ORD101944,21-11-2025,22:10:45,C1730,Kochi,Fast Food,North Indian,233.87,48.74,Credit Card,25.7,5.6,5,Delivered
ORD100713,02-12-2025,22:44:30,C2069,Chennai,Cafe,North Indian,239.2,34.82,UPI,23.6,2.2,4.8,Delivered
ORD104492,24-06-2025,13:08:15,C1648,Chennai,Cloud Kitchen,Fast Food,314.73,26.52,UPI,24.7,1.3,4.1,Delivered
ORD103383,30-01-2025,18:00:00,C2149,Kochi,Cafe,Fast Food,205.13,33.14,Credit Card,25.2,3.3,4.3,Delivered
ORD104790,11-10-2025,06:20:00,C1611,Bangalore,Fine Dining,Continental,1680.44,24.95,UPI,44.1,9.6,3.9,Delivered
ORD100876,30-07-2025,09:14:45,C1574,Bangalore,Cloud Kitchen,Chinese,578.67,18.01,Credit Card,22.9,1.3,4.4,Delivered
ORD100546,10-12-2025,21:43:15,C1651,Mumbai,Fast Food,South Indian,128.51,36.67,Credit Card,30.5,2.7,4.5,Delivered
ORD103735,27-12-2025,15:12:00,C2171,Mumbai,Fast Food,Fast Food,246.29,60.07,Debit Card,,6.5,,Cancelled
ORD101922,12-08-2025,08:20:45,C1793,Kochi,Fine Dining,Biryani,719.86,62.59,Cash,33.9,8,4.3,Refunded
ORD102382,11-12-2025,19:14:00,C1797,Hyderabad,Fast Food,Biryani,276.58,52.58,UPI,51.8,4.8,4,Delivered
ORD100276,30-12-2025,11:11:00,C2026,Kochi,Cafe,Biryani,329.24,32.96,UPI,21.6,2.9,,Delivered
ORD103318,18-11-2025,13:52:15,C1430,Mumbai,Casual Dining,North Indian,570.57,36.29,UPI,41,3.1,4.2,Delivered
ORD103497,20-08-2025,05:43:00,C1792,Chennai,Cloud Kitchen,Chinese,638.51,28.39,Wallet,21.4,1.8,4.8,Delivered
ORD100344,26-10-2025,20:12:00,C1172,Hyderabad,Casual Dining,Biryani,185.33,19.24,UPI,38.2,2.2,4.2,Delivered
ORD101024,17-12-2025,12:00:15,C1646,Bangalore,Cafe,North Indian,520.88,35.52,UPI,35.5,1.9,4.9,Delivered
ORD102714,26-01-2025,16:39:00,C1005,Kochi,Fast Food,South Indian,203.74,42.07,UPI,24.7,3.6,4.4,Delivered
ORD100103,21-05-2025,22:24:15,C1707,Kochi,Cloud Kitchen,North Indian,424.06,45.13,UPI,27.1,3.2,5,Delivered
ORD103515,28-08-2025,18:36:00,C1191,Chennai,Cloud Kitchen,Italian,493.64,23.2,Cash,14.3,2.7,5,Delivered
ORD102679,31-10-2025,13:47:30,C1900,Bangalore,Casual Dining,Fast Food,718.5,12.65,Debit Card,31.7,2.8,4.3,Delivered
ORD102443,04-06-2025,19:25:30,C1484,Mumbai,Casual Dining,South Indian,373.59,47.83,Debit Card,41.9,5.1,4.2,Delivered
ORD101061,24-07-2025,18:38:15,C1265,Bangalore,Cafe,South Indian,359.03,51,UPI,,2,,Cancelled
ORD100929,22-07-2025,21:40:00,C1134,Bangalore,Cafe,Biryani,236.73,48.17,Cash,44.7,4.8,4.3,Delivered
ORD100818,13-05-2025,13:26:00,C1874,Bangalore,Fast Food,South Indian,498.58,53.03,Wallet,49.2,4.7,3.6,Delivered
ORD102406,07-07-2025,14:28:00,C1641,Bangalore,Casual Dining,Continental,550.78,27.59,Cash,34.7,2.8,4.6,Delivered
ORD104211,11-05-2025,11:42:00,C1231,Mumbai,Cloud Kitchen,Chinese,231.91,26.7,UPI,34.6,1.9,4.9,Delivered
ORD104103,05-04-2025,21:22:00,C1109,Chennai,Casual Dining,Italian,415.88,58.99,UPI,60,7.5,4.1,Delivered
ORD103547,31-08-2025,18:22:00,C1471,Mumbai,Cloud Kitchen,Biryani,363,63.08,UPI,47.3,8.9,4.2,Delivered
ORD102447,20-06-2025,23:26:15,C1640,Hyderabad,Casual Dining,South Indian,163.65,30.9,Credit Card,25.8,2.1,5,Delivered
ORD104179,14-09-2025,05:00:00,C1319,Chennai,Cloud Kitchen,Italian,502.31,64.11,UPI,53.1,7.5,3.3,Delivered
ORD101170,01-11-2025,11:36:00,C1918,Chennai,Cloud Kitchen,South Indian,268.36,27.67,UPI,12,1.4,5,Delivered
ORD102844,15-06-2025,11:12:00,C1690,Kochi,Cafe,Fast Food,90,30.96,UPI,34.7,5.2,4,Delivered
ORD104838,21-07-2025,07:03:00,C1076,Bangalore,Cafe,South Indian,456.49,35.42,Cash,32.1,2.4,4.9,Delivered
ORD104775,20-04-2025,17:47:45,C1449,Bangalore,Cafe,South Indian,276.49,64.24,Debit Card,,7.3,,Cancelled
ORD100320,09-09-2025,17:49:00,C2107,Bangalore,Casual Dining,Biryani,444.83,48.88,Cash,52.9,4.6,4.4,Delivered
ORD103939,03-06-2025,18:55:15,C1376,Bangalore,Cloud Kitchen,Desserts,196.81,42.43,UPI,24.6,4.2,4.6,Delivered
ORD102926,04-06-2025,20:03:00,C1809,Kochi,Cafe,Chinese,169.86,34.14,Wallet,26.1,3.2,4.7,Delivered
ORD100121,09-09-2025,20:10:00,C2120,Hyderabad,Cloud Kitchen,Italian,686.91,21.49,Debit Card,27.3,1.1,4.4,Delivered
ORD104900,17-05-2025,18:46:30,C1747,Mumbai,Fine Dining,North Indian,1776.68,6.43,UPI,29.3,2.8,5,Delivered
ORD100370,14-04-2025,13:50:00,C2128,Bangalore,Cloud Kitchen,Continental,628.1,41.72,Credit Card,37.3,5.3,4.8,Delivered
ORD103971,20-05-2025,22:25:00,C1726,Bangalore,Casual Dining,Continental,814,30.65,Cash,12,2.1,5,Delivered
ORD103909,12-12-2025,09:10:00,C1644,Mumbai,Casual Dining,Biryani,145.72,66.37,UPI,58.1,10.1,4.3,Delivered
ORD100967,14-02-2025,19:18:00,C1916,Hyderabad,Fast Food,Biryani,263.59,59.8,Wallet,51.7,8,3.5,Delivered
ORD103360,02-03-2025,18:46:00,C1636,Bangalore,Fine Dining,Chinese,1465.8,9.69,Debit Card,41.4,5.3,4.3,Delivered
ORD102492,25-03-2025,19:27:00,C1299,Bangalore,Cloud Kitchen,Biryani,304.35,73.38,Credit Card,51.5,7,4.2,Delivered
ORD104067,13-04-2025,17:58:00,C1985,Bangalore,Cafe,Chinese,468.96,66.4,UPI,44.9,9,4,Delivered
ORD100511,23-01-2025,14:09:00,C1460,Bangalore,Casual Dining,South Indian,549.99,84.67,Debit Card,62,12.3,3.8,Delivered
ORD103199,23-10-2025,17:42:30,C1044,Chennai,Cafe,Biryani,408.06,34.68,UPI,17,2.4,4.6,Delivered
ORD101340,23-12-2025,11:13:00,C1532,Chennai,Cafe,Biryani,334.33,21.6,Cash,22.5,2.3,5,Delivered
ORD103147,14-08-2025,18:39:00,C1548,Bangalore,Casual Dining,Italian,527.79,32.89,UPI,,2.5,,Cancelled
ORD102444,09-06-2025,19:24:00,C1898,Chennai,Fast Food,South Indian,368.32,24.89,Wallet,12,1.6,4.9,Delivered
ORD102636,17-10-2025,11:22:00,C1635,Mumbai,Cloud Kitchen,South Indian,90,23.38,UPI,22.9,1.9,4.8,Delivered
ORD104161,23-04-2025,22:55:00,C1492,Hyderabad,Casual Dining,South Indian,264.56,25.69,Cash,17.1,2.2,4.9,Delivered
ORD100421,17-11-2025,19:31:00,C1076,Bangalore,Cloud Kitchen,Biryani,533.76,59.43,UPI,49.4,9.4,4.1,Delivered
ORD102835,13-04-2025,14:31:00,C1093,Kochi,Cafe,Continental,536.31,40.2,Cash,29.3,5,4.5,Delivered
ORD100068,20-05-2025,20:27:00,C1581,Hyderabad,Cafe,Italian,416.75,17.98,UPI,30.1,2.3,4.8,Delivered
ORD101079,23-01-2025,13:27:30,C1821,Mumbai,Casual Dining,North Indian,471.62,46.72,UPI,44.1,3.8,4.9,Delivered
ORD102936,14-09-2025,21:42:15,C1177,Kochi,Casual Dining,Biryani,328.58,98.14,UPI,70.4,14.9,4,Delivered
ORD104555,07-11-2025,17:26:00,C1447,Chennai,Fine Dining,Desserts,306.22,36.72,Debit Card,20.6,3.1,4.8,Delivered
ORD100836,02-01-2025,10:36:00,C1003,Hyderabad,Fast Food,Biryani,310.14,60.21,Debit Card,42.5,6.5,3.9,Delivered
ORD102271,11-12-2025,11:17:00,C1431,Bangalore,Fast Food,Italian,345.79,42.96,Debit Card,31.1,6,4.3,Delivered
ORD101502,20-04-2025,17:01:45,C1693,Bangalore,Fast Food,Fast Food,334.06,43.45,Debit Card,37.8,5.2,4.5,Delivered
ORD101190,08-07-2025,18:33:00,C2060,Mumbai,Cafe,Desserts,397.29,61.33,UPI,39.5,6.5,4.4,Delivered
ORD103435,05-03-2025,09:47:30,C1656,Kochi,Fast Food,North Indian,340.8,10.97,UPI,14.3,1.2,4.5,Delivered
ORD103674,03-10-2025,23:46:45,C2144,Chennai,Casual Dining,Biryani,520.74,42.37,Debit Card,,6.3,,Cancelled
ORD100385,28-03-2025,22:57:45,C2200,Bangalore,Cloud Kitchen,South Indian,314.92,47.26,Cash,35.7,4.3,4.4,Delivered
ORD100698,13-10-2025,20:47:15,C1714,Mumbai,Fast Food,Chinese,361.16,41.52,UPI,36.1,4.6,5,Delivered
ORD102349,25-05-2025,22:35:00,C1889,Mumbai,Cloud Kitchen,Biryani,751.75,35.89,Cash,27.9,2.5,4.3,Delivered
ORD101383,17-06-2025,18:51:45,C1568,Chennai,Cloud Kitchen,Continental,642.31,62.9,UPI,51.2,8.1,3.7,Delivered
ORD104163,26-11-2025,12:48:00,C2119,Kochi,Cafe,Biryani,287.65,49.98,UPI,51.2,6.7,4,Delivered
ORD102465,06-09-2025,15:43:30,C1436,Chennai,Fast Food,Italian,477.95,77.32,UPI,51,10.9,4.2,Delivered
ORD103642,30-10-2025,09:45:00,C2189,Bangalore,Casual Dining,North Indian,546.24,55.37,Wallet,38.2,4.5,4.1,Delivered
ORD100125,18-02-2025,19:13:45,C2161,Chennai,Fast Food,South Indian,326.58,41.49,Wallet,46.4,4.9,4.1,Delivered
ORD104355,28-04-2025,01:10:00,C1852,Mumbai,Fast Food,South Indian,337.28,79.61,Credit Card,69,11.8,4,Delivered
ORD102050,19-04-2025,20:17:45,C1521,Mumbai,Fast Food,South Indian,183.38,46.82,UPI,,6.4,,Cancelled
ORD101484,09-07-2025,20:18:45,C1810,Bangalore,Cafe,Fast Food,416.63,27.84,UPI,43.1,3.1,4.1,Delivered
ORD100809,18-09-2025,21:26:00,C1634,Hyderabad,Fast Food,Chinese,483.14,49.29,Debit Card,34.2,1.3,4.9,Delivered
ORD102237,16-06-2025,12:55:15,C1973,Mumbai,Cafe,South Indian,503.17,31.43,Credit Card,27.6,1.4,4.8,Delivered
ORD103935,05-10-2025,11:03:00,C1701,Mumbai,Cloud Kitchen,Chinese,430.83,35.88,UPI,29.5,2.2,4.6,Delivered
ORD103873,14-07-2025,11:25:00,C1690,Hyderabad,Cloud Kitchen,North Indian,386.03,27.72,UPI,,1,,Cancelled
ORD104616,11-11-2025,13:11:45,C1978,Chennai,Cafe,Biryani,432.3,7.74,Credit Card,24.2,0.8,5,Delivered
ORD102021,16-08-2025,22:14:15,C1741,Chennai,Fast Food,Biryani,200.85,48.86,Credit Card,35,3.2,4,Delivered
ORD104709,18-12-2025,19:09:30,C2194,Chennai,Fast Food,North Indian,408.02,31.52,UPI,41.7,3.7,4.7,Delivered
ORD104379,15-03-2025,11:02:30,C1547,Hyderabad,Casual Dining,Biryani,588.79,34.33,Cash,32.4,4.2,4.3,Delivered
ORD102511,08-10-2025,18:47:30,C1878,Hyderabad,Fast Food,Fast Food,349.27,20.57,UPI,15.3,1.1,4.4,Delivered
ORD102596,25-01-2025,15:28:00,C1766,Bangalore,Cafe,Continental,486.28,35.17,Wallet,34,3.1,4.8,Delivered
ORD103296,11-05-2025,08:19:00,C2122,Hyderabad,Casual Dining,Biryani,406.19,52.32,Credit Card,38.4,6.1,4,Delivered
ORD101455,15-04-2025,13:04:30,C1385,Bangalore,Casual Dining,Chinese,584.82,31.19,UPI,,3.6,,Cancelled
ORD103854,14-11-2025,16:09:15,C1387,Hyderabad,Fast Food,Biryani,279.67,45.37,Credit Card,27.8,3.6,4.2,Delivered
ORD101734,14-09-2025,21:16:00,C1816,Chennai,Cafe,Biryani,268.19,36.36,Debit Card,38.3,3.2,4.4,Delivered
ORD103275,06-12-2025,19:07:30,C2066,Hyderabad,Cloud Kitchen,North Indian,528.7,22.8,Wallet,41.1,3.6,4.1,Delivered
ORD101794,22-06-2025,16:51:00,C1252,Chennai,Cafe,Continental,297.48,57.88,UPI,30.7,6.6,4.4,Delivered
ORD104264,09-07-2025,21:11:15,C1425,Chennai,Fine Dining,Fast Food,905.45,0.31,Cash,17.8,1.2,4.1,Delivered
ORD100151,11-10-2025,20:49:45,C1055,Mumbai,Cafe,North Indian,572.24,62.75,Credit Card,59.9,7.4,3.7,Delivered
ORD104882,03-07-2025,14:22:45,C1727,Mumbai,Cloud Kitchen,South Indian,416.9,60.2,Cash,34.1,5.9,4.2,Delivered
ORD101224,15-07-2025,17:13:00,C1485,Chennai,Casual Dining,North Indian,928.86,27.26,Wallet,36.8,4,4.1,Delivered
ORD101407,10-12-2025,18:11:00,C1940,Bangalore,Casual Dining,Fast Food,337.3,21.58,Cash,28.8,1.5,4.5,Delivered
ORD104090,31-10-2025,11:56:30,C1618,Chennai,Casual Dining,Chinese,90,41.3,UPI,30.8,4.8,4.5,Delivered
ORD102649,13-06-2025,23:34:45,C1108,Mumbai,Fine Dining,Italian,759.17,49.45,UPI,38.9,6.6,3.9,Delivered
ORD102594,25-03-2025,21:30:00,C2090,Chennai,Casual Dining,Desserts,422.13,65.21,UPI,44.9,7.7,4.2,Delivered
ORD104313,30-08-2025,13:05:00,C2050,Chennai,Fast Food,South Indian,360.91,34.11,Debit Card,20.4,2,5,Delivered
ORD101697,21-04-2025,20:29:00,C1840,Chennai,Fine Dining,Biryani,1331.16,47.88,UPI,34.3,6.9,4.6,Delivered
ORD104715,22-09-2025,20:03:00,C1839,Kochi,Casual Dining,North Indian,271.88,54.9,Credit Card,,7.2,,Cancelled
ORD101096,07-01-2025,19:08:45,C1809,Bangalore,Fine Dining,South Indian,235.93,20.81,UPI,32.8,0.8,,Delivered
ORD101700,27-05-2025,13:25:00,C1905,Bangalore,Casual Dining,Chinese,298.22,45.49,UPI,32.1,4.4,4.6,Delivered
ORD104925,08-06-2025,15:03:00,C1771,Hyderabad,Cloud Kitchen,Fast Food,90,59.6,Cash,39.7,4.3,4.4,Delivered
ORD103306,18-02-2025,22:49:15,C1023,Mumbai,Casual Dining,Chinese,545.21,37.25,UPI,24.1,2.8,5,Delivered
ORD100547,11-01-2025,22:00:15,C1583,Bangalore,Cloud Kitchen,South Indian,267.43,43.44,Credit Card,32.3,4,4.8,Delivered
ORD100226,21-01-2025,18:16:00,C1480,Bangalore,Fast Food,Desserts,293.63,38.64,UPI,29.2,3.9,4.3,Delivered
ORD101031,28-06-2025,16:36:45,C1935,Mumbai,Casual Dining,South Indian,484.27,25.16,UPI,28.9,2.9,5,Delivered
ORD101889,10-07-2025,22:19:00,C2042,Kochi,Fast Food,North Indian,295.88,39.49,UPI,29.6,3.2,4.3,Delivered
ORD104917,24-09-2025,18:07:00,C1041,Hyderabad,Casual Dining,Desserts,330.95,40.55,UPI,28.5,3.5,5,Delivered
ORD100001,24-11-2025,19:14:00,C1210,Hyderabad,Cloud Kitchen,South Indian,460.54,32.88,UPI,26.7,2.4,4.4,Delivered
ORD102822,27-06-2025,07:47:00,C1161,Bangalore,Cafe,North Indian,309.43,55.86,Debit Card,,8.3,,Cancelled
ORD101641,22-12-2025,11:56:00,C1320,Bangalore,Cloud Kitchen,North Indian,702.38,41.85,UPI,,4.2,,Cancelled
ORD102607,09-09-2025,13:38:45,C1351,Mumbai,Fast Food,Continental,405.27,34.76,UPI,28.9,1.8,4.6,Delivered
ORD103004,25-07-2025,12:35:30,C1734,Bangalore,Cafe,North Indian,498.89,35.2,Credit Card,45.8,4.5,4.2,Delivered
ORD101754,03-04-2025,19:07:30,C1436,Mumbai,Casual Dining,Fast Food,533.89,66.64,Credit Card,55.6,8.4,3.5,Delivered
ORD103846,03-10-2025,12:09:00,C2075,Bangalore,Cloud Kitchen,South Indian,404.5,27.51,Wallet,32,2.2,4.8,Delivered
ORD103146,17-03-2025,18:43:30,C2061,Mumbai,Cloud Kitchen,Chinese,591.66,15.04,UPI,12,1.9,4.8,Delivered
ORD102561,16-01-2025,05:44:00,C1861,Hyderabad,Fast Food,Biryani,340.96,48,UPI,37.1,3.2,4.9,Delivered
ORD104799,15-04-2025,13:58:00,C1559,Hyderabad,Cloud Kitchen,Chinese,592,43.44,UPI,34.8,3.1,4.9,Delivered
ORD103182,18-03-2025,16:29:00,C2077,Hyderabad,Cloud Kitchen,Desserts,363.74,27.9,Wallet,17.2,1.3,4.9,Delivered
ORD104220,28-08-2025,22:53:00,C1139,Hyderabad,Fast Food,Desserts,267.96,58.8,Credit Card,45.8,7.6,4.2,Delivered
ORD100548,10-02-2025,11:25:00,C1931,Hyderabad,Cafe,Desserts,275.5,24.11,Cash,,1.6,,Cancelled
ORD104725,13-04-2025,21:46:00,C1218,Hyderabad,Cloud Kitchen,Chinese,561.66,40.77,UPI,32.6,2.4,4.6,Delivered
ORD104016,14-09-2025,14:56:00,C1740,Chennai,Fast Food,Desserts,136.34,33.34,UPI,32.2,1.8,4.5,Delivered
ORD103287,05-02-2025,20:04:00,C1318,Chennai,Cafe,North Indian,198.05,34.62,Debit Card,34.1,4,4.2,Delivered
ORD102307,12-10-2025,19:45:15,C1588,Hyderabad,Cloud Kitchen,Fast Food,367.55,54,UPI,49.7,6.2,4,Delivered
ORD101450,12-06-2025,21:50:00,C1823,Chennai,Casual Dining,North Indian,374.69,47.03,Credit Card,46.5,4.4,4.2,Delivered
ORD102010,07-06-2025,14:19:45,C1781,Bangalore,Cloud Kitchen,South Indian,579.18,60.88,Debit Card,41.1,4.8,4,Delivered
ORD102276,09-06-2025,12:34:45,C1546,Chennai,Casual Dining,South Indian,412.68,36.79,Credit Card,,3.9,4.3,Delivered
ORD104378,24-01-2025,16:18:30,C1168,Hyderabad,Cafe,Chinese,239.93,37,UPI,12,1.9,4.4,Delivered
ORD100253,03-06-2025,16:38:00,C1015,Hyderabad,Fast Food,Desserts,241.8,49.02,Credit Card,46.5,6.8,4.4,Delivered
ORD100016,01-12-2025,22:19:45,C1213,Kochi,Fast Food,South Indian,239.02,28.21,UPI,20.1,2.7,4.6,Delivered
ORD100509,21-02-2025,11:38:00,C1774,Chennai,Fast Food,South Indian,227.1,47.78,Cash,,1.8,,Cancelled
ORD103206,25-08-2025,12:45:00,C1081,Mumbai,Cloud Kitchen,Italian,660.92,33.54,UPI,40.9,2,4,Delivered
ORD104777,18-09-2025,12:22:00,C2071,Kochi,Casual Dining,Continental,556.11,44.04,UPI,41.2,4.6,4.1,Delivered
ORD104361,29-04-2025,19:03:30,C1897,Hyderabad,Casual Dining,South Indian,452.93,67.99,UPI,60.2,10.5,4.3,Delivered
ORD103633,06-09-2025,22:47:45,C2115,Bangalore,Fine Dining,South Indian,980.66,20.56,UPI,23.3,3.4,5,Delivered
ORD100589,20-01-2025,17:16:45,C1026,Bangalore,Cafe,North Indian,90,44.35,UPI,20.1,4,4.8,Delivered
ORD102001,24-12-2025,20:42:00,C1946,Hyderabad,Fine Dining,Fast Food,855.8,24.12,Credit Card,31.3,2.5,4.2,Delivered
ORD104082,22-08-2025,21:12:45,C1232,Mumbai,Fine Dining,South Indian,600.22,31.26,UPI,38.2,1.5,4.5,Delivered
ORD100948,15-08-2025,22:28:00,C1654,Kochi,Fast Food,Italian,331.08,40.63,Credit Card,20.2,2.5,4.9,Delivered
ORD102779,15-02-2025,16:29:45,C1910,Mumbai,Cafe,Chinese,288.9,52.39,Credit Card,39.1,6.6,4.2,Delivered
ORD104200,04-08-2025,09:19:15,C1858,Kochi,Cafe,Continental,184.79,61.3,Credit Card,36.2,6.3,4.7,Delivered
ORD104633,25-12-2025,17:59:30,C2020,Mumbai,Cafe,Fast Food,485.71,25.06,UPI,33.3,2.1,4.6,Delivered
ORD100047,01-08-2025,20:52:00,C1580,Mumbai,Cloud Kitchen,Italian,374.9,51.29,Debit Card,28.3,3.9,5,Delivered
ORD100309,27-02-2025,23:09:45,C2079,Kochi,Cloud Kitchen,Fast Food,402.98,39.71,Credit Card,20.8,4.1,4.3,Delivered
ORD102743,25-01-2025,20:22:45,C1429,Bangalore,Fine Dining,North Indian,641.97,53.44,UPI,49.4,7.5,4.1,Delivered
ORD101740,29-01-2025,13:58:45,C1467,Chennai,Fine Dining,,1057.47,43.72,UPI,40.5,5.4,4.5,Delivered
ORD102897,28-07-2025,18:01:00,C1138,Hyderabad,Casual Dining,Fast Food,883.5,19.86,Wallet,36.9,4.3,4.1,Delivered
ORD101462,20-03-2025,11:59:30,C1211,Bangalore,Cloud Kitchen,Desserts,601.83,38.84,Cash,38.5,3.4,3.5,Refunded
ORD101567,23-04-2025,12:48:00,C2057,Bangalore,Cloud Kitchen,Continental,702.43,18.15,Credit Card,28.3,0.8,4.9,Delivered
ORD101977,09-09-2025,18:24:00,C1019,Chennai,Cloud Kitchen,North Indian,398.74,31.98,UPI,22.9,1.6,4.7,Delivered
ORD103216,14-03-2025,20:14:30,C1630,Bangalore,Cloud Kitchen,Desserts,90,40.85,Debit Card,34,1.6,4.7,Delivered
ORD102235,02-07-2025,11:41:00,C1057,Mumbai,Cloud Kitchen,Italian,324.63,41.32,Cash,34,3.4,4.4,Refunded
ORD103794,13-12-2025,20:59:15,C1852,Bangalore,Casual Dining,Italian,473.81,58.19,UPI,,7.7,,Cancelled
ORD103377,30-04-2025,15:50:30,C2051,Mumbai,Cloud Kitchen,Fast Food,312.45,46.23,UPI,30.4,5.2,4.9,Delivered
ORD102950,18-05-2025,22:51:30,C1326,Mumbai,Fast Food,Fast Food,296,44.19,Wallet,37.9,4.7,5,Delivered
ORD103704,01-07-2025,22:37:00,C2085,Hyderabad,Cloud Kitchen,North Indian,548.53,39.4,UPI,36.3,5.4,,Delivered
ORD103731,07-06-2025,14:00:30,C1312,Bangalore,Casual Dining,Chinese,669.07,21.33,Cash,35.5,2.4,4.4,Delivered
ORD103908,15-03-2025,00:31:45,C1096,Bangalore,Cloud Kitchen,North Indian,509.93,38.94,UPI,33.4,3.9,4.4,Delivered
ORD101328,01-06-2025,16:55:00,C1662,Mumbai,Cloud Kitchen,Italian,530.9,38.82,Debit Card,28,1.9,4.4,Delivered
ORD104391,13-10-2025,15:05:00,C1839,Kochi,Cloud Kitchen,Continental,401.96,40.05,UPI,26.2,3.3,4.9,Delivered
ORD102766,25-11-2025,11:31:00,C2016,Kochi,Cafe,South Indian,304.06,46.69,Debit Card,28,4.2,,Delivered
ORD102845,22-03-2025,19:05:00,C1620,Kochi,Fast Food,Desserts,163.72,58.11,Debit Card,43.5,5.7,4.1,Refunded
ORD100640,07-01-2025,14:43:15,C1024,Hyderabad,Cloud Kitchen,Chinese,210.32,24.27,Cash,19.3,2.6,4.8,Delivered
ORD103141,19-10-2025,21:40:15,C1711,Hyderabad,Fast Food,Biryani,348.78,29.88,Credit Card,22.8,1.8,4.9,Delivered
ORD103992,02-03-2025,13:33:00,C1716,Mumbai,Fast Food,Chinese,272.89,31.4,UPI,33.8,2.4,4.7,Delivered
ORD103509,04-04-2025,14:59:00,C2107,Mumbai,Fine Dining,South Indian,1211.59,23.59,UPI,47.4,7.4,4.3,Delivered
ORD101610,23-02-2025,19:36:15,C1811,Mumbai,Fast Food,Desserts,182.89,50.32,Credit Card,33.6,4,4.2,Delivered
ORD104621,31-12-2025,22:22:00,C2103,Bangalore,Cloud Kitchen,Chinese,238.52,40.63,Debit Card,31.9,4.5,4.4,Delivered
ORD100945,26-01-2025,22:43:00,C1120,Mumbai,Cloud Kitchen,Continental,313.66,34.54,UPI,,1.7,,Cancelled
ORD104929,29-12-2025,05:48:15,C2050,Mumbai,Fine Dining,Chinese,1403.1,3.34,Cash,,3.1,,Cancelled
ORD103021,14-10-2025,21:32:30,C2083,Bangalore,Fast Food,Biryani,277.6,33.47,UPI,37.4,3.1,4.6,Delivered
ORD103420,11-05-2025,13:55:00,C1531,Bangalore,Fast Food,Chinese,323.34,30.41,UPI,36.9,3,3.7,Delivered
ORD100515,27-09-2025,19:44:00,C1482,Chennai,Fast Food,Fast Food,314.46,25,UPI,37.2,1.8,4,Delivered
ORD100403,05-12-2025,03:25:45,C2134,Mumbai,Fine Dining,North Indian,579.86,16.36,UPI,18.5,1.9,4.4,Delivered
ORD103546,03-03-2025,14:04:00,C2160,Chennai,Fast Food,Continental,363.73,38.23,Credit Card,27.2,2,5,Delivered
ORD101892,16-01-2025,11:17:45,C1798,Chennai,Casual Dining,South Indian,488.17,27.59,Credit Card,28.1,1.5,5,Delivered
ORD101230,22-09-2025,11:25:00,C1086,Chennai,Fast Food,Fast Food,177.23,36.24,UPI,35,4.6,4.1,Delivered
ORD104398,01-10-2025,20:23:00,C1739,Hyderabad,Fast Food,Chinese,279.78,29.35,UPI,44.8,3.6,4.8,Delivered
ORD104770,09-06-2025,14:13:15,C1746,Bangalore,Casual Dining,Continental,694.86,36.66,UPI,25.9,2.5,4.6,Delivered
ORD101807,17-12-2025,16:45:00,C1756,Bangalore,Fast Food,South Indian,157.48,30.42,Credit Card,26.2,4.5,5,Delivered
ORD103852,12-05-2025,23:58:45,C1654,Hyderabad,Fast Food,North Indian,200.61,40.55,Wallet,43.2,5.8,4.6,Delivered
ORD102751,14-03-2025,21:13:30,C2143,Hyderabad,Fast Food,South Indian,90,46.18,UPI,43.5,4.7,4.1,Delivered
ORD102664,05-07-2025,17:13:00,C1596,Chennai,Fine Dining,South Indian,816.41,12.84,UPI,13.6,0.9,4.7,Delivered
ORD103078,14-06-2025,14:03:00,C1706,Mumbai,Cloud Kitchen,South Indian,494,47.18,UPI,27.3,4.9,4.9,Delivered
ORD103167,19-03-2025,15:53:00,C1953,Bangalore,Fast Food,North Indian,293.93,38.38,Debit Card,36.1,2.4,4.9,Delivered
ORD100441,01-07-2025,17:48:15,C2102,Bangalore,Cafe,Italian,521.55,39.11,UPI,30.1,4.9,4.8,Delivered
ORD102236,29-05-2025,19:46:15,C1732,Kochi,Cafe,Desserts,121.01,42.98,UPI,33,4.3,4.9,Delivered
ORD103508,29-10-2025,19:31:00,C1057,Chennai,Casual Dining,Continental,615.47,36.2,UPI,46.3,4.4,3.9,Delivered
ORD103339,30-08-2025,11:02:30,C1378,Kochi,Casual Dining,Fast Food,500.77,36.98,Cash,17.4,1,4.7,Delivered
ORD103122,23-06-2025,12:18:30,C1952,Chennai,Fine Dining,Biryani,647.44,12.19,UPI,32.7,1.4,4.4,Delivered
ORD100073,09-02-2025,00:39:30,C2039,Chennai,Cafe,Continental,130.29,30.83,Cash,15.1,2.2,4.9,Delivered
ORD100172,10-11-2025,21:09:00,C1160,Bangalore,Cloud Kitchen,South Indian,483.79,47.81,Cash,47.3,6.7,4.4,Delivered
ORD100826,09-10-2025,18:51:45,C2125,Kochi,Cloud Kitchen,Italian,601.31,25.09,Cash,21.3,1.6,4.7,Delivered
ORD104404,24-05-2025,19:50:00,C1214,Bangalore,Casual Dining,Chinese,556.21,62.8,Wallet,47.8,7.2,3.9,Delivered
ORD103319,26-03-2025,05:33:00,C1720,Kochi,Cafe,Desserts,140.27,35.42,Credit Card,35.2,3.7,4.6,Delivered
ORD103490,14-10-2025,17:15:15,C2170,Mumbai,Casual Dining,South Indian,738.21,65.14,Debit Card,46.5,8.5,4.3,Delivered
ORD102851,10-04-2025,19:13:00,C1272,Hyderabad,Cloud Kitchen,Biryani,328.44,30.45,Wallet,37.6,1.8,4.3,Delivered
ORD102293,26-03-2025,07:25:00,C1474,Bangalore,Cafe,Biryani,276.07,54.26,Wallet,33.8,4.2,5,Delivered
ORD103879,30-03-2025,11:09:00,C2056,Hyderabad,Cloud Kitchen,North Indian,723.75,25.08,UPI,23.7,1.4,4.7,Delivered
ORD103621,12-04-2025,13:50:00,C2094,Bangalore,Cafe,North Indian,357.04,30,Cash,32,2.7,5,Delivered
ORD103614,07-12-2025,21:20:00,C1818,Chennai,Fast Food,Chinese,335.48,41.61,Cash,32.8,4.1,4.1,Delivered
ORD104330,27-02-2025,19:07:00,C1365,Bangalore,Fine Dining,North Indian,1054.14,29.13,UPI,37.6,4.4,4.6,Delivered
ORD101158,27-09-2025,21:13:15,C1267,Chennai,Fast Food,South Indian,265.15,14.33,UPI,,1.9,,Cancelled
ORD103128,06-12-2025,14:42:00,C2033,Mumbai,Casual Dining,South Indian,430.88,59.18,UPI,34.8,4.9,4.7,Delivered
ORD102944,01-09-2025,22:15:00,C1958,Mumbai,Fine Dining,Desserts,657.05,46.23,Debit Card,34.6,4.8,5,Delivered
ORD101978,23-01-2025,11:11:15,C1339,Hyderabad,Cloud Kitchen,Italian,704.09,55.57,Cash,,4.4,,Cancelled
ORD101957,27-02-2025,03:50:45,C2100,Chennai,Fast Food,,277.6,35.87,UPI,12.7,2.2,4.9,Delivered
ORD102126,09-09-2025,14:27:00,C1435,Chennai,Cloud Kitchen,Biryani,343.06,81.52,Wallet,48.2,9.7,4.3,Delivered
ORD104309,01-11-2025,17:47:45,C2184,Bangalore,Fast Food,North Indian,264.86,59.99,UPI,50.8,7.8,4.3,Delivered
ORD101469,23-04-2025,22:59:30,C1907,Mumbai,Casual Dining,Chinese,590.78,58.79,Wallet,,5.5,,Cancelled
ORD101644,08-08-2025,22:29:30,C2110,Hyderabad,Cloud Kitchen,North Indian,530.43,79.77,UPI,70.9,12.2,3.5,Delivered
ORD100327,30-07-2025,11:38:00,C2024,Hyderabad,Fast Food,Fast Food,498.25,42.15,UPI,23.5,4.8,4.3,Delivered
ORD101751,08-03-2025,19:31:30,C1523,Bangalore,Casual Dining,Desserts,506.25,32.38,Credit Card,40.2,2.8,4.5,Delivered
ORD103569,17-01-2025,22:05:45,C1128,Bangalore,Casual Dining,Biryani,814.59,28.15,Credit Card,27.7,3.3,4.4,Delivered
ORD101147,05-01-2025,17:33:00,C1321,Bangalore,Fast Food,Biryani,203.47,30.27,UPI,30.4,2.4,4.6,Delivered
ORD101909,03-10-2025,18:44:00,C1064,Bangalore,Cloud Kitchen,South Indian,438.4,58.39,Wallet,33.1,5.7,5,Delivered
ORD103394,05-08-2025,11:32:00,C1911,Chennai,Cafe,South Indian,301.55,33.95,Credit Card,33.4,4.6,4.6,Delivered
ORD102345,21-12-2025,15:03:00,C1436,Bangalore,Fast Food,Italian,411.38,27.64,Credit Card,27.9,2.9,5,Delivered
ORD101824,23-03-2025,21:50:45,C1133,Bangalore,Casual Dining,Fast Food,697.91,62.23,UPI,46.8,8.4,3.8,Delivered
ORD104111,11-12-2025,16:33:15,C1222,Kochi,Fast Food,Continental,286.46,24.4,Cash,23.9,2.7,4.7,Delivered
ORD103256,13-01-2025,19:38:30,C1533,Hyderabad,Fast Food,North Indian,415.14,36.49,Credit Card,34.5,3.5,4.8,Delivered
ORD100539,02-10-2025,21:49:00,C1106,Bangalore,Cloud Kitchen,Biryani,355.34,25.84,Debit Card,,1.6,5,Delivered
ORD101653,19-07-2025,23:11:15,C1295,Hyderabad,Fine Dining,Continental,967.87,28.31,Debit Card,31.8,4.3,5,Delivered
ORD100324,19-02-2025,11:52:00,C1234,Hyderabad,Cloud Kitchen,North Indian,376.83,58.62,Cash,54.4,9,3.9,Delivered
ORD100608,18-05-2025,21:03:30,C1662,Bangalore,Casual Dining,Chinese,583.38,49.26,Credit Card,45.5,7.1,4.4,Delivered
ORD100138,02-10-2025,14:07:00,C2003,Hyderabad,Cafe,Biryani,177.74,26.14,Debit Card,25.5,3.2,4.5,Delivered
ORD101001,22-08-2025,17:06:30,C2101,Bangalore,Fine Dining,Biryani,1294.44,0,Debit Card,27.6,1.5,4.4,Refunded
ORD101119,15-02-2025,11:31:00,C2162,Bangalore,Casual Dining,South Indian,517.08,40.02,UPI,50,7.8,4.5,Delivered
ORD100831,22-04-2025,11:41:00,C1227,Mumbai,Fast Food,South Indian,309.33,49.79,UPI,34.3,7,4.7,Delivered
ORD104558,17-07-2025,12:51:45,C1230,Hyderabad,Cloud Kitchen,Fast Food,90,44.55,Cash,35.2,1.8,4.7,Delivered
ORD103673,05-08-2025,19:26:15,C1276,Chennai,Cloud Kitchen,Desserts,4682.08,27.01,Debit Card,25.9,4,4.7,Delivered
ORD103366,13-11-2025,14:10:30,C1306,Kochi,Cafe,Italian,402.64,35.26,Cash,32.4,3.3,4.7,Delivered
ORD101633,25-12-2025,21:05:45,C1110,Chennai,Fast Food,South Indian,296.44,17.41,Cash,,1.2,,Cancelled
ORD100326,10-11-2025,14:05:00,C1015,Bangalore,Fast Food,Biryani,257.08,59.42,Cash,43.6,8.9,3.9,Delivered
ORD101550,08-04-2025,21:01:30,C1087,Mumbai,Cafe,South Indian,403.74,47.47,UPI,45.2,7.6,4,Delivered
ORD103172,06-10-2025,08:12:30,C1457,Mumbai,Fine Dining,Chinese,524.04,26.6,UPI,24.2,2,5,Delivered
ORD100583,08-01-2025,11:04:00,C1260,Chennai,Casual Dining,North Indian,506.97,34.84,Credit Card,30.7,3.5,4.5,Delivered
ORD100647,12-06-2025,13:14:00,C1590,Mumbai,Cafe,Chinese,233.84,40.4,UPI,35.9,4.6,5,Delivered
ORD101802,26-07-2025,13:00:00,C1776,Mumbai,Cafe,South Indian,202.42,32.27,Credit Card,33.8,3.3,4,Delivered
ORD101611,01-12-2025,20:29:45,C1518,Mumbai,Casual Dining,South Indian,464.3,40.69,Wallet,33.3,5,4,Delivered
ORD103304,08-04-2025,20:22:00,C1606,Bangalore,Cloud Kitchen,Fast Food,420.99,50.08,UPI,45.7,5.6,,Delivered
ORD100588,14-12-2025,04:29:15,C2173,Mumbai,Fine Dining,North Indian,1552.35,21.4,Wallet,40.2,6.3,4.7,Delivered
ORD101768,21-05-2025,20:41:00,C1266,Bangalore,Cloud Kitchen,North Indian,330.93,11.51,Credit Card,23.4,0.7,4.6,Delivered
ORD101429,02-04-2025,11:01:45,C1409,Chennai,Casual Dining,North Indian,638.4,38.64,Cash,20.6,2.1,4.4,Delivered
ORD104952,27-01-2025,18:56:00,C1037,Chennai,Fast Food,North Indian,227.69,37.39,Wallet,33.7,2.9,4.8,Delivered
ORD101060,08-06-2025,18:02:15,C1364,Hyderabad,Casual Dining,Desserts,255.17,44.06,Credit Card,22.9,2.5,5,Delivered
ORD102641,30-05-2025,20:18:00,C1783,Bangalore,Fast Food,Desserts,352.77,33.33,Cash,37,4.8,4.8,Delivered
ORD101014,01-04-2025,21:16:00,C2021,Bangalore,Casual Dining,Biryani,752.11,32.04,UPI,41.4,4.5,4.6,Delivered
ORD100066,26-11-2025,20:01:00,C1560,Mumbai,Casual Dining,North Indian,703.32,53.31,UPI,51.4,4.9,4.1,Delivered
ORD104134,20-05-2025,22:18:30,C1497,Bangalore,Fast Food,Desserts,109.72,27.55,UPI,28.7,2.1,4.9,Delivered
ORD100837,16-10-2025,17:12:00,C1666,Bangalore,Casual Dining,Chinese,590.05,32.33,UPI,23.2,2.4,4.7,Delivered
ORD103125,06-07-2025,15:17:30,C2123,Mumbai,Fast Food,Desserts,94.46,49.62,UPI,36.4,4.2,4.1,Delivered
ORD101800,30-05-2025,14:19:00,C1062,Bangalore,Cafe,North Indian,245.58,45.79,Debit Card,33.4,4.2,4.2,Delivered
ORD100947,25-01-2025,16:43:00,C2141,Hyderabad,Casual Dining,Chinese,659.66,27.09,UPI,30.4,2,4.3,Delivered
ORD103058,02-02-2025,07:30:45,C1965,Hyderabad,Cloud Kitchen,South Indian,264.37,30.89,Cash,19.9,2,4.6,Delivered
ORD103524,09-03-2025,11:12:00,C1801,Mumbai,Cafe,,307.22,30.62,Credit Card,40.1,3.2,4.1,Delivered
ORD100849,09-12-2025,16:33:00,C1309,Bangalore,Fine Dining,Italian,1044.98,25.49,Cash,40,4,4.5,Delivered
ORD102684,05-02-2025,14:03:45,C1107,Mumbai,Fast Food,North Indian,189.17,50.58,Wallet,39.3,6,,Delivered
ORD101371,08-06-2025,18:11:30,C1473,Chennai,Cloud Kitchen,South Indian,586.23,62.1,Credit Card,,7.6,,Cancelled
ORD101770,06-04-2025,14:38:15,C1621,Kochi,Casual Dining,Biryani,819.57,30.42,UPI,30.1,4.1,4.9,Delivered
ORD101188,30-10-2025,18:37:00,C1977,Hyderabad,Fast Food,Chinese,251.6,56.99,UPI,42.4,5.7,4.2,Delivered
ORD103915,13-08-2025,16:54:00,C1430,Mumbai,Fine Dining,North Indian,1425.11,19.82,Credit Card,38.4,5.8,4.4,Delivered
ORD103833,13-09-2025,19:14:00,C1752,Mumbai,Fast Food,Continental,347.25,54.23,Credit Card,42.9,4.2,3.9,Delivered
ORD103262,06-11-2025,12:16:30,C1365,Mumbai,Fast Food,Fast Food,392.07,28.73,UPI,33.6,3.5,4.4,Delivered
ORD101459,28-10-2025,11:32:00,C1317,Chennai,Fast Food,South Indian,184.59,37.45,UPI,12.5,1.5,5,Delivered
ORD101533,27-08-2025,20:44:00,C1635,Kochi,Casual Dining,Fast Food,270.43,24.26,Cash,19,2,4.6,Delivered
ORD102377,25-07-2025,17:11:45,C1978,Bangalore,Fine Dining,Chinese,549.18,18.52,Cash,29.8,2.4,4.9,Delivered
ORD100144,17-05-2025,18:08:15,C1122,Kochi,Cloud Kitchen,South Indian,384.08,42.02,Cash,32.3,6.8,4.6,Delivered
ORD102564,24-06-2025,19:47:15,C1037,Hyderabad,Casual Dining,Biryani,426,27.58,UPI,41.4,2.2,4.5,Delivered
ORD104205,23-03-2025,22:59:15,C1242,Hyderabad,Cloud Kitchen,Biryani,652.6,40.24,Cash,40.1,5.6,4.6,Delivered
ORD100126,31-12-2025,20:10:30,C1493,Hyderabad,Cloud Kitchen,Biryani,389.03,53.5,Credit Card,47.7,7.3,3.8,Delivered
ORD101980,04-02-2025,13:08:00,C1804,Bangalore,Casual Dining,Fast Food,409.4,35.67,UPI,35.7,4.6,4.7,Delivered
ORD100332,28-04-2025,21:55:00,C1970,Mumbai,Fast Food,Biryani,379.11,28.27,Cash,39.8,3,,Delivered
ORD104171,28-07-2025,15:26:00,C1489,Hyderabad,Cafe,South Indian,362.95,56.01,UPI,44.4,5.1,3.9,Delivered
ORD102138,09-11-2025,18:43:00,C1036,Kochi,Cafe,Biryani,380.54,41.55,Debit Card,28.3,3.2,4.9,Delivered
ORD104460,23-11-2025,11:39:00,C1093,Bangalore,Fast Food,South Indian,181.29,28.17,Cash,20.6,1.1,5,Delivered
ORD100283,20-01-2025,15:56:00,C2063,Hyderabad,Cloud Kitchen,South Indian,385.96,32.51,UPI,31.4,3.8,4.8,Delivered
ORD101164,16-10-2025,10:45:15,C1927,Chennai,Casual Dining,South Indian,350.05,31.2,Cash,24.8,2.9,4.3,Delivered
ORD104381,21-10-2025,14:40:00,C2042,Hyderabad,Cloud Kitchen,Italian,561.71,17.15,Debit Card,27.4,1.9,4,Delivered
ORD102977,04-08-2025,20:42:00,C2110,Chennai,Casual Dining,South Indian,285.99,34.53,UPI,43.2,4.3,4,Delivered
ORD104922,26-08-2025,13:46:00,C1111,Bangalore,Fine Dining,Desserts,628.89,59.12,Credit Card,49.2,4.2,3.4,Delivered
ORD102854,20-08-2025,09:50:00,C1868,Hyderabad,Fast Food,Fast Food,223.34,41.28,Cash,49.9,7.2,3.9,Delivered
ORD102793,28-09-2025,11:35:00,C1558,Kochi,Cafe,North Indian,521.07,41.8,Wallet,35,3.2,4.2,Delivered
ORD102638,08-09-2025,18:37:00,C1810,Mumbai,Casual Dining,Fast Food,655.01,15.03,Wallet,25.1,2.7,5,Delivered
ORD101515,13-09-2025,13:07:00,C1619,Hyderabad,Cloud Kitchen,Fast Food,455.47,35.55,Credit Card,39.3,2.3,4.4,Delivered
ORD102351,28-10-2025,19:18:00,C1979,Chennai,Cafe,North Indian,273.18,35.8,Credit Card,27.7,3.6,5,Delivered
ORD100147,24-08-2025,19:28:15,C1002,Kochi,Casual Dining,Continental,705.9,32.02,Cash,32.3,2.9,4.7,Delivered
ORD102215,10-08-2025,18:03:00,C1083,Kochi,Fast Food,North Indian,229.49,32.02,UPI,25,2.6,4.4,Delivered
ORD101374,13-03-2025,18:47:00,C1287,Hyderabad,Cafe,Chinese,493.07,57.88,UPI,27.5,5.8,4.9,Delivered
ORD104436,06-05-2025,21:11:00,C2181,Chennai,Fast Food,South Indian,241.69,33.46,Cash,,4.5,,Cancelled
ORD100969,16-12-2025,22:04:00,C1063,Chennai,Cafe,North Indian,317.69,33.99,Credit Card,30.8,3.9,4.6,Delivered
ORD102183,02-08-2025,12:28:00,C1963,Kochi,Cloud Kitchen,North Indian,299.79,67.14,Credit Card,44.6,6.3,4.3,Delivered
ORD104859,22-07-2025,16:44:00,C1443,Bangalore,Fast Food,Biryani,132.76,21.36,Cash,35.5,2.8,,Delivered
ORD102031,18-09-2025,14:25:15,C2011,Bangalore,Fast Food,Biryani,346.93,45.2,Cash,40.8,4.8,4.1,Delivered
ORD103302,01-04-2025,18:15:45,C1413,Chennai,Fast Food,Italian,203.12,34.12,UPI,30.8,3.1,4.1,Delivered
ORD104364,25-05-2025,22:54:45,C1655,Bangalore,Fast Food,Desserts,258.89,29.18,UPI,36.5,3.7,4.3,Delivered
ORD104278,17-04-2025,23:09:00,C1285,Chennai,Cloud Kitchen,Biryani,552.83,42.6,Debit Card,24.1,5.1,4.7,Delivered
ORD100943,02-01-2025,17:09:00,C1557,Bangalore,Fast Food,Italian,452.74,64.54,Wallet,59.1,10,3.7,Delivered
ORD100224,08-02-2025,18:52:30,C2186,Chennai,Cafe,Desserts,279.71,74.07,Credit Card,45,8.1,3.9,Delivered
ORD100298,09-06-2025,12:12:00,C1567,Hyderabad,Cloud Kitchen,Biryani,349.71,27.14,UPI,21.5,1.7,4.6,Delivered
ORD101185,11-01-2025,21:39:30,C2157,Bangalore,Casual Dining,North Indian,555.58,28.81,Cash,31.9,2.4,4.6,Delivered
ORD101656,12-01-2025,13:02:45,C1313,Chennai,Casual Dining,Desserts,219.95,48.84,Credit Card,53.2,6.6,3.8,Delivered
ORD104339,18-04-2025,18:46:00,C1754,Mumbai,Fine Dining,Continental,714.73,52.64,UPI,34.5,5.4,4.1,Delivered
ORD100584,28-12-2025,12:28:45,C1620,Kochi,Cloud Kitchen,North Indian,384.06,33.44,Debit Card,40.8,2.7,4,Delivered
ORD104382,29-10-2025,20:56:00,C1991,Bangalore,Casual Dining,North Indian,661.53,33.73,Cash,40.3,4.6,4.1,Delivered
ORD100732,18-08-2025,05:36:00,C1696,Kochi,Cloud Kitchen,South Indian,615.4,36.87,UPI,18.4,3.5,4,Delivered
ORD101216,30-11-2025,20:54:00,C1635,Bangalore,Cloud Kitchen,Chinese,480.41,43.04,UPI,33.7,2.4,4.8,Delivered
ORD101586,21-03-2025,11:44:45,C1894,Hyderabad,Casual Dining,North Indian,517.87,27.56,Wallet,20.9,1.4,5,Delivered
ORD100991,21-10-2025,12:19:00,C1196,Bangalore,Fine Dining,South Indian,833.79,24.17,UPI,38.3,3.7,4,Delivered
ORD101401,01-11-2025,18:23:00,C1116,Bangalore,Casual Dining,South Indian,514.29,54.89,Wallet,40.3,8.1,4.4,Delivered
ORD102730,28-05-2025,18:46:45,C1573,Bangalore,Fast Food,South Indian,305.65,21.07,Debit Card,21.7,1.7,5,Delivered
ORD103156,28-01-2025,22:12:00,C2040,Kochi,Cloud Kitchen,North Indian,473.27,29.14,UPI,32.6,3.1,4.3,Delivered
ORD103600,08-06-2025,13:08:00,C1440,Chennai,Fine Dining,North Indian,1208.4,56.36,Credit Card,77.1,11.1,3.4,Delivered
ORD100064,04-02-2025,14:06:45,C1764,Mumbai,Cafe,Biryani,235.2,17.51,Credit Card,30.6,1.8,4.2,Delivered
ORD101667,05-07-2025,20:30:30,C1650,Hyderabad,Fast Food,South Indian,321.57,59.49,Wallet,53.5,8.7,4.1,Delivered
ORD100983,21-02-2025,21:06:30,C1040,Bangalore,Cloud Kitchen,Biryani,315.12,45.91,Credit Card,37,6.4,3.9,Delivered
ORD102424,11-11-2025,13:52:00,C1027,Mumbai,Fast Food,South Indian,287.61,49.51,Credit Card,48.8,5.9,4.2,Delivered
ORD103037,08-03-2025,18:43:00,C1029,Mumbai,Fast Food,Chinese,209.91,49.55,UPI,42.4,7.1,4.1,Delivered
ORD101529,27-01-2025,18:30:30,C1700,Bangalore,Cafe,Desserts,218.12,35.82,UPI,23.9,4.2,4.6,Delivered
ORD103831,06-08-2025,00:21:30,C1590,Kochi,Casual Dining,Biryani,637.46,37.86,UPI,17.7,1.9,4.7,Delivered
ORD104514,31-03-2025,21:46:15,C1949,Bangalore,Fast Food,Chinese,411.42,27.46,Cash,41.4,2.7,4.4,Delivered
ORD101080,03-04-2025,08:13:45,C1604,Chennai,Fast Food,Chinese,221.22,52.59,Credit Card,26.3,4.6,4.5,Delivered
ORD100010,04-01-2025,19:04:00,C1677,Bangalore,Fast Food,Biryani,301.87,35.64,UPI,47.2,4.1,4.3,Delivered
ORD102157,08-07-2025,22:51:00,C1449,Kochi,Cloud Kitchen,Italian,545.83,38.4,UPI,20.5,5.3,4.3,Delivered
ORD102731,17-04-2025,18:46:00,C1902,Mumbai,Cafe,Chinese,361.69,56.09,UPI,40,5.2,3.7,Delivered
ORD102960,16-04-2025,16:27:00,C2113,Mumbai,Fine Dining,Biryani,733.04,20.99,Wallet,34.2,5.6,4.1,Delivered
ORD102115,25-08-2025,14:47:45,C1148,Bangalore,Casual Dining,North Indian,622.68,29.92,Debit Card,22.5,2.3,4.7,Delivered
ORD102696,02-06-2025,18:13:15,C1693,Bangalore,Cloud Kitchen,,305.39,34.36,Cash,22.8,3.7,5,Delivered
ORD100550,24-08-2025,12:48:30,C1847,Hyderabad,Cafe,Italian,414.27,31.91,UPI,48.9,4.2,4.4,Delivered
ORD103765,26-01-2025,20:10:00,C1571,Chennai,Cloud Kitchen,North Indian,483.12,34.95,Credit Card,31.8,2.8,4.2,Refunded
ORD104764,01-07-2025,14:37:45,C1214,Bangalore,Casual Dining,North Indian,576.99,32.3,UPI,41.3,4.4,4,Delivered
ORD104065,09-02-2025,06:41:45,C1707,Bangalore,Casual Dining,Chinese,484.98,32.95,Wallet,38.2,4.6,3.7,Delivered
ORD101739,17-03-2025,12:21:00,C1700,Mumbai,Casual Dining,South Indian,174.55,32.83,Credit Card,37.6,4.5,4.5,Delivered
ORD104102,13-09-2025,08:53:15,C1682,Hyderabad,Fast Food,Biryani,315.12,31.33,Wallet,,3,,Cancelled
ORD102653,02-12-2025,11:50:00,C1325,Chennai,Casual Dining,Chinese,336.51,31.07,Cash,25.5,2.1,4.9,Delivered
ORD103924,12-07-2025,12:25:15,C1038,Chennai,Fast Food,Biryani,270.25,29.59,Cash,31.9,1.4,5,Delivered
ORD104628,18-08-2025,11:30:00,C1001,Bangalore,Cloud Kitchen,Chinese,347.04,65.44,Cash,51.5,8.2,4.1,Delivered
ORD104152,19-07-2025,13:12:00,C1737,Bangalore,Cafe,Chinese,332.92,20.24,Credit Card,36.2,1.1,4.8,Delivered
ORD103006,01-06-2025,14:16:30,C1135,Kochi,Casual Dining,Biryani,427.54,41.9,UPI,35.1,4.7,5,Delivered
ORD102560,21-01-2025,20:39:00,C1611,Hyderabad,Casual Dining,Chinese,647.16,49.26,Wallet,36.2,5.6,5,Delivered
ORD104087,28-08-2025,20:58:00,C1429,Bangalore,Fast Food,Biryani,253.73,27.73,UPI,36.3,2.8,4.9,Delivered
ORD100299,19-05-2025,20:36:00,C1351,Bangalore,Cafe,North Indian,375.85,41.64,Credit Card,35.2,4,4.6,Delivered
ORD102875,06-06-2025,20:44:15,C1181,Mumbai,Cloud Kitchen,Fast Food,311.3,48.9,UPI,,3.4,,Cancelled
ORD100720,29-08-2025,11:53:15,C1378,Bangalore,Fine Dining,South Indian,912.1,29.79,Credit Card,26.6,7.3,4.7,Delivered
ORD102556,30-09-2025,12:11:00,C1138,Kochi,Cloud Kitchen,North Indian,218.63,36.71,UPI,37.2,3.5,,Delivered
ORD104104,05-12-2025,00:43:30,C1897,Bangalore,Casual Dining,South Indian,298.1,55.15,Credit Card,40.9,8,4.2,Delivered
ORD100529,19-05-2025,12:04:00,C1830,Bangalore,Cloud Kitchen,Chinese,90,35.43,UPI,28.3,1.3,4.9,Delivered
ORD100875,25-01-2025,15:39:45,C1572,Bangalore,Cafe,South Indian,246.12,34.16,Cash,27.6,3.6,4.5,Delivered
ORD102128,24-11-2025,13:03:00,C1338,Bangalore,Casual Dining,North Indian,295.06,17.74,Debit Card,27.1,1.8,4.4,Delivered
ORD101833,29-05-2025,12:36:00,C1262,Bangalore,Fast Food,Chinese,211.63,19.07,Credit Card,22.9,2.5,5,Delivered
ORD101764,27-11-2025,21:39:00,C1322,Mumbai,Casual Dining,South Indian,727.04,48.38,UPI,49.1,6.2,4.7,Delivered
ORD104954,24-09-2025,18:27:00,C1572,Mumbai,Fast Food,Continental,363.98,47.69,Cash,42.1,4.4,4.4,Delivered
ORD103090,22-11-2025,19:04:00,C1204,Mumbai,Fast Food,North Indian,387.23,30.15,Credit Card,33.9,3.2,4.4,Delivered
ORD103382,22-08-2025,18:21:00,C1137,Hyderabad,Cafe,North Indian,334.12,33.35,UPI,18.8,4.4,4.9,Delivered
ORD103963,18-01-2025,12:52:45,C1171,Hyderabad,Fast Food,South Indian,250.47,43.58,Credit Card,,3.8,,Cancelled
ORD101034,24-03-2025,21:19:00,C1161,Mumbai,Cafe,Desserts,90,55.73,Debit Card,36.2,4.9,4.6,Delivered
ORD103767,12-07-2025,12:37:00,C1276,Bangalore,Casual Dining,Biryani,384.45,16.3,Wallet,31.7,3.2,4.6,Delivered
ORD100094,12-09-2025,20:30:00,C1832,Bangalore,Fast Food,South Indian,193.93,43.26,Credit Card,31.6,2.3,3.9,Delivered
ORD104568,10-11-2025,19:47:00,C2164,Hyderabad,Cloud Kitchen,Italian,404.34,49.35,UPI,,7.9,,Cancelled
ORD101799,20-02-2025,16:27:15,C1509,Mumbai,Fast Food,Fast Food,304.33,35.67,UPI,25.9,2.4,4.4,Delivered
ORD104606,09-03-2025,11:21:00,C1492,Hyderabad,Casual Dining,South Indian,407.91,38.89,Debit Card,38,4.7,3.9,Delivered
ORD102411,25-05-2025,13:04:45,C1998,Kochi,Cafe,Biryani,168.14,45.37,UPI,28.7,2.6,4.9,Delivered
ORD101688,31-05-2025,14:53:45,C1725,Mumbai,Fast Food,North Indian,279.05,1.92,Credit Card,,1.7,,Cancelled
ORD103209,30-07-2025,16:21:00,C1284,Hyderabad,Cloud Kitchen,Biryani,251.94,40.5,Debit Card,31.1,4.6,4,Refunded
ORD102966,05-08-2025,18:06:45,C1879,Kochi,Fast Food,North Indian,293.5,61.36,Debit Card,22.9,4.1,4.9,Delivered
ORD101661,04-10-2025,23:52:00,C1424,Chennai,Cloud Kitchen,North Indian,550.71,60.28,UPI,42.1,5.7,4.4,Delivered
ORD100417,04-09-2025,14:22:45,C1436,Hyderabad,Casual Dining,South Indian,537.44,37.56,Cash,21.3,2.9,4.7,Delivered
ORD101143,02-01-2025,22:48:00,C1465,Chennai,Cloud Kitchen,South Indian,448.88,27.8,UPI,27.9,1.7,,Delivered
ORD101831,27-10-2025,12:43:00,C1436,Hyderabad,Fast Food,Italian,180.92,47.22,Credit Card,43.6,5.7,3.9,Delivered
ORD102017,18-10-2025,22:42:00,C1269,Hyderabad,Cafe,North Indian,340.53,65.99,Cash,44.2,10.6,4.3,Delivered
ORD103641,25-02-2025,22:11:45,C1560,Hyderabad,Cloud Kitchen,South Indian,216.7,29.9,Debit Card,25.2,2.2,4.6,Delivered
ORD101112,18-01-2025,12:25:15,C1278,Bangalore,Casual Dining,Chinese,496.04,38.1,Credit Card,35.3,3.1,4.5,Delivered
ORD100763,07-04-2025,15:41:00,C2154,Mumbai,Casual Dining,Continental,457.55,38.96,Credit Card,33.8,3.3,4.9,Delivered
ORD101790,03-04-2025,18:08:00,C2054,Chennai,Cloud Kitchen,Biryani,459.64,46.31,Cash,31.5,5.2,4.9,Delivered
ORD103810,06-05-2025,15:15:00,C1786,Mumbai,Cloud Kitchen,South Indian,472.03,60.08,UPI,53.6,9.3,4.2,Delivered
ORD102012,27-08-2025,19:40:15,C1869,Chennai,Fast Food,Biryani,282.31,38.77,Wallet,33.8,2.1,4.2,Delivered
ORD101547,28-10-2025,13:57:00,C1716,Mumbai,Fast Food,Biryani,224.27,62.13,Debit Card,48.3,6.8,3.8,Delivered
ORD100850,06-05-2025,18:23:45,C2057,Bangalore,Fast Food,Chinese,371.29,62.55,UPI,52.2,8.6,4.1,Delivered
ORD103701,25-05-2025,07:20:00,C1512,Hyderabad,Cloud Kitchen,Biryani,441.83,42.28,UPI,35.6,3.6,4.9,Delivered
ORD100622,11-11-2025,11:20:00,C1107,Bangalore,Cloud Kitchen,Chinese,221.69,67.07,Credit Card,42.7,7.7,4,Delivered
ORD104665,03-12-2025,21:45:15,C1042,Mumbai,Cloud Kitchen,Fast Food,90,30.4,UPI,,2.6,,Cancelled
ORD102572,23-02-2025,20:43:00,C1339,Chennai,Cloud Kitchen,Biryani,371.13,54.67,UPI,30.9,3.2,4.2,Delivered
ORD101574,24-04-2025,13:38:00,C1414,Mumbai,Cloud Kitchen,Chinese,367.87,18.96,UPI,,1.4,,Cancelled
ORD101252,26-01-2025,12:44:45,C1524,Hyderabad,Casual Dining,North Indian,540.81,44.77,Cash,38.5,4.6,4,Delivered
ORD104522,24-11-2025,22:53:00,C1668,Mumbai,Cafe,North Indian,377.74,28.58,Wallet,12,3.1,4.6,Delivered
ORD102416,19-02-2025,20:49:30,C1931,Bangalore,Casual Dining,North Indian,378.48,54.37,Cash,31.4,3,4.4,Delivered
ORD103205,18-11-2025,14:04:15,C1389,Mumbai,Fast Food,North Indian,466.38,42.78,UPI,29,4.9,3.7,Delivered
ORD102820,04-04-2025,19:23:15,C1385,Hyderabad,Cafe,Desserts,173.66,54.17,UPI,38.1,4.8,4.8,Delivered
ORD100711,03-03-2025,13:06:00,C1370,Hyderabad,Fast Food,South Indian,118.07,50.3,UPI,46.5,5.4,3.7,Delivered
ORD100402,16-12-2025,08:49:00,C2060,Kochi,Fast Food,North Indian,221.07,16.82,Wallet,20.1,1.3,4.7,Delivered
ORD104319,09-01-2025,20:30:00,C2179,Chennai,Fine Dining,Biryani,504.59,49.01,Wallet,41.4,6.2,4.2,Delivered
ORD104013,23-05-2025,22:17:00,C1680,Chennai,Cloud Kitchen,South Indian,90,28.97,UPI,31.5,2.1,4.6,Delivered
ORD102834,19-04-2025,15:03:45,C1830,Chennai,Cloud Kitchen,South Indian,577.15,34.82,Debit Card,29.6,4,4.4,Delivered
ORD102391,31-01-2025,13:30:00,C2072,Mumbai,Fine Dining,Fast Food,1301.09,19.48,UPI,41.6,3.7,3.7,Delivered
ORD104613,09-02-2025,18:10:00,C1103,Chennai,Cloud Kitchen,North Indian,200.36,28.28,UPI,18.7,2.9,4.4,Delivered
ORD100186,30-11-2025,07:30:00,C1355,Hyderabad,Fast Food,North Indian,251.84,43.46,Cash,22.8,3.7,4.8,Delivered
ORD102308,14-05-2025,14:08:45,C1054,Chennai,Casual Dining,North Indian,511.79,48.4,UPI,31.9,2.9,4.9,Delivered
ORD102784,25-04-2025,20:17:00,C1588,Kochi,Casual Dining,Continental,368.16,38.52,Cash,25.3,3.5,4.5,Delivered
ORD101315,04-02-2025,13:21:00,C1662,Bangalore,Cafe,Biryani,322.46,45.12,Cash,41.9,5.6,3.9,Delivered
ORD100378,12-01-2025,19:58:00,C1948,Bangalore,Fine Dining,South Indian,326.16,47.32,UPI,43.9,2.6,4.6,Delivered
ORD102415,12-06-2025,22:56:00,C1534,Bangalore,Casual Dining,Desserts,358.87,37,Cash,24.4,3.2,4.5,Delivered
ORD101209,11-03-2025,23:38:30,C1793,Bangalore,Cloud Kitchen,Italian,663.57,34.21,UPI,26.6,3.5,4.8,Delivered
ORD101078,10-01-2025,19:26:45,C1072,Bangalore,Cafe,North Indian,268.92,44.76,UPI,29,1.2,5,Delivered
ORD100784,22-05-2025,16:03:15,C2003,Hyderabad,Casual Dining,Chinese,842.79,26.21,UPI,25.6,3.2,,Delivered
ORD103513,02-04-2025,16:42:00,C1888,Chennai,Fast Food,Italian,238.49,23.88,UPI,29,2.9,4.2,Delivered
ORD104421,07-11-2025,19:17:30,C1888,Bangalore,Fast Food,Fast Food,307.21,41.02,Credit Card,42,5.2,4.4,Delivered
ORD103974,04-04-2025,22:55:30,C1972,Bangalore,Fast Food,South Indian,303.21,24.82,UPI,30.9,2.1,4.5,Delivered
ORD104387,11-05-2025,10:56:15,C1413,Chennai,Fast Food,Continental,370.35,32.33,UPI,34.3,3.4,4.5,Delivered
ORD104685,20-09-2025,22:10:45,C1941,Mumbai,Cafe,South Indian,130.39,42.16,Cash,32.9,4.6,4.4,Delivered
ORD104595,23-06-2025,18:05:15,C1060,Kochi,Fine Dining,Chinese,916.7,18.41,Cash,23,1.7,4.7,Delivered
ORD103591,12-10-2025,21:14:00,C1985,Bangalore,Cafe,Chinese,202.52,31.83,UPI,,3.6,,Cancelled
ORD101998,03-06-2025,11:24:45,C1684,Hyderabad,Fast Food,Biryani,258.5,72.49,Credit Card,47.2,9.2,4.4,Delivered
ORD101640,10-07-2025,22:16:15,C1869,Kochi,Cafe,Biryani,452.7,43.99,Debit Card,33.2,3.2,4.7,Delivered
ORD100721,18-04-2025,07:09:00,C1514,Kochi,Casual Dining,North Indian,649.84,31.99,Debit Card,23.8,2,5,Delivered
ORD104507,31-07-2025,21:04:45,C1281,Mumbai,Cloud Kitchen,Italian,223.53,44.98,UPI,46.1,3.3,3.8,Delivered
ORD101549,10-08-2025,11:29:15,C1150,Chennai,Casual Dining,South Indian,330.74,32.71,Credit Card,30.3,4.3,4.6,Delivered
ORD100489,06-06-2025,13:26:00,C1185,Hyderabad,Fast Food,North Indian,450.39,21.27,UPI,42.7,1.5,,Delivered
ORD104743,28-05-2025,23:50:45,C1506,Bangalore,Cloud Kitchen,Italian,566.4,33.75,UPI,37.3,4.2,4.9,Delivered
ORD101382,13-09-2025,08:51:00,C1354,Kochi,Cafe,Chinese,502.07,35.1,UPI,29.9,3.9,4.7,Delivered
ORD103112,30-04-2025,11:49:15,C1274,Mumbai,Cloud Kitchen,Chinese,382.45,46.73,Credit Card,38,4.4,4.8,Delivered
ORD102809,17-07-2025,20:16:00,C1674,Bangalore,Casual Dining,Biryani,578.34,48.17,UPI,48.7,5.1,3.9,Delivered
ORD101782,04-12-2025,15:01:30,C1339,Kochi,Casual Dining,Continental,696.57,39.94,UPI,,5.2,,Cancelled
ORD101498,18-05-2025,07:42:00,C1935,Hyderabad,Fast Food,Chinese,331.49,35.42,Debit Card,40.7,4.8,4.3,Delivered
ORD102912,10-02-2025,23:32:30,C2065,Bangalore,Cafe,Biryani,346.05,26.43,UPI,33.3,2.7,4.6,Delivered
ORD103415,17-09-2025,18:33:30,C1416,Mumbai,Cafe,Italian,471.46,42.51,UPI,22.2,4.1,4.4,Refunded
ORD104409,19-03-2025,18:25:45,C1583,Kochi,Cloud Kitchen,Chinese,349.91,40.49,Wallet,25.3,4.6,4.5,Delivered
ORD100773,12-04-2025,14:49:45,C1362,Mumbai,Fast Food,North Indian,331.44,37.05,UPI,40.2,3.8,4.7,Delivered
ORD101926,20-07-2025,17:50:00,C1435,Kochi,Casual Dining,Italian,588.26,33.89,UPI,27.8,3.4,4.9,Delivered
ORD104044,28-03-2025,19:12:45,C1671,Mumbai,Casual Dining,Biryani,443.36,29.28,Cash,39.3,2.5,4.1,Delivered
ORD100889,14-07-2025,23:46:45,C1945,Hyderabad,Cafe,Chinese,379.69,48.43,UPI,33.3,6.9,4.4,Delivered
ORD101703,13-04-2025,22:01:00,C1734,Mumbai,Cloud Kitchen,Chinese,483.35,40.81,Wallet,29.8,4.2,4.6,Delivered
ORD100236,16-02-2025,17:27:00,C1132,Bangalore,Casual Dining,Biryani,416.65,57.55,Debit Card,,3.5,,Cancelled
ORD101777,08-05-2025,21:00:00,C2035,Mumbai,Fast Food,Italian,206.22,70.63,Cash,52.8,7.6,3.8,Delivered
ORD102532,25-11-2025,20:10:00,C1605,Chennai,Cloud Kitchen,South Indian,344.92,50.73,UPI,,9.1,,Cancelled
ORD104440,05-10-2025,15:31:15,C1923,Mumbai,Cloud Kitchen,Desserts,461.25,43.75,Cash,37.8,6.6,4.6,Delivered
ORD102131,15-05-2025,22:59:15,C1133,Kochi,Fast Food,Italian,347.1,51.9,UPI,31.7,4.1,4.7,Delivered
ORD104866,08-12-2025,18:59:00,C2200,Kochi,Cloud Kitchen,South Indian,456.19,46.78,UPI,34.3,6,4.5,Delivered
ORD103378,10-10-2025,20:58:00,C1584,Bangalore,Cloud Kitchen,North Indian,581.1,75.41,Debit Card,68.5,13.8,3.5,Delivered
ORD103233,14-01-2025,12:32:00,C1991,Hyderabad,Cloud Kitchen,,743.31,38.37,Cash,38.2,3.7,4.3,Delivered
ORD102671,14-04-2025,13:05:45,C1906,Bangalore,Casual Dining,,538.39,54.21,UPI,28.3,4.2,4.7,Delivered
ORD103456,06-12-2025,22:05:00,C1506,Hyderabad,Cloud Kitchen,Biryani,108.17,45.21,Debit Card,44.7,6.7,3.6,Delivered
ORD103487,30-10-2025,15:34:30,C1292,Chennai,Cafe,North Indian,379.16,23.29,UPI,23.7,2.6,4.2,Delivered
ORD102421,12-04-2025,22:38:30,C1886,Mumbai,Cafe,Biryani,322.42,36.09,Cash,28.1,3.5,4.7,Delivered
ORD103102,09-08-2025,14:54:30,C1139,Chennai,Cafe,Italian,401.16,30.21,Credit Card,51.3,5.7,4,Delivered
ORD104692,15-05-2025,16:59:15,C1221,Hyderabad,Cloud Kitchen,Desserts,336.64,15.41,Cash,31.1,2.5,4.8,Delivered
ORD104971,01-10-2025,20:24:15,C2088,Hyderabad,Fine Dining,South Indian,623.83,38.18,UPI,45.2,5.1,4.8,Delivered
ORD104174,20-01-2025,15:02:15,C1741,Mumbai,Casual Dining,Chinese,388.35,62.25,Debit Card,52.5,9.6,4.5,Refunded
ORD102640,17-02-2025,14:11:30,C2172,Bangalore,Casual Dining,Chinese,513.08,51.31,UPI,18.6,2.2,4.8,Delivered
ORD103778,28-03-2025,18:52:45,C1547,Mumbai,Fast Food,Biryani,287.26,19.94,Credit Card,14.4,2.3,5,Delivered
ORD104371,17-05-2025,21:58:45,C2008,Mumbai,Fast Food,North Indian,339.91,57.84,UPI,45.2,7.8,4.1,Delivered
ORD103032,22-09-2025,16:46:00,C1840,Mumbai,Fast Food,North Indian,261.71,23.8,Debit Card,18,1.3,5,Delivered
ORD102816,27-03-2025,21:39:00,C1122,Bangalore,Fast Food,Desserts,216.65,50.98,UPI,44.3,5.1,4.1,Delivered
ORD102071,30-07-2025,13:47:00,C1316,Chennai,Fast Food,North Indian,406.5,57.88,Wallet,47.8,5,4.5,Delivered
ORD100472,12-08-2025,11:18:00,C1229,Bangalore,Fine Dining,Desserts,1118.64,18.51,Cash,31.4,3.3,4.6,Delivered
ORD103848,18-02-2025,19:48:00,C1215,Mumbai,Fine Dining,Biryani,492.97,57.52,Cash,47,6.8,3.1,Delivered
ORD103464,11-08-2025,18:53:15,C1299,Hyderabad,Fast Food,Italian,296.58,36.04,UPI,22.9,2.4,5,Delivered
ORD103406,27-06-2025,18:18:00,C1850,Bangalore,Fast Food,Fast Food,419.23,59.57,Debit Card,45.8,5.8,4.5,Delivered
ORD104695,19-09-2025,11:19:00,C1839,Bangalore,Casual Dining,Fast Food,431.79,38.88,Cash,22.4,3.1,5,Delivered
ORD102827,29-04-2025,17:08:00,C1605,Bangalore,Fast Food,Chinese,186.82,41.25,UPI,21.1,3,4.9,Delivered
ORD104626,19-08-2025,22:20:30,C1711,Hyderabad,Casual Dining,Chinese,307.52,32.32,Wallet,12,1.6,4.8,Delivered
ORD100771,18-02-2025,19:38:15,C1071,Chennai,Cafe,Biryani,189.9,21.35,Credit Card,34.5,1.6,4.6,Delivered
ORD101566,22-02-2025,22:08:45,C1646,Mumbai,Casual Dining,Biryani,230.02,50.53,Credit Card,40.9,7,5,Delivered
ORD104437,13-02-2025,11:44:45,C1771,Mumbai,Cloud Kitchen,Desserts,323.03,69.05,Wallet,55.3,10.4,4.3,Delivered
ORD100973,23-02-2025,13:23:15,C1093,Chennai,Cloud Kitchen,South Indian,594.51,69.98,Cash,63.6,9.7,3.8,Delivered
ORD100493,07-09-2025,10:21:00,C1725,Bangalore,Casual Dining,Biryani,148.12,35.39,UPI,22.3,3.7,5,Delivered
ORD102812,06-02-2025,18:39:00,C1998,Bangalore,Casual Dining,Biryani,429.79,40.53,Debit Card,34,3.1,4.1,Delivered
ORD101747,06-02-2025,21:35:00,C1389,Bangalore,Cloud Kitchen,Biryani,325.85,65.92,UPI,54.3,5.9,4.2,Delivered
ORD100743,26-08-2025,15:09:45,C1790,Chennai,Fast Food,South Indian,419.9,49.24,UPI,32.1,5.6,3.9,Refunded
ORD104279,20-10-2025,10:35:00,C2031,Mumbai,Fast Food,Fast Food,212.54,24.37,UPI,24.1,2.5,4.5,Delivered
ORD101737,18-12-2025,21:24:00,C1248,Mumbai,Casual Dining,Fast Food,303.06,58.62,Credit Card,63.3,7.9,3.5,Delivered
ORD100325,12-03-2025,23:48:00,C1356,Chennai,Fast Food,South Indian,276.5,42.96,UPI,40.7,4.8,4.7,Delivered
ORD100393,07-09-2025,22:23:45,C1809,Mumbai,Fast Food,South Indian,359.51,54.04,UPI,45.8,6.5,4.4,Delivered
ORD100974,27-12-2025,15:29:00,C1433,Mumbai,Fast Food,Fast Food,231.81,85.23,Wallet,54.8,12.5,,Delivered
ORD101210,26-06-2025,04:42:00,C2123,Bangalore,Casual Dining,Italian,381.17,44.32,Credit Card,,4.8,,Cancelled
ORD104497,15-10-2025,18:36:00,C1791,Bangalore,Cloud Kitchen,South Indian,119.77,42.64,UPI,35.3,3,4.2,Delivered
ORD102306,03-01-2025,20:14:30,C1110,Mumbai,Cloud Kitchen,North Indian,500.01,80.22,Debit Card,67.6,13.4,3.5,Delivered
ORD103771,28-05-2025,22:32:00,C1023,Bangalore,Casual Dining,South Indian,518.61,25.08,Cash,26.9,2.9,4.9,Delivered
ORD102139,05-06-2025,21:31:00,C1139,Chennai,Casual Dining,Biryani,254.99,29.3,Cash,,2.7,,Cancelled
ORD101999,02-05-2025,09:04:00,C1348,Chennai,Fast Food,Fast Food,230.9,57.82,Cash,30.9,4.2,4.2,Delivered
ORD104110,23-02-2025,11:32:45,C1873,Hyderabad,Fine Dining,Biryani,1029.35,13.98,UPI,35,4.1,4.4,Delivered
ORD104221,05-08-2025,18:50:00,C2147,Hyderabad,Fine Dining,North Indian,938.33,8.92,Debit Card,21.2,0.9,5,Delivered
ORD102987,03-08-2025,15:34:00,C1922,Kochi,Cloud Kitchen,North Indian,536.41,62.25,UPI,43.4,8.3,4.1,Delivered
ORD102635,31-07-2025,22:36:45,C1946,Mumbai,Casual Dining,North Indian,563.51,38.3,Debit Card,36,5,4.7,Delivered
ORD102559,05-09-2025,12:32:15,C1276,Mumbai,Fast Food,Desserts,90,38.25,UPI,33.3,5.2,4.2,Delivered
ORD100757,08-11-2025,13:25:00,C1585,Chennai,Casual Dining,Continental,586.14,33.97,Debit Card,36.5,2.3,4.4,Delivered
ORD103439,28-09-2025,19:20:00,C1968,Kochi,Cloud Kitchen,North Indian,473.83,57.75,Credit Card,42.7,6.4,4,Delivered
ORD102395,23-02-2025,18:58:30,C1494,Mumbai,Cafe,Fast Food,142.41,39.28,UPI,35.1,5.3,5,Delivered
ORD103975,17-09-2025,09:00:45,C2124,Bangalore,Cloud Kitchen,Italian,246.36,38.9,UPI,37.7,3.2,4.6,Delivered
ORD100936,25-10-2025,11:31:30,C1509,Bangalore,Casual Dining,Desserts,709.86,47.02,Debit Card,21.2,3.1,4.4,Delivered
ORD102593,06-02-2025,13:06:00,C1965,Bangalore,Casual Dining,South Indian,418.2,38.24,Debit Card,37.6,4.8,4.6,Delivered
ORD100304,03-11-2025,21:20:15,C1126,Bangalore,Cloud Kitchen,Desserts,166.43,36.2,Cash,34.5,1.9,4.9,Delivered
ORD103463,26-03-2025,22:07:30,C1037,Chennai,Casual Dining,Fast Food,400.51,62.37,Cash,46.4,6.7,4.3,Delivered
ORD100422,04-12-2025,22:36:00,C1134,Hyderabad,Fine Dining,South Indian,759.59,95.84,Wallet,72.8,12.1,3.6,Delivered
ORD103075,08-11-2025,16:32:00,C1399,Kochi,Cafe,Biryani,258.5,33.47,Wallet,,3.7,,Cancelled
ORD101657,20-01-2025,14:35:30,C1142,Chennai,Cafe,Biryani,177.25,57.9,Cash,38.8,5.8,4.2,Delivered
ORD104213,17-01-2025,18:57:00,C1382,Mumbai,Cafe,Desserts,385.28,30.48,Debit Card,24.8,3.6,4.5,Delivered
ORD102625,27-11-2025,20:49:30,C1086,Bangalore,Casual Dining,North Indian,840.87,21.32,Credit Card,161.1,3.6,4.2,Delivered
ORD102718,17-06-2025,02:40:30,C1543,Mumbai,Cloud Kitchen,North Indian,385.18,29.61,Credit Card,,2.5,,Cancelled
ORD103532,13-10-2025,15:57:15,C1779,Hyderabad,Fast Food,South Indian,410.78,59.28,UPI,33.6,5.6,4.8,Delivered
ORD103829,12-05-2025,11:23:00,C1791,Kochi,Fast Food,Fast Food,184.67,56.3,Debit Card,49.8,10,3.8,Delivered
ORD102347,26-04-2025,07:29:30,C1371,Mumbai,Fast Food,Chinese,302.46,52.03,Debit Card,38.4,4.7,4.4,Delivered
ORD102475,22-06-2025,21:27:30,C1658,Chennai,Cloud Kitchen,South Indian,383.47,48.04,UPI,38.8,2.4,4.6,Delivered
ORD102380,02-10-2025,19:28:30,C1454,Hyderabad,Cafe,Desserts,299.92,70.93,Credit Card,,12.9,,Cancelled
ORD101076,24-02-2025,15:00:00,C1916,Mumbai,Cloud Kitchen,South Indian,215.71,60.62,UPI,47,6.9,3.8,Delivered
ORD101128,28-08-2025,19:26:00,C1328,Kochi,Fast Food,Continental,381.56,10.57,UPI,22.7,2,4.7,Delivered
ORD102361,26-03-2025,17:13:00,C1832,Hyderabad,Cloud Kitchen,South Indian,516,44.2,Wallet,41.8,5.1,,Delivered
ORD101479,24-11-2025,19:08:30,C1576,Mumbai,Cloud Kitchen,North Indian,617.5,43.9,Cash,39.6,4.1,4,Delivered
ORD102831,10-02-2025,16:44:30,C1895,Hyderabad,Cafe,Chinese,728.71,50.25,Credit Card,,6.1,,Delivered
ORD100723,15-03-2025,18:24:00,C2153,Bangalore,Casual Dining,Italian,951.01,12.35,Cash,17,1.1,4.8,Delivered
ORD102086,21-01-2025,18:06:00,C2082,Mumbai,Fast Food,Biryani,95.88,27.87,UPI,24.7,2.7,4.5,Delivered
ORD102604,18-01-2025,18:03:00,C1876,Hyderabad,Cafe,Continental,400.11,66.23,UPI,46.6,7.4,4,Delivered
ORD100424,04-08-2025,14:12:00,C1168,Kochi,Cloud Kitchen,Continental,692.79,35.31,UPI,27.8,2.2,4.7,Delivered
ORD101487,06-06-2025,22:30:45,C2009,Bangalore,Cloud Kitchen,Fast Food,379.07,7.27,UPI,25.8,0.6,4.8,Delivered
ORD103904,03-10-2025,18:30:00,C1660,Mumbai,Casual Dining,Biryani,592.12,38.15,UPI,27.5,3.1,4.6,Delivered
ORD104159,07-03-2025,23:40:00,C1064,Hyderabad,Fast Food,North Indian,357.09,76.81,Credit Card,64.2,12.9,3.2,Delivered
ORD101239,04-01-2025,15:15:45,C1980,Mumbai,Cloud Kitchen,South Indian,424.91,51.26,UPI,37.7,3.2,4.8,Delivered
ORD100084,03-09-2025,18:45:15,C1076,Bangalore,Fast Food,North Indian,223.88,40.37,UPI,,4.4,,Cancelled
ORD103254,11-08-2025,11:16:15,C1703,Hyderabad,Cloud Kitchen,Chinese,367.76,20.34,UPI,15.3,0.6,4.5,Delivered
ORD101211,07-01-2025,12:03:30,C1516,Kochi,Cloud Kitchen,South Indian,737.96,43.46,UPI,27.3,2.2,4.7,Delivered
ORD100930,06-09-2025,12:53:00,C1661,Chennai,Fast Food,Biryani,378.64,41.21,Credit Card,35.3,2.8,4.4,Delivered
ORD101207,20-12-2025,12:44:15,C1524,Hyderabad,Fast Food,Italian,314.42,20.92,Credit Card,25.2,1.9,4.7,Delivered
ORD101339,20-09-2025,14:05:00,C1586,Mumbai,Cafe,North Indian,358.59,26.56,UPI,,2.5,,Cancelled
ORD102175,05-05-2025,15:55:45,C2024,Mumbai,Cloud Kitchen,Biryani,371.63,36.65,UPI,31.7,3.8,4.9,Delivered
ORD101727,07-07-2025,18:38:15,C1172,Bangalore,Cafe,North Indian,378.46,32.94,UPI,35.4,2.7,4,Delivered
ORD103616,09-12-2025,18:11:00,C1664,Mumbai,Cloud Kitchen,Desserts,361.01,42.99,Wallet,32.6,3.7,4.5,Delivered
ORD100722,13-08-2025,15:38:30,C1590,Hyderabad,Fast Food,Continental,307.3,34.69,UPI,33.5,3.6,4.4,Delivered
ORD101324,26-06-2025,18:43:00,C1952,Hyderabad,Cloud Kitchen,Biryani,106.82,53.81,UPI,43.9,5.5,3.9,Delivered
ORD101115,16-03-2025,20:54:00,C1377,Chennai,Fast Food,Chinese,400.56,21.41,UPI,34.8,1.5,4.5,Delivered
ORD102046,15-12-2025,23:45:45,C1201,Chennai,Fast Food,Chinese,322.34,23.66,UPI,21.4,1.9,4.8,Delivered
ORD102914,27-09-2025,11:08:00,C1323,Chennai,Casual Dining,Biryani,389.51,47.4,Cash,25.3,4.9,4.7,Delivered
ORD102847,16-06-2025,22:42:00,C1383,Mumbai,Cafe,Fast Food,402.61,44.54,Credit Card,15.1,5.2,4.4,Delivered
ORD103911,22-12-2025,15:27:30,C2112,Kochi,Fast Food,Biryani,213.11,30.07,Debit Card,17.7,0.9,4.4,Delivered
ORD104055,16-08-2025,19:39:00,C1561,Bangalore,Fast Food,North Indian,264.93,51.82,UPI,44.2,6.5,4.1,Delivered
ORD104097,13-07-2025,17:18:00,C1857,Chennai,Cafe,South Indian,301.46,50.77,Cash,56.2,7.6,4.5,Delivered
ORD102823,19-09-2025,20:43:00,C1930,Bangalore,Casual Dining,Biryani,461.37,35.39,UPI,36.9,4.5,4.6,Delivered
ORD101282,07-03-2025,19:34:15,C1592,Hyderabad,Cloud Kitchen,Continental,268.22,13.72,Cash,29.4,1.9,4.2,Delivered
ORD101004,05-07-2025,20:19:45,C1075,Chennai,Casual Dining,Continental,629.94,31.52,Debit Card,29,2.2,4.4,Delivered
ORD100495,30-12-2025,11:08:15,C1863,Mumbai,Cloud Kitchen,South Indian,214.02,54.81,UPI,41.3,6,3.8,Delivered
ORD102804,06-08-2025,20:39:30,C1094,Bangalore,Fast Food,North Indian,212.21,36.55,Cash,32.1,3.4,4.2,Delivered
ORD100982,14-11-2025,14:10:00,C2157,Bangalore,Cloud Kitchen,Biryani,384.92,29.24,Credit Card,22.1,4.2,4.4,Delivered
ORD103285,26-11-2025,20:02:00,C1248,Hyderabad,Casual Dining,Biryani,356.8,30.76,Cash,39.4,2.4,3.8,Delivered
ORD104429,15-11-2025,18:11:00,C1489,Bangalore,Cloud Kitchen,North Indian,550.73,22.89,UPI,27.3,2.4,5,Delivered
ORD101172,12-03-2025,11:04:00,C1472,Mumbai,Casual Dining,North Indian,648.91,33.12,UPI,28.4,1.9,4.3,Delivered
ORD103085,31-05-2025,08:18:30,C1769,Bangalore,Fast Food,Biryani,312.12,110.54,UPI,74.6,15,3.2,Delivered
ORD104851,23-01-2025,16:16:15,C1051,Bangalore,Cloud Kitchen,North Indian,398.53,34.53,Debit Card,24.9,1.5,4.7,Delivered
ORD100477,02-12-2025,14:18:00,C1430,Bangalore,Fine Dining,Biryani,1132.07,29.67,UPI,41,5,4.2,Delivered
ORD101342,08-08-2025,14:55:00,C1756,Bangalore,Fast Food,North Indian,295.6,51.59,UPI,,2.4,,Cancelled
ORD104898,18-11-2025,21:21:00,C2001,Chennai,Casual Dining,South Indian,271.98,35.14,Debit Card,28.3,4.8,4.4,Delivered
ORD101562,08-07-2025,20:06:30,C1340,Mumbai,Casual Dining,Desserts,498.52,23.72,UPI,38.2,3.7,4.6,Delivered
ORD100005,11-06-2025,09:13:45,C2023,Chennai,Cloud Kitchen,Chinese,153.32,35.34,UPI,27.9,4.8,4.8,Delivered
ORD104831,30-10-2025,19:14:30,C1538,Hyderabad,Fast Food,Chinese,367.53,56.57,Cash,31.5,4.1,4.3,Delivered
ORD100660,03-02-2025,12:09:00,C1245,Hyderabad,Casual Dining,Chinese,564.47,60.96,Wallet,57.9,10.1,4.1,Delivered
ORD100844,18-10-2025,15:39:15,C1572,Chennai,Cafe,Desserts,265.22,22.14,Cash,32.1,2.2,4.8,Delivered
ORD104192,25-05-2025,20:23:00,C2045,Hyderabad,Cafe,Continental,574.97,23.64,UPI,40,2,4.5,Delivered
ORD101672,05-09-2025,19:44:30,C2154,Bangalore,Fast Food,Italian,452.16,43.29,Cash,35.5,3,4.4,Delivered
ORD101045,28-04-2025,14:29:15,C1139,Mumbai,Fast Food,Desserts,90,72.14,Cash,45,9.2,,Delivered
ORD103763,30-11-2025,14:05:00,C1537,Bangalore,Fast Food,Chinese,249.32,38.51,Credit Card,28.8,2.9,4.2,Delivered
ORD100959,01-10-2025,21:38:30,C1446,Chennai,Cloud Kitchen,South Indian,492.54,41.94,Debit Card,39.2,3,4.3,Delivered
ORD101335,15-03-2025,13:46:00,C1280,Mumbai,Fast Food,Chinese,259.88,68.59,Debit Card,51.3,8.2,4.1,Delivered
ORD102526,03-01-2025,20:58:00,C1830,Bangalore,Cafe,South Indian,155.2,55.78,Credit Card,34.1,4.5,4.7,Delivered
ORD103967,04-10-2025,17:09:15,C1581,Bangalore,Cafe,Fast Food,310.54,31.02,UPI,38.5,1.7,3.9,Delivered
ORD100389,04-11-2025,20:39:00,C1890,Hyderabad,Fast Food,Italian,441.65,44.87,Wallet,41.2,5.8,4.2,Delivered
ORD103646,29-06-2025,14:22:00,C2015,Hyderabad,Fast Food,North Indian,108.93,35.4,UPI,41.1,3.6,4,Delivered
ORD104867,14-05-2025,14:56:00,C1182,Mumbai,Cloud Kitchen,Biryani,629.11,30.03,Wallet,36.2,3.4,4,Delivered
ORD101921,14-09-2025,19:21:00,C1814,Kochi,Cloud Kitchen,Chinese,366.92,21.33,Cash,29.4,2.3,4.1,Delivered
ORD100470,01-03-2025,19:13:00,C1184,Bangalore,Cloud Kitchen,South Indian,329.27,25.37,Wallet,48.1,3.4,4,Delivered
ORD103611,22-06-2025,19:24:15,C1931,Hyderabad,Fast Food,South Indian,244.62,62.32,Cash,57.2,7.4,3.7,Delivered
ORD104286,02-04-2025,21:52:30,C1471,Kochi,Casual Dining,South Indian,381.1,32.22,Cash,31.4,1.3,4.8,Delivered
ORD101662,15-07-2025,17:23:15,C2191,Hyderabad,Casual Dining,Continental,809.88,30.67,UPI,36.2,4.9,4.3,Delivered
ORD103050,20-10-2025,20:35:30,C2118,Bangalore,Cafe,Chinese,274.75,33.73,UPI,49.3,4.9,4.5,Delivered
ORD104142,10-06-2025,19:16:00,C1689,Bangalore,Fast Food,North Indian,365.51,59.77,UPI,45.6,7.3,4.1,Delivered
ORD103610,17-07-2025,15:46:45,C2070,Bangalore,Casual Dining,Biryani,494.68,39.24,UPI,27.1,3.3,4.7,Delivered
ORD103581,02-12-2025,18:03:15,C1517,Bangalore,Fast Food,South Indian,202,24.83,Cash,34,2.3,4.4,Delivered
ORD100744,22-04-2025,15:17:00,C1406,Bangalore,Casual Dining,North Indian,515.06,23.6,Wallet,29.5,2.4,4.6,Delivered
ORD104411,21-09-2025,20:39:30,C2085,Chennai,Cloud Kitchen,Chinese,308.72,52.8,UPI,54.2,9.2,3.7,Delivered
ORD104928,09-06-2025,13:28:00,C1366,Hyderabad,Cafe,North Indian,193.9,47.14,UPI,40.9,4.9,4.2,Delivered
ORD100179,18-08-2025,01:51:00,C1259,Bangalore,Fast Food,Biryani,214.89,41.17,UPI,25.4,1.9,4.6,Delivered
ORD104803,10-10-2025,08:48:00,C1859,Bangalore,Cafe,Desserts,238.51,34.58,UPI,27,2,4.4,Delivered
ORD104560,16-04-2025,22:39:00,C1914,Kochi,Fast Food,North Indian,420.26,31.35,Debit Card,14,2.3,4.5,Delivered
ORD102995,10-07-2025,11:21:15,C1605,Mumbai,Fast Food,Fast Food,160.71,66.81,UPI,43.6,7.3,4,Delivered
ORD104824,14-08-2025,19:31:00,C2036,Chennai,Fast Food,South Indian,432.92,24.3,UPI,20.5,1.3,4.7,Delivered
ORD103979,10-12-2025,18:54:45,C1014,Bangalore,Fast Food,South Indian,196.46,33.89,Wallet,30.6,3.3,4.3,Delivered
ORD103499,21-11-2025,23:11:00,C1097,Hyderabad,Fast Food,Italian,206.55,54.55,UPI,44,8.3,3.8,Delivered
ORD101763,24-01-2025,21:11:15,C1626,Bangalore,Fast Food,Chinese,270.38,46.56,Cash,40.7,3.8,4.3,Delivered
ORD104647,24-03-2025,21:45:00,C1630,Chennai,Fine Dining,Chinese,1160.49,26.07,Cash,,3.6,,Cancelled
ORD104328,10-02-2025,21:24:15,C1444,Bangalore,Casual Dining,Biryani,266.83,28.75,Cash,32,1.8,4.3,Delivered
ORD103985,14-07-2025,22:33:45,C1833,Mumbai,Cloud Kitchen,Desserts,362.64,38.67,Debit Card,25.2,2.3,4.6,Delivered
ORD101007,10-03-2025,23:29:00,C1749,Hyderabad,Casual Dining,North Indian,444.03,45.3,UPI,,6.7,,Cancelled
ORD101153,09-01-2025,20:52:00,C1618,Hyderabad,Casual Dining,Chinese,542.83,36.55,UPI,23,4.9,4.6,Delivered
ORD100920,03-11-2025,17:05:15,C1873,Mumbai,Fast Food,North Indian,253.39,54.2,UPI,45.1,5.8,,Delivered
ORD101354,07-01-2025,16:24:00,C1917,Bangalore,Cloud Kitchen,Chinese,331.71,76.2,UPI,53.6,12.6,3.7,Delivered
ORD101905,16-02-2025,22:28:30,C1650,Bangalore,Casual Dining,South Indian,364.57,47.99,UPI,53.5,7.3,4.5,Delivered
ORD101248,05-10-2025,22:50:00,C1528,Hyderabad,Fine Dining,Chinese,1241.69,0,Credit Card,30.1,2.9,4.4,Delivered
ORD104075,12-02-2025,10:07:00,C1294,Bangalore,Cloud Kitchen,North Indian,409.37,45.6,UPI,17.6,1.6,4.5,Delivered
ORD102938,08-10-2025,11:05:00,C1507,Mumbai,Cloud Kitchen,Italian,562.12,46.15,UPI,35.9,4.8,3.7,Delivered
ORD104924,18-11-2025,14:51:30,C1579,Mumbai,Cloud Kitchen,Italian,508.69,60.64,Cash,38.7,5.8,4.3,Delivered
ORD100411,10-12-2025,18:55:00,C1051,Hyderabad,Cloud Kitchen,Biryani,275.71,36.88,Credit Card,39.7,4.8,4.5,Delivered
ORD104880,31-05-2025,14:29:00,C1677,Mumbai,Cloud Kitchen,South Indian,539.47,10.68,UPI,24.2,1,4.4,Delivered
ORD103336,25-07-2025,13:33:00,C1906,Kochi,Fast Food,Desserts,179.77,32.13,Debit Card,50.3,5.1,3.7,Delivered
ORD103231,26-10-2025,21:45:30,C1250,Bangalore,Casual Dining,Chinese,714.57,51.59,UPI,48.5,4.1,4,Delivered
ORD103489,25-07-2025,15:22:00,C1284,Hyderabad,Fast Food,North Indian,232.89,33.3,Credit Card,41.3,2.4,3.9,Delivered
ORD104295,03-12-2025,21:49:15,C1143,Bangalore,Casual Dining,Biryani,343.01,94.96,UPI,70.4,14.4,3.2,Delivered
ORD102763,26-06-2025,22:40:00,C1623,Hyderabad,Cloud Kitchen,Italian,667.72,53.33,Credit Card,31.4,2.5,4.7,Delivered
ORD101541,21-08-2025,20:19:00,C1925,Hyderabad,Fast Food,Biryani,373.58,41.86,UPI,24.7,2.8,4.5,Delivered
ORD100115,30-04-2025,20:36:30,C1657,Bangalore,Cloud Kitchen,Continental,321.91,26.4,Credit Card,38.3,2.7,4.8,Delivered
ORD101103,13-12-2025,12:37:00,C1433,Kochi,Cafe,Italian,589.32,25.13,UPI,26.4,2.6,4.4,Delivered
ORD101591,23-07-2025,08:12:00,C2042,Bangalore,Cafe,South Indian,105.16,48.39,Debit Card,33.9,5.5,3.7,Delivered
ORD103555,06-04-2025,09:26:45,C1787,Hyderabad,Fast Food,Desserts,350.17,35.73,Cash,35.1,4.9,4,Delivered
ORD102859,13-10-2025,22:40:00,C2036,Mumbai,Fast Food,South Indian,182.31,30.85,Credit Card,21,2.3,4.4,Delivered
ORD104911,21-09-2025,20:55:15,C1689,Bangalore,Fast Food,North Indian,300.54,33.39,Cash,44.6,1.8,2.9,Refunded
ORD102544,06-06-2025,23:38:15,C1740,Hyderabad,Casual Dining,Chinese,339.28,59.51,UPI,,5,,Cancelled
ORD101570,16-05-2025,22:58:30,C1922,Bangalore,Cloud Kitchen,,408.85,61.98,UPI,32.6,7.4,3.9,Delivered
ORD100069,12-09-2025,14:34:45,C1472,Hyderabad,Cloud Kitchen,Fast Food,312.01,36.95,UPI,33.9,5,4.6,Delivered
ORD102782,06-07-2025,14:25:00,C2128,Chennai,Fine Dining,Fast Food,348.4,21.59,Debit Card,20.4,1.1,5,Delivered
ORD100712,01-03-2025,08:23:00,C1491,Kochi,Casual Dining,Fast Food,448.85,60.31,UPI,53.2,10.2,3.9,Delivered
ORD104009,01-07-2025,18:27:45,C1552,Kochi,Fine Dining,Biryani,1116.71,26.27,Debit Card,26.7,3.9,4,Delivered
ORD103213,14-09-2025,13:38:30,C1090,Chennai,Fast Food,North Indian,224.81,39.37,Cash,35.5,4.5,4.2,Delivered
ORD100230,18-08-2025,16:10:00,C1842,Hyderabad,Cloud Kitchen,Fast Food,264.23,40.34,UPI,21.2,2.6,4.6,Delivered
ORD104155,08-09-2025,17:39:00,C1690,Hyderabad,Casual Dining,Italian,874.31,20.11,Debit Card,41.4,3.9,3.8,Delivered
ORD102513,05-12-2025,19:33:30,C1917,Mumbai,Casual Dining,South Indian,312.79,41.94,Debit Card,32.2,2.6,4.8,Delivered
ORD101187,22-01-2025,15:33:15,C1546,Bangalore,Fast Food,Continental,345.32,37.98,Credit Card,27.2,2.9,4.5,Delivered
ORD103681,14-10-2025,12:04:00,C1537,Hyderabad,Casual Dining,North Indian,688.54,43,UPI,48.7,5.3,4.1,Delivered
ORD101483,13-02-2025,23:46:45,C1446,Hyderabad,Cloud Kitchen,Biryani,458,47.76,Credit Card,31.1,4.7,5,Delivered
ORD103777,18-12-2025,12:15:30,C1805,Bangalore,Cafe,Chinese,158.88,50.24,Wallet,35.6,1.9,4.2,Delivered
ORD103816,12-12-2025,10:59:30,C1140,Hyderabad,Cloud Kitchen,North Indian,663.79,47.39,Credit Card,30.6,3.2,4.3,Delivered
ORD100949,21-11-2025,17:18:00,C1223,Chennai,Casual Dining,Biryani,580.75,56.85,UPI,39.4,6.5,4.6,Delivered
ORD103080,06-09-2025,22:13:30,C2067,Bangalore,Cloud Kitchen,North Indian,403.08,56.41,UPI,37.9,5.9,4.3,Delivered
ORD102245,17-04-2025,14:59:15,C1109,Bangalore,Cafe,Fast Food,387.26,22.54,Wallet,38.3,3.1,4.7,Delivered
ORD100387,19-10-2025,20:20:00,C1145,Hyderabad,Cafe,South Indian,373.03,60.2,UPI,48.2,7.9,4.3,Delivered
ORD101106,15-09-2025,22:31:00,C2124,Chennai,Cafe,North Indian,327.94,31.71,Credit Card,22.8,2.3,5,Delivered
ORD100884,01-02-2025,19:57:15,C2062,Mumbai,Fast Food,Fast Food,270.4,38.75,UPI,40,4.6,4.1,Delivered
ORD103973,27-09-2025,17:37:15,C1993,Bangalore,Casual Dining,Biryani,269.12,62.47,UPI,42.9,7.5,4.4,Refunded
ORD103230,03-10-2025,18:08:45,C2034,Bangalore,Cloud Kitchen,South Indian,482.67,29.75,Cash,34.7,3.9,4.2,Delivered
ORD102122,13-02-2025,20:21:30,C1321,Bangalore,Fine Dining,Chinese,1421.52,1.51,UPI,44.9,4.8,4.7,Delivered
ORD100160,07-06-2025,19:26:15,C1123,Kochi,Fast Food,North Indian,158.51,56.61,UPI,42.8,7.4,4.5,Delivered
ORD103567,11-03-2025,21:26:00,C1449,Chennai,Cafe,Chinese,402.22,53.1,Debit Card,43.4,5.5,4.3,Delivered
ORD102946,18-11-2025,19:45:45,C1321,Hyderabad,Cloud Kitchen,North Indian,589.94,40.8,Cash,,3.5,5,Delivered
ORD102181,13-09-2025,14:55:45,C2011,Mumbai,Cafe,North Indian,173.4,40.73,UPI,40.4,4.5,4,Delivered
ORD103293,11-07-2025,16:06:30,C1760,Hyderabad,Cloud Kitchen,South Indian,206.98,50.54,UPI,29.7,5.3,4.8,Delivered
ORD102261,04-05-2025,22:14:00,C1012,Bangalore,Fast Food,Biryani,135.88,28.08,UPI,24.6,3.6,4.3,Delivered
ORD104643,14-06-2025,12:20:00,C1374,Mumbai,Casual Dining,Biryani,708.62,45.65,Debit Card,48.5,6.1,4.5,Delivered
ORD104548,25-05-2025,12:10:00,C1154,Bangalore,Fine Dining,Chinese,1516.89,1.35,UPI,34.2,4.2,4.9,Delivered
ORD102921,28-06-2025,20:00:15,C1409,Bangalore,Casual Dining,Fast Food,770.18,40.76,UPI,41.1,6.1,3.7,Delivered
ORD100812,25-12-2025,19:16:15,C1191,Hyderabad,Cloud Kitchen,South Indian,554.96,39.47,Cash,32.1,5.3,4.8,Delivered
ORD100777,06-02-2025,12:55:00,C1979,Hyderabad,Cloud Kitchen,Italian,629.94,35.12,UPI,38.3,2.4,4,Delivered
ORD104904,03-08-2025,20:44:15,C1597,Bangalore,Cloud Kitchen,Biryani,341.08,28.35,UPI,45.4,3.2,4.1,Delivered
ORD101071,20-05-2025,18:48:15,C1611,Kochi,Cafe,Biryani,90,40.61,Credit Card,17,1.9,5,Delivered
ORD102341,28-09-2025,18:43:30,C2054,Mumbai,Casual Dining,Chinese,724.2,45.97,UPI,26,1.6,4.7,Delivered
ORD100157,07-01-2025,16:58:00,C1367,Kochi,Cloud Kitchen,Italian,299.58,44.91,Wallet,26.3,3.7,4.8,Delivered
ORD102383,23-03-2025,21:08:00,C2124,Chennai,Casual Dining,Chinese,460.74,40.26,UPI,46.6,5.8,4.7,Delivered
ORD101099,13-11-2025,09:34:00,C1882,Bangalore,Cafe,North Indian,240.93,42.97,Debit Card,23.4,3.1,4.6,Delivered
ORD104526,01-08-2025,15:42:45,C2048,Mumbai,Cloud Kitchen,Chinese,516.9,54.61,UPI,35.6,3.6,4.5,Delivered
ORD100935,04-11-2025,22:09:15,C1804,Hyderabad,Cloud Kitchen,Desserts,316.54,37.47,Credit Card,27.3,2.7,4.6,Delivered
ORD103840,27-03-2025,23:33:00,C1726,Chennai,Fast Food,Chinese,292.77,56.69,UPI,23.6,4.8,4.3,Delivered
ORD103501,05-08-2025,23:11:15,C1082,Hyderabad,Fast Food,Continental,440.64,48.62,Cash,48.1,7.2,3.9,Delivered
ORD101982,29-08-2025,22:54:00,C1799,Chennai,Fast Food,North Indian,279.05,35.67,Debit Card,28.2,5.1,5,Delivered
ORD101133,12-02-2025,15:10:00,C1208,Mumbai,Fast Food,Chinese,212.7,76.83,Wallet,51.4,10.4,3.7,Delivered
ORD100990,22-03-2025,08:40:00,C1023,Bangalore,Fast Food,Chinese,220.98,29.32,UPI,31.7,2.1,4.6,Delivered
ORD100532,23-12-2025,14:13:00,C1430,Kochi,Cloud Kitchen,Italian,211.62,24.29,UPI,14.3,0.9,4.3,Delivered
ORD104123,05-12-2025,20:52:30,C1609,Kochi,Casual Dining,North Indian,502.62,27.24,Cash,34.6,2.9,4.1,Delivered
ORD104242,17-09-2025,22:43:00,C1906,Bangalore,Cloud Kitchen,Continental,568.48,38.91,Wallet,26.9,4.6,4.5,Delivered
ORD104198,12-04-2025,12:40:00,C1243,Hyderabad,Casual Dining,Continental,746.65,51.17,Debit Card,39.7,5,4.8,Delivered
ORD102203,13-03-2025,07:39:30,C1429,Chennai,Casual Dining,Biryani,335.75,37.56,UPI,31.6,4.7,4.3,Delivered
ORD104901,21-12-2025,19:46:00,C1649,Mumbai,Fine Dining,Fast Food,1037.25,15.5,Debit Card,38.8,3.3,4.3,Delivered
ORD101650,16-06-2025,11:10:45,C2129,Mumbai,Fast Food,South Indian,226.72,43.45,Wallet,43.4,4.5,4,Delivered
ORD103259,01-09-2025,20:42:00,C1235,Hyderabad,Cloud Kitchen,Italian,352.64,23.97,Wallet,35.1,0.9,4.1,Delivered
ORD103133,06-09-2025,18:34:45,C1858,Bangalore,Fine Dining,Italian,1077.52,23.16,Wallet,20.6,2.1,5,Delivered
ORD104940,09-12-2025,22:51:45,C1432,Bangalore,Fast Food,South Indian,208.07,33.22,Debit Card,23.8,1.7,4.7,Delivered
ORD103884,02-01-2025,19:59:00,C1823,Kochi,Cafe,Desserts,100.4,31.94,Credit Card,44.1,4,4.3,Delivered
ORD104018,03-01-2025,14:54:45,C1106,Chennai,Casual Dining,Italian,633.74,47.04,UPI,32.7,4.5,4.4,Delivered
ORD101719,16-08-2025,20:02:30,C1826,Hyderabad,Cafe,Italian,250.48,25.75,UPI,22.9,1.3,4.5,Delivered
ORD104369,10-06-2025,21:31:00,C2072,Bangalore,Cafe,Biryani,369,41.7,Credit Card,38.2,2.8,4.3,Delivered
ORD104839,09-11-2025,13:48:15,C1522,Chennai,Cloud Kitchen,Continental,277.23,48.8,UPI,30.1,3.4,4.9,Delivered
ORD103387,17-06-2025,10:01:45,C1984,Mumbai,Cloud Kitchen,Fast Food,631.57,38.24,Credit Card,,3.4,,Cancelled
ORD102614,01-02-2025,19:25:45,C1363,Chennai,Cloud Kitchen,Fast Food,454.42,47.49,UPI,41.6,4.1,3.8,Delivered
ORD100636,30-03-2025,12:54:00,C1895,Bangalore,Fast Food,Biryani,137.38,42.72,Cash,37.7,4.1,3.7,Delivered
ORD104601,27-04-2025,18:02:00,C1831,Chennai,Cloud Kitchen,Biryani,408.25,33.97,UPI,28.4,3.1,4.3,Delivered
ORD100145,18-05-2025,15:40:00,C1826,Hyderabad,Fast Food,Desserts,197.4,51.2,UPI,,8,,Cancelled
ORD104532,15-05-2025,13:44:30,C1310,Chennai,Cafe,Chinese,306.55,37.53,Credit Card,18.3,1.6,4.8,Delivered
ORD100435,29-08-2025,19:32:15,C2043,Chennai,Casual Dining,South Indian,237.9,42.23,Debit Card,29.1,4.1,4.2,Delivered
ORD101518,11-08-2025,22:11:45,C1836,Bangalore,Casual Dining,Desserts,665.98,36.23,Cash,31.3,5.5,4.7,Delivered
ORD104736,20-10-2025,12:59:45,C2077,Bangalore,Fast Food,North Indian,160.85,54.35,UPI,48.5,7.9,4,Delivered
ORD103178,06-11-2025,16:27:00,C1465,Chennai,Cafe,North Indian,275.68,36.64,UPI,25,3.3,5,Delivered
ORD104585,18-07-2025,21:41:00,C1700,Mumbai,Casual Dining,Italian,700.26,25.08,UPI,38.5,2.2,4.4,Delivered
ORD103839,16-06-2025,14:17:00,C1454,Bangalore,Casual Dining,Fast Food,490.56,77.37,Debit Card,47.1,9,4.6,Delivered
ORD101593,22-08-2025,21:09:00,C1805,Kochi,Casual Dining,Chinese,584.46,48.62,UPI,39.5,4.8,4,Delivered
ORD100380,03-08-2025,18:18:00,C1483,Hyderabad,Cloud Kitchen,Chinese,324.84,23.34,Debit Card,26.7,3,4.2,Delivered
ORD100469,21-02-2025,12:45:00,C2066,Mumbai,Cloud Kitchen,Biryani,821.52,11.95,UPI,17.6,1.5,4.9,Delivered
ORD103936,29-04-2025,20:19:00,C1749,Hyderabad,Fast Food,Biryani,258.32,53.67,Cash,41,6.3,3.6,Delivered
ORD101186,26-06-2025,12:32:15,C2173,Bangalore,Cafe,Continental,445.69,75.19,UPI,57.2,8,4.2,Delivered
ORD103744,02-04-2025,23:31:00,C1530,Kochi,Fast Food,Desserts,209.02,60.32,Cash,43.6,7.8,4.3,Delivered
ORD104619,04-02-2025,22:03:15,C1481,Hyderabad,Fast Food,North Indian,204.62,50.37,Credit Card,26.2,3.8,4.8,Delivered
ORD104336,09-08-2025,20:12:30,C1303,Mumbai,Fast Food,Chinese,396.27,73.71,UPI,68.7,9.5,4,Delivered
ORD101924,07-11-2025,07:08:45,C2013,Mumbai,Cafe,South Indian,437.12,62.01,Cash,60.1,10.7,4.5,Delivered
ORD102706,25-02-2025,22:53:45,C1592,Bangalore,Fast Food,Chinese,306.06,49.38,UPI,,3.4,,Cancelled
ORD101540,01-11-2025,14:49:00,C1617,Chennai,Cloud Kitchen,Chinese,216.2,23.86,UPI,20.3,1.9,4.5,Delivered
ORD101863,10-07-2025,18:08:00,C2026,Bangalore,Fast Food,North Indian,205.5,32.93,Credit Card,17.1,1.8,4.6,Delivered
ORD102951,26-10-2025,07:12:00,C1789,Bangalore,Cloud Kitchen,South Indian,90,43.52,UPI,26.3,2.6,4.9,Delivered
ORD104758,01-02-2025,14:58:15,C1888,Chennai,Fine Dining,South Indian,744.95,34.04,Credit Card,38.5,1.9,3.8,Delivered
ORD104659,11-09-2025,17:46:30,C2198,Chennai,Fast Food,North Indian,106,38.92,Cash,15,2.9,4.2,Delivered
ORD103200,03-12-2025,20:27:30,C1111,Mumbai,Casual Dining,Italian,544.33,40.42,Credit Card,44.1,4.6,3.7,Delivered
ORD104260,04-03-2025,11:21:30,C2099,Hyderabad,Fast Food,South Indian,248.28,25.75,UPI,22.2,2.8,4.2,Delivered
ORD101358,04-02-2025,20:59:15,C1877,Hyderabad,Cafe,North Indian,310.95,27.44,Cash,27.1,0.7,4.5,Delivered
ORD100408,25-03-2025,14:08:45,C2052,Mumbai,Fast Food,North Indian,269.43,37,Credit Card,33.5,3.6,4.8,Delivered
ORD102516,03-07-2025,19:12:45,C1199,Kochi,Casual Dining,South Indian,550.99,55.53,Credit Card,51.2,8.5,4.2,Delivered
ORD102769,14-02-2025,21:00:45,C2003,Hyderabad,Fast Food,South Indian,231.11,64.77,Credit Card,38.6,8,4.4,Delivered
ORD103563,29-07-2025,00:33:30,C1492,Mumbai,Cloud Kitchen,Continental,381.55,49.14,UPI,35.6,3.9,4.3,Delivered
ORD103013,06-06-2025,16:05:45,C1550,Hyderabad,Casual Dining,North Indian,396.23,35.07,UPI,25.3,3.4,5,Delivered
ORD101945,16-03-2025,19:20:15,C1326,Hyderabad,Cafe,North Indian,316.13,34.2,Cash,50.2,4.6,4.2,Delivered
ORD101075,10-05-2025,12:00:30,C2106,Hyderabad,Fast Food,Biryani,290.47,61.22,UPI,35.5,6.1,4.6,Delivered
ORD100917,04-06-2025,13:11:00,C1185,Bangalore,Cloud Kitchen,Biryani,477.28,55.32,Debit Card,53.3,6,4.4,Delivered
ORD100590,22-04-2025,18:17:30,C2130,Chennai,Fast Food,South Indian,229.6,46.28,Cash,35.3,5.6,4.5,Delivered
ORD101277,29-04-2025,16:19:00,C1136,Chennai,Cloud Kitchen,Biryani,545.04,48.69,Credit Card,23,4.3,4.8,Delivered
ORD103678,23-01-2025,18:45:00,C2055,Hyderabad,Cloud Kitchen,South Indian,325.98,38.44,Cash,30.4,3.2,4.4,Delivered
ORD103871,25-10-2025,13:20:00,C1610,Bangalore,Cafe,Biryani,245.14,25.22,UPI,30.3,2.3,4.2,Delivered
ORD103161,05-04-2025,21:20:00,C2119,Bangalore,Casual Dining,Desserts,383.67,45.71,UPI,34.6,5.6,4.7,Delivered
ORD102534,09-05-2025,20:46:00,C1690,Bangalore,Fast Food,Italian,212.85,45.56,UPI,14.6,3.4,4.6,Delivered
ORD103519,01-09-2025,13:54:45,C1827,Hyderabad,Cafe,Biryani,409.74,10.62,Credit Card,25.5,1.5,4.7,Delivered
ORD101762,04-12-2025,23:57:15,C1460,Hyderabad,Cloud Kitchen,Chinese,90,46.55,Debit Card,24.4,4,4.6,Delivered
ORD100213,13-07-2025,13:08:00,C2197,Mumbai,Fast Food,Chinese,324.52,54.35,Wallet,57.1,8,3.5,Delivered
ORD103948,12-05-2025,21:36:00,C2197,Kochi,Fine Dining,North Indian,1281.35,0,Credit Card,27.8,1.7,4.6,Delivered
ORD101419,04-05-2025,22:21:00,C2185,Bangalore,Cloud Kitchen,North Indian,357.64,45.74,Credit Card,29.6,4.1,4.6,Delivered
ORD102866,18-09-2025,18:50:00,C1099,Hyderabad,Cloud Kitchen,Biryani,377.29,29.21,UPI,15.3,1.5,4.8,Delivered
ORD100481,29-09-2025,22:34:45,C1255,Mumbai,Fast Food,Biryani,400.8,42.05,UPI,29.8,3.9,4.5,Delivered
ORD101239,04-01-2025,15:15:45,C1980,Mumbai,Cloud Kitchen,South Indian,424.91,51.26,UPI,37.7,3.2,4.8,Delivered
ORD103558,28-09-2025,18:10:00,C1169,Bangalore,Casual Dining,Desserts,629.53,19.54,Cash,27.5,2.7,4.9,Delivered
ORD100012,09-10-2025,22:53:00,C1192,Kochi,Cloud Kitchen,South Indian,90,53.52,Credit Card,24.9,3.5,5,Delivered
ORD102220,03-04-2025,12:11:30,C1138,Mumbai,Cloud Kitchen,Fast Food,248.07,21.11,Cash,41.6,2.7,4.1,Delivered
ORD101440,09-09-2025,14:55:00,C2054,Kochi,Fast Food,Chinese,278.41,18.15,Cash,29.6,2.8,4.3,Delivered
ORD102735,29-06-2025,12:21:15,C1326,Mumbai,Casual Dining,Biryani,246.48,66.28,Cash,63.7,8.1,3.7,Delivered
ORD101950,14-09-2025,11:40:00,C1493,Hyderabad,Casual Dining,North Indian,441.29,56.41,Wallet,51.1,9.5,4.1,Delivered
ORD103836,13-09-2025,13:33:30,C1512,Hyderabad,Fine Dining,Chinese,1870.16,14.1,Cash,40.8,4.9,4.6,Delivered
ORD101378,11-09-2025,08:58:30,C1757,Kochi,Cafe,North Indian,96.34,31.88,Wallet,37.6,4.1,5,Delivered
ORD101163,09-10-2025,19:47:30,C1461,Bangalore,Fine Dining,Continental,1423.59,2.85,Credit Card,29,1.5,4.7,Delivered
ORD103772,28-07-2025,21:10:00,C2128,Hyderabad,Cloud Kitchen,North Indian,722.01,56.36,UPI,61.8,7.8,3.7,Delivered
ORD102436,05-09-2025,18:04:00,C1926,Mumbai,Cloud Kitchen,Italian,451.4,44.71,Credit Card,34.8,3.7,4.3,Delivered
ORD102249,11-01-2025,20:22:15,C1087,Hyderabad,Casual Dining,Biryani,514.72,22.81,UPI,,2.8,,Cancelled
ORD101632,30-08-2025,21:31:00,C1752,Bangalore,Casual Dining,Biryani,356.87,29.71,Debit Card,30.7,2.4,4.7,Delivered
ORD103279,28-02-2025,14:47:30,C1764,Kochi,Fast Food,North Indian,204.63,29.2,UPI,27.2,3.2,4.2,Delivered
ORD102967,23-09-2025,19:00:00,C1871,Hyderabad,Fine Dining,Fast Food,408.04,18.33,Credit Card,24.1,2.1,4.5,Delivered
ORD102116,14-08-2025,20:14:30,C1079,Hyderabad,Fast Food,Biryani,368.2,40.52,UPI,27.6,3.5,5,Delivered
ORD103983,13-06-2025,18:41:00,C1231,Kochi,Fine Dining,Italian,1141.94,2.78,UPI,30.2,2.2,4.5,Delivered
ORD104027,13-02-2025,18:14:00,C1333,Bangalore,Cafe,North Indian,341.96,57.45,Debit Card,29.3,6.4,4.9,Delivered
ORD103426,15-07-2025,12:43:15,C1060,Kochi,Cafe,Fast Food,417.39,43.47,Cash,26.8,1.9,5,Delivered
ORD100651,07-12-2025,23:32:30,C2091,Chennai,Cloud Kitchen,Chinese,460.51,45.43,Credit Card,26,3.9,4.7,Delivered
ORD100623,25-09-2025,12:10:45,C1569,Mumbai,Cloud Kitchen,Italian,373.5,54.42,Credit Card,52.1,6.3,4.1,Delivered
ORD104554,05-09-2025,23:13:30,C1803,Mumbai,Fast Food,Italian,444.44,23.1,UPI,32,1.4,4.6,Delivered
ORD103930,24-03-2025,08:34:15,C2132,Mumbai,Fast Food,Biryani,325.68,47.92,UPI,21.1,3.1,4.3,Delivered
ORD101317,25-07-2025,17:18:00,C1378,Chennai,Fine Dining,Chinese,1263.12,20.77,UPI,36.3,5.9,4.4,Delivered
ORD101516,29-05-2025,09:52:30,C1613,Mumbai,Casual Dining,South Indian,395.63,47.28,UPI,22,2.9,4.9,Delivered
ORD101669,06-04-2025,12:07:00,C1309,Bangalore,Fast Food,South Indian,358.66,33.37,Debit Card,32.6,1.5,4.6,Delivered
ORD104718,28-09-2025,21:07:45,C1770,Hyderabad,Fast Food,Chinese,475.51,52.25,Debit Card,52.6,7.4,4.1,Delivered
ORD104808,11-08-2025,09:50:30,C1396,Mumbai,Cloud Kitchen,Chinese,727.61,26.02,UPI,28.4,3.5,4.7,Delivered
ORD100377,08-03-2025,20:28:15,C1274,Bangalore,Cafe,Fast Food,473.1,24.51,Cash,43.4,3.6,4.1,Delivered
ORD103736,24-06-2025,03:05:15,C1907,Bangalore,Casual Dining,North Indian,532.94,40.46,Credit Card,24.3,2.5,4.8,Delivered
ORD104915,29-09-2025,22:48:00,C1542,Mumbai,Casual Dining,Fast Food,537.07,48.85,UPI,36,4.8,4.5,Delivered
ORD102112,18-12-2025,18:50:15,C1175,Kochi,Cloud Kitchen,Biryani,598.21,36.09,Credit Card,17,3.5,4.8,Delivered
ORD103130,27-03-2025,12:41:15,C1062,Hyderabad,Fast Food,North Indian,359.9,31.85,Credit Card,42.7,2.9,4.4,Delivered
ORD104765,12-05-2025,18:38:15,C1349,Hyderabad,Cafe,Desserts,90,26.71,UPI,28,2.8,4.5,Delivered
ORD100062,18-12-2025,21:04:00,C1660,Hyderabad,Fast Food,North Indian,191.24,33.32,Debit Card,31,3,4.5,Delivered
ORD101393,06-04-2025,14:12:00,C1906,Bangalore,Fast Food,Fast Food,277.23,34.97,Cash,22.5,3.7,5,Delivered
ORD101701,02-01-2025,19:19:00,C1272,Mumbai,Fast Food,Chinese,173.19,14.19,UPI,22.8,1.8,5,Delivered
ORD102191,21-11-2025,13:31:00,C2021,Bangalore,Fast Food,North Indian,431.49,41.04,Wallet,31.9,3.7,4.6,Delivered
ORD103747,05-01-2025,22:45:00,C1466,Chennai,Cafe,South Indian,414.67,41.38,UPI,25.6,2.5,4.7,Delivered
ORD100998,31-05-2025,19:08:45,C1319,Bangalore,Fast Food,North Indian,394.91,45.28,Wallet,67,7.1,4,Delivered
ORD103404,02-09-2025,11:41:00,C1349,Chennai,Casual Dining,Biryani,692.56,45.74,UPI,26.2,5.6,4.7,Delivered
ORD100251,06-12-2025,21:29:30,C1558,Hyderabad,Fast Food,Desserts,282.96,33.54,Credit Card,34.5,3.9,4.2,Delivered
ORD102719,15-09-2025,12:33:15,C1441,Bangalore,Cloud Kitchen,South Indian,561.07,67.46,Credit Card,50.7,7.2,3.5,Delivered
ORD101136,13-07-2025,23:05:00,C1887,Mumbai,Cafe,Biryani,380.74,26.61,UPI,35.5,3.5,4.6,Delivered
ORD103758,29-06-2025,14:36:30,C1152,Hyderabad,Cloud Kitchen,North Indian,529.16,27.78,Debit Card,37.1,3.3,4.1,Delivered
ORD103579,11-01-2025,15:52:00,C1126,Mumbai,Fast Food,Chinese,205.02,48.03,UPI,45.3,6,4.5,Delivered
ORD103888,08-03-2025,22:21:30,C2005,Hyderabad,Fast Food,South Indian,208.51,31.61,Credit Card,23.8,0.9,5,Delivered
ORD104020,11-11-2025,19:17:00,C1427,Chennai,Fast Food,Biryani,268.91,45.12,Cash,31.9,3.6,4.2,Delivered
ORD101901,20-09-2025,17:22:30,C1993,Chennai,Cafe,North Indian,298.45,50.77,Wallet,38.1,5,4.1,Delivered
ORD102425,23-07-2025,11:47:15,C1518,Kochi,Cloud Kitchen,South Indian,90,40.55,Debit Card,18.4,3.6,4.3,Refunded
ORD101878,19-12-2025,17:50:00,C1341,Chennai,Cafe,Desserts,175.31,34.81,Credit Card,27.3,2.7,4.4,Delivered
ORD100854,07-06-2025,12:56:15,C1268,Chennai,Fine Dining,Italian,902.92,84.94,UPI,60.1,11.6,4,Delivered
ORD100023,14-07-2025,22:36:00,C1832,Hyderabad,Fast Food,North Indian,232.3,51.47,UPI,23.3,5.9,4.9,Delivered
ORD102471,28-11-2025,14:54:15,C1179,Bangalore,Fast Food,South Indian,290.47,54.39,Debit Card,49.8,8.3,3.7,Delivered
ORD102272,20-03-2025,11:49:00,C1503,Mumbai,Cafe,Chinese,265.89,33.51,UPI,31.1,4,4.2,Delivered
ORD100799,16-03-2025,18:01:30,C1448,Hyderabad,Casual Dining,Chinese,305.42,46.61,UPI,19.2,3.2,4.4,Delivered
ORD100768,16-09-2025,18:44:00,C1496,Mumbai,Casual Dining,North Indian,671.2,23.33,Debit Card,,2.8,,Cancelled
ORD102978,30-12-2025,20:07:15,C1421,Bangalore,Cafe,Chinese,349.78,26.49,Credit Card,30.1,1.5,4.6,Delivered
ORD101834,26-11-2025,14:44:45,C2014,Mumbai,Cloud Kitchen,Italian,520.45,37.31,Credit Card,28,2.3,4.6,Delivered
ORD102459,18-03-2025,11:50:45,C1610,Bangalore,Casual Dining,North Indian,757.42,25.46,Debit Card,25.2,2.2,4.6,Delivered
ORD100207,13-09-2025,22:59:15,C2199,Hyderabad,Casual Dining,Desserts,545.05,30.63,UPI,18,3.4,5,Delivered
ORD104246,01-06-2025,11:21:45,C1581,Bangalore,Cafe,Continental,432.65,33.23,Wallet,36.4,3.1,4.2,Delivered
ORD104385,16-01-2025,19:56:00,C1151,Hyderabad,Casual Dining,Fast Food,629.94,25.34,Credit Card,28.9,1.4,5,Delivered
ORD104591,13-12-2025,14:58:15,C1337,Hyderabad,Casual Dining,North Indian,483.07,70.1,Cash,39.3,7.2,4.5,Delivered
ORD102964,09-06-2025,11:22:15,C1614,Hyderabad,Fast Food,Biryani,335.58,35.36,UPI,22.3,2.1,5,Delivered
ORD100749,22-05-2025,15:30:00,C1458,Hyderabad,Casual Dining,Fast Food,681.87,32.49,Credit Card,14.3,2.7,4.6,Delivered
ORD104486,04-08-2025,09:01:15,C1991,Bangalore,Fast Food,Chinese,455.87,30.87,Credit Card,31.2,2.3,3.2,Refunded
ORD103647,16-08-2025,16:54:00,C2085,Bangalore,Cloud Kitchen,Fast Food,345.43,22.49,UPI,25,1.8,4.7,Delivered
ORD100687,23-09-2025,21:41:00,C2113,Bangalore,Fast Food,Chinese,244.26,42.02,UPI,37,2.8,4.4,Delivered
ORD104981,16-03-2025,12:21:45,C1718,Hyderabad,Fast Food,Fast Food,400.23,54.62,Credit Card,45.6,5.9,4.4,Delivered
ORD101432,12-05-2025,17:33:15,C1894,Kochi,Fast Food,South Indian,153.34,39.93,Credit Card,26.1,2.5,4.9,Delivered
ORD103732,13-01-2025,20:13:00,C1301,Chennai,Cloud Kitchen,Chinese,478.46,37.54,UPI,22.7,3,5,Delivered
ORD103783,31-08-2025,13:12:00,C1991,Bangalore,Fast Food,South Indian,195.43,17.98,UPI,28.7,1.9,4.7,Delivered
ORD102774,06-08-2025,13:31:15,C1878,Bangalore,Cloud Kitchen,South Indian,470.96,42.36,Debit Card,27.5,4.1,4.6,Delivered
ORD101138,03-02-2025,14:34:00,C1830,Chennai,Cloud Kitchen,South Indian,292.79,40.85,Cash,19.8,2,5,Delivered
ORD104125,26-11-2025,15:32:00,C1981,Kochi,Fast Food,,359.95,38.49,UPI,29,4.3,5,Delivered
ORD100291,28-05-2025,20:33:30,C1725,Kochi,Cafe,Chinese,340.07,71.09,Debit Card,52.3,8.9,4.2,Delivered
ORD102185,20-08-2025,11:42:30,C1180,Chennai,Fast Food,North Indian,292.58,37.99,UPI,17.8,3.2,4.5,Delivered
ORD101788,16-06-2025,19:41:00,C1591,Chennai,Casual Dining,North Indian,347.08,83.23,UPI,49,10.5,3.8,Delivered
ORD103838,21-08-2025,13:06:00,C1780,Bangalore,Fast Food,Fast Food,115.45,37.43,UPI,35.3,2.1,4.9,Delivered
ORD100347,12-03-2025,20:35:15,C1087,Mumbai,Casual Dining,Biryani,604.72,37.57,Credit Card,27.7,2.4,4.3,Delivered
ORD101375,20-02-2025,15:42:30,C2112,Mumbai,Fast Food,Desserts,328.25,56.11,Credit Card,46,6,3.8,Delivered
ORD102711,13-07-2025,22:07:00,C1783,Kochi,Casual Dining,Italian,732.12,28.66,Credit Card,39.7,5.4,4.3,Delivered
ORD104128,27-08-2025,18:53:00,C1250,Mumbai,Fast Food,Chinese,215.35,41.93,Cash,34.5,5.5,4.3,Delivered
ORD104852,23-01-2025,18:28:15,C1673,Chennai,Cloud Kitchen,Fast Food,247.34,59.57,UPI,50.2,9.4,3.8,Delivered
ORD102130,06-07-2025,17:33:00,C2074,Chennai,Casual Dining,Biryani,584.48,52.12,Debit Card,33,5.9,4.2,Delivered
ORD102065,27-01-2025,20:51:00,C2018,Kochi,Casual Dining,Biryani,563.73,43.69,UPI,31.4,4.1,4.1,Delivered
ORD104910,05-07-2025,14:53:00,C1544,Chennai,Casual Dining,Chinese,582.64,52.78,UPI,23.3,6.1,5,Delivered
ORD104544,12-06-2025,21:05:30,C1310,Mumbai,Fast Food,North Indian,298.81,34.37,Credit Card,21.8,2,4.6,Delivered
ORD100162,19-08-2025,17:22:00,C1926,Chennai,Fast Food,South Indian,427.22,71.31,UPI,46.1,9.5,4.3,Delivered
ORD101370,14-04-2025,19:15:00,C1862,Mumbai,Cloud Kitchen,Chinese,548.12,69.99,Debit Card,57,9.3,3.9,Delivered
ORD100270,06-06-2025,12:20:30,C1453,Bangalore,Cafe,Continental,233.12,50.83,Wallet,45.2,5,4.4,Delivered
ORD102281,02-09-2025,15:17:15,C1565,Kochi,Fast Food,North Indian,325.18,23.03,UPI,,2,,Cancelled
ORD104397,28-02-2025,16:13:15,C2091,Mumbai,Casual Dining,Italian,308.11,33.71,UPI,30.9,5,4.6,Delivered
ORD104540,30-11-2025,19:34:45,C1691,Chennai,Fine Dining,Continental,1061.21,10.95,Wallet,39.9,3.7,4.5,Delivered
ORD102948,21-08-2025,20:34:45,C1814,Hyderabad,Fast Food,Chinese,219.52,39.46,Cash,40,4.5,4.6,Delivered
ORD102025,18-01-2025,20:16:15,C1904,Kochi,Fine Dining,Biryani,997.66,66.38,Debit Card,66.2,10.2,3.6,Delivered
ORD102482,03-01-2025,22:08:15,C1746,Mumbai,Fast Food,North Indian,538.2,22.09,Credit Card,30.1,3.3,4.9,Delivered
ORD102974,28-04-2025,05:44:15,C2108,Kochi,Casual Dining,Chinese,246.32,59.46,UPI,,9,,Cancelled
ORD104431,22-10-2025,12:03:30,C2167,Hyderabad,Fast Food,North Indian,332.28,40.9,Cash,17.5,1.9,4.7,Delivered
ORD101618,03-08-2025,13:36:00,C1963,Mumbai,Fast Food,South Indian,180.19,43.17,Credit Card,47.2,6,3.6,Delivered
ORD100594,29-11-2025,12:36:30,C2177,Hyderabad,Fine Dining,Italian,928.54,40.34,UPI,54,8.7,4.2,Delivered
ORD101929,08-03-2025,19:31:15,C1727,Chennai,Casual Dining,South Indian,369.25,52.81,UPI,37.4,2.9,4.7,Delivered
ORD103868,05-06-2025,12:31:00,C2039,Mumbai,Fast Food,Italian,277.71,47.53,UPI,46.9,5.2,4.6,Delivered
ORD101560,21-12-2025,14:36:30,C1846,Chennai,Fast Food,Biryani,111.22,50.54,UPI,43.1,6.5,4.5,Delivered
ORD104224,28-10-2025,15:22:00,C1094,Bangalore,Cloud Kitchen,Fast Food,90,51.8,UPI,34.8,4,3.9,Delivered
ORD101249,02-08-2025,15:08:00,C1456,Kochi,Fast Food,Chinese,405.98,33.62,UPI,43.7,4.7,4.5,Delivered
ORD102213,18-01-2025,13:57:00,C1758,Kochi,Cafe,Chinese,413.22,49.87,Cash,35.4,4.9,4.5,Delivered
ORD100725,12-05-2025,15:27:00,C1295,Bangalore,Casual Dining,Fast Food,488.94,36.88,Cash,29.1,1.8,4,Refunded
ORD100401,27-05-2025,13:45:15,C1739,Hyderabad,Fast Food,Biryani,457.05,21.08,Credit Card,36.4,1.9,4.3,Delivered
ORD104248,15-11-2025,21:43:00,C1760,Bangalore,Cafe,Biryani,364.7,42.25,UPI,41.2,4.7,4.4,Delivered
ORD102155,06-07-2025,10:07:15,C1475,Hyderabad,Fast Food,North Indian,124.93,38.4,Credit Card,,1.1,,Cancelled
ORD100211,20-08-2025,22:55:00,C2150,Chennai,Casual Dining,Fast Food,172.37,33.05,Debit Card,12.9,1.2,4,Delivered
ORD101366,19-03-2025,07:08:15,C1715,Hyderabad,Fine Dining,Biryani,1139.85,28.36,Cash,30.7,5.2,4.9,Delivered
ORD103545,17-10-2025,22:00:15,C1194,Bangalore,Cloud Kitchen,Chinese,464.62,30.62,Cash,18,1.6,5,Delivered
ORD100630,09-03-2025,16:11:00,C1288,Hyderabad,Casual Dining,Fast Food,338.85,45.01,UPI,,3.8,4.2,Delivered
ORD100597,20-11-2025,12:56:15,C1032,Bangalore,Casual Dining,Fast Food,461.57,26.48,Debit Card,31.6,1.6,4.7,Delivered
ORD103012,01-08-2025,23:25:45,C1834,Bangalore,Casual Dining,Desserts,446.49,56.19,Cash,,6.2,,Cancelled
ORD100918,30-10-2025,20:46:15,C1136,Mumbai,Fine Dining,South Indian,933.04,19.09,Wallet,46.3,4.9,3.7,Delivered
ORD103536,01-05-2025,21:00:00,C1933,Bangalore,Fast Food,Fast Food,462.09,13.47,Credit Card,25.9,1.9,4.7,Delivered
ORD102655,02-06-2025,13:58:00,C1900,Chennai,Fast Food,Chinese,160.95,37.49,Credit Card,50.8,3.6,3.5,Delivered
ORD101447,17-04-2025,11:50:00,C1096,Hyderabad,Fast Food,South Indian,247.08,42.2,UPI,35.7,7,4.8,Delivered
ORD102047,22-11-2025,21:09:00,C2178,Chennai,Fine Dining,South Indian,789.04,24.8,UPI,37.4,3.7,3.9,Delivered
ORD104025,10-04-2025,13:20:00,C1739,Bangalore,Casual Dining,South Indian,718.09,53.63,Cash,43.2,6.5,3.5,Delivered
ORD100312,30-10-2025,20:51:00,C1536,Mumbai,Fast Food,North Indian,377.25,34.6,Credit Card,37.6,5.2,4.6,Delivered
ORD103928,30-12-2025,19:58:30,C1641,Mumbai,Cafe,Italian,337.04,56.47,Debit Card,38.9,2.8,4.2,Delivered
ORD103283,08-04-2025,18:58:00,C1074,Mumbai,Cloud Kitchen,Continental,674.75,40.59,Debit Card,35.7,2.3,4.7,Delivered
ORD104732,26-07-2025,13:11:00,C2124,Hyderabad,Casual Dining,Fast Food,186.03,35.94,UPI,,1.9,,Cancelled
ORD103051,26-09-2025,22:15:45,C2178,Mumbai,Casual Dining,Fast Food,265.01,34.34,UPI,21.7,2.1,4.9,Delivered
ORD102002,07-03-2025,21:56:00,C1717,Hyderabad,Cloud Kitchen,Chinese,607.53,30.02,UPI,38.3,4.3,,Delivered
ORD104094,18-12-2025,19:08:00,C1342,Mumbai,Fine Dining,Chinese,1235.96,12.94,UPI,45.6,5.3,3.8,Delivered
ORD102201,29-03-2025,19:11:00,C1349,Kochi,Cafe,Fast Food,459.2,57.97,Credit Card,47.1,6.6,3.7,Delivered
ORD102915,07-01-2025,09:35:45,C1707,Hyderabad,Casual Dining,Chinese,616.18,50.97,Debit Card,25.3,4.1,4.5,Delivered
ORD104722,22-07-2025,09:29:00,C1143,Hyderabad,Cloud Kitchen,Chinese,389.59,47.83,Credit Card,28.7,3.2,5,Delivered
ORD103530,07-02-2025,19:26:30,C1333,Kochi,Fast Food,Italian,343.37,61.39,Cash,47.4,6.9,3.6,Refunded
ORD104080,12-07-2025,20:02:45,C1917,Bangalore,Casual Dining,South Indian,451.68,19.32,Credit Card,34.7,2.5,4.7,Delivered
ORD102321,02-03-2025,16:50:00,C1115,Hyderabad,Cafe,South Indian,227.99,31.2,Cash,27,1.6,4.7,Delivered
ORD104578,04-12-2025,22:07:45,C1116,Kochi,Fast Food,North Indian,300.82,53.25,Cash,41.6,6.7,4,Delivered
ORD101795,02-07-2025,11:01:30,C1855,Mumbai,Fast Food,North Indian,269.84,39.24,Credit Card,22.6,3,4.5,Delivered
ORD104164,18-04-2025,21:44:00,C1291,Hyderabad,Cafe,Chinese,347.6,72.02,Wallet,,10.9,,Cancelled
ORD100079,27-01-2025,22:59:00,C2057,Mumbai,Casual Dining,Fast Food,560.25,27.63,UPI,19.2,1.9,4.8,Delivered
ORD101189,22-05-2025,10:05:30,C1925,Mumbai,Cloud Kitchen,North Indian,169.31,89.31,UPI,66.6,11.8,3.3,Delivered
ORD102741,27-06-2025,18:25:00,C1411,Mumbai,Cloud Kitchen,North Indian,317.98,64.82,Cash,33.8,6.7,4.6,Delivered
ORD100971,07-02-2025,17:20:00,C1944,Hyderabad,Casual Dining,South Indian,665.05,41.52,Cash,30.1,3.4,4.2,Delivered
ORD103663,17-05-2025,11:58:45,C1274,Mumbai,Casual Dining,Continental,497.44,29.91,Credit Card,24.1,1.8,4.5,Delivered
ORD102275,07-04-2025,19:32:45,C1140,Mumbai,Cafe,Italian,169.59,60.09,UPI,58.2,8.5,4.2,Delivered
ORD104119,14-04-2025,15:50:00,C1930,Mumbai,Casual Dining,North Indian,458.12,26.24,Debit Card,21.6,3.7,4.7,Delivered
ORD102771,05-06-2025,20:38:45,C1397,Mumbai,Fast Food,Biryani,304.29,47.37,UPI,48.2,4,4,Delivered
ORD103384,13-05-2025,18:38:15,C1102,Chennai,Cloud Kitchen,Continental,378.4,31.18,UPI,,4.1,,Cancelled
ORD101329,21-08-2025,13:21:00,C1816,Hyderabad,Casual Dining,North Indian,641.39,53.86,Credit Card,40.7,5.1,4.3,Delivered
ORD103835,13-09-2025,23:13:45,C1889,Mumbai,Casual Dining,Biryani,432.37,22.11,Cash,20.8,1.8,4.5,Delivered
ORD100407,30-07-2025,08:30:00,C1914,Bangalore,Cafe,Chinese,228.06,30.47,Credit Card,36.7,5.7,,Delivered
ORD103326,27-08-2025,15:44:30,C1077,Mumbai,Cafe,Biryani,337.9,60.23,Cash,43.8,7.3,4.2,Delivered
ORD102760,14-05-2025,12:02:45,C1908,Kochi,Casual Dining,South Indian,305.43,25.14,Cash,37.1,2.1,4.6,Delivered
ORD102313,12-02-2025,14:33:00,C1044,Mumbai,Cloud Kitchen,South Indian,375.04,28.88,UPI,24.9,2.8,5,Delivered
ORD101130,13-02-2025,12:29:00,C1061,Bangalore,Cloud Kitchen,Desserts,270.83,42.34,UPI,42.9,4.9,4.3,Delivered
ORD100436,29-11-2025,12:28:00,C1811,Bangalore,Casual Dining,Chinese,521.51,26.31,UPI,32.5,2.6,4.5,Delivered
ORD100537,22-11-2025,21:57:00,C2060,Bangalore,Fast Food,Biryani,296.22,27.22,UPI,46.8,5,4,Delivered
ORD103337,19-04-2025,18:02:00,C1917,Bangalore,Fast Food,Biryani,90,36.82,Wallet,28.3,2.1,4.6,Delivered
ORD104571,17-12-2025,20:40:00,C1348,Mumbai,Cafe,Biryani,397.06,23.15,Wallet,37.6,2.6,4.9,Delivered
ORD102493,27-03-2025,12:33:00,C1404,Hyderabad,Cloud Kitchen,,403.82,53.37,Wallet,52,6.9,4.4,Delivered
ORD102014,30-12-2025,14:44:00,C1850,Chennai,Fast Food,Biryani,181.25,33.49,UPI,34.7,3.3,4.7,Delivered
ORD101955,27-02-2025,18:23:30,C1440,Bangalore,Fine Dining,Italian,911.51,26.03,UPI,27.9,3.2,4.6,Delivered
ORD100996,20-12-2025,11:24:30,C2059,Bangalore,Fast Food,Continental,297.24,39.61,UPI,31.1,4.6,4.5,Delivered
ORD101970,11-07-2025,13:11:15,C1434,Chennai,Cloud Kitchen,Italian,469.2,37.16,UPI,23.3,2.2,5,Delivered
ORD102732,05-01-2025,19:41:00,C1720,Kochi,Cafe,Fast Food,351.84,29.77,UPI,35.8,3.5,4.3,Delivered
ORD102097,15-10-2025,18:10:00,C2053,Bangalore,Cloud Kitchen,Chinese,427.75,27.88,Debit Card,24.1,1.8,4.3,Delivered
ORD104458,08-10-2025,20:53:30,C1202,Chennai,Casual Dining,Biryani,963.63,25.78,Credit Card,46.7,7.4,4.2,Delivered
ORD100772,05-02-2025,17:36:15,C2098,Hyderabad,Fast Food,Biryani,257.54,33.36,Debit Card,29.2,2,5,Delivered
ORD104912,31-10-2025,18:08:00,C1913,Hyderabad,Casual Dining,North Indian,765.24,36.47,UPI,28.2,3,4.6,Delivered
ORD103625,04-08-2025,18:41:00,C2141,Chennai,Fast Food,Chinese,172.9,44.54,UPI,38.6,3.8,4.6,Delivered
ORD101548,04-03-2025,15:11:30,C1270,Kochi,Casual Dining,South Indian,702.87,43.37,Cash,20.7,3.6,4.7,Delivered
ORD103210,21-01-2025,14:12:45,C1607,Hyderabad,Casual Dining,Chinese,932.23,13.09,Cash,12.1,1.8,4.3,Delivered
ORD100938,06-01-2025,14:09:00,C1729,Hyderabad,Fast Food,Biryani,440.18,19.06,UPI,17.1,0.5,5,Delivered
ORD101270,15-01-2025,11:35:30,C1205,Bangalore,Cafe,Fast Food,220.5,49.21,Credit Card,41.2,5.9,3.9,Delivered
ORD101511,25-01-2025,19:58:30,C1501,Bangalore,Cafe,Chinese,422.83,37.47,Wallet,42.4,4.1,3.8,Delivered
ORD100146,02-02-2025,16:52:00,C2014,Bangalore,Cloud Kitchen,North Indian,412.44,38.7,Credit Card,43.8,4.2,4.6,Delivered
ORD103035,25-12-2025,19:35:00,C1571,Bangalore,Cloud Kitchen,Chinese,664.77,40.41,UPI,41.7,6,4.1,Delivered
ORD102040,09-11-2025,20:05:45,C1360,Kochi,Fine Dining,South Indian,622.51,99.66,Cash,73.2,15,3.2,Delivered
ORD102858,31-10-2025,21:21:00,C1624,Bangalore,Fast Food,Italian,375.81,17.9,UPI,36.7,1,4.6,Delivered
ORD102980,08-12-2025,22:07:45,C2187,Hyderabad,Cafe,North Indian,425.52,40.19,UPI,23.8,5.2,4.1,Refunded
ORD100410,17-10-2025,14:30:45,C1272,Mumbai,Casual Dining,Chinese,411.48,66.63,Credit Card,41.7,8.7,4.5,Delivered
ORD100136,28-06-2025,15:33:15,C1714,Chennai,Casual Dining,Biryani,473.17,67.7,UPI,57.8,10.4,3.8,Delivered
ORD100579,24-12-2025,20:41:00,C1067,Chennai,Fast Food,North Indian,418.83,38.09,Cash,41.2,4.7,4.2,Delivered
ORD104887,04-04-2025,02:46:45,C1736,Mumbai,Cloud Kitchen,Desserts,449.63,80.16,UPI,48.5,9.3,4.7,Delivered
ORD100911,06-07-2025,18:35:00,C1355,Bangalore,Fast Food,Fast Food,90,51.65,Credit Card,34.3,6.4,4.7,Delivered
ORD103938,23-02-2025,19:11:00,C1046,Mumbai,Casual Dining,Continental,480.63,59.29,UPI,53.7,9,4.1,Delivered
ORD100026,10-11-2025,21:53:30,C1914,Kochi,Fine Dining,Chinese,500.59,47,UPI,40,5.7,4.5,Delivered
ORD103802,29-04-2025,17:17:00,C1711,Bangalore,Cloud Kitchen,Italian,299.69,44.22,UPI,,5.1,4.5,Delivered
ORD101218,30-10-2025,19:29:00,C1389,Bangalore,Fast Food,North Indian,369.68,39.5,Wallet,32.4,3.9,4.7,Delivered
ORD102433,18-04-2025,11:30:00,C1415,Bangalore,Cloud Kitchen,North Indian,675.45,51.23,UPI,37.9,7.5,,Delivered
ORD102418,25-06-2025,18:15:00,C1429,Kochi,Fine Dining,South Indian,726.08,22.88,UPI,33.1,3,4.3,Delivered
ORD103225,12-03-2025,10:04:30,C1826,Mumbai,Cafe,Chinese,328.44,99.7,UPI,75.5,14.4,3.2,Delivered
ORD103202,28-04-2025,21:12:00,C2053,Bangalore,Fast Food,Desserts,328.93,23.82,UPI,,2.2,,Cancelled
ORD102618,21-10-2025,22:16:15,C1676,Kochi,Cloud Kitchen,Fast Food,185.82,67.17,Wallet,41.5,6.5,4.4,Delivered
ORD100987,08-08-2025,20:04:00,C2112,Bangalore,Cafe,South Indian,190.91,41.47,UPI,39.8,2.1,,Delivered
ORD101127,09-01-2025,22:58:00,C2039,Bangalore,Fast Food,North Indian,378.73,19.4,Credit Card,16.9,1.1,4.1,Delivered
ORD104789,26-09-2025,07:19:45,C2146,Hyderabad,Casual Dining,North Indian,597.93,51.6,Credit Card,19,2.1,4.5,Delivered
ORD102537,14-02-2025,14:35:30,C1222,Chennai,Casual Dining,Desserts,312.31,34.13,UPI,25.9,1,5,Delivered
ORD102491,23-08-2025,16:04:00,C1008,Hyderabad,Fast Food,Chinese,298.53,30.27,Credit Card,29.6,1.3,4.6,Delivered
ORD100152,27-02-2025,18:33:00,C1740,Kochi,Fast Food,Fast Food,394.66,47.63,Credit Card,37.7,6.3,,Delivered
ORD104576,11-02-2025,22:44:30,C1402,Mumbai,Cafe,Chinese,250.08,33.63,Cash,28.3,2,5,Delivered
ORD102686,01-02-2025,11:33:00,C1205,Mumbai,Cafe,North Indian,432.62,34.08,Credit Card,34.6,2.8,5,Delivered
ORD101873,24-02-2025,07:29:00,C1019,Kochi,Fast Food,Biryani,324.52,34.21,UPI,16.6,1.4,4.5,Delivered
ORD103471,12-07-2025,20:24:00,C1873,Mumbai,Fast Food,Desserts,226.5,29.16,UPI,29,2.2,5,Delivered
ORD102878,27-11-2025,10:04:30,C1883,Hyderabad,Cafe,Biryani,318.13,28.4,Cash,12,0.8,4.4,Delivered
ORD104424,22-06-2025,18:53:30,C1149,Mumbai,Cloud Kitchen,Continental,587.52,46.17,UPI,45.8,5,4.7,Delivered
ORD102676,11-02-2025,12:39:45,C1997,Hyderabad,Cafe,Continental,334.8,30.8,UPI,37.7,3.4,4.5,Delivered
ORD102590,19-07-2025,09:34:15,C1940,Bangalore,Cafe,South Indian,335.83,55.64,UPI,27.5,4.2,4.8,Delivered
ORD104883,25-07-2025,15:05:00,C1494,Mumbai,Casual Dining,Biryani,277.33,33.33,UPI,33.7,3.2,4.5,Delivered
ORD104963,18-02-2025,17:16:30,C1847,Bangalore,Cloud Kitchen,Fast Food,488.26,75.63,Debit Card,52.4,10.7,4.3,Delivered
ORD101569,19-04-2025,13:51:00,C1799,Bangalore,Casual Dining,Desserts,376.06,67.64,UPI,65.4,8.4,3.1,Delivered
ORD102860,29-05-2025,22:07:00,C1898,Hyderabad,Fast Food,North Indian,367.31,35.62,Debit Card,26,2.7,4.9,Refunded
ORD104498,10-10-2025,20:46:30,C1087,Mumbai,Cafe,Biryani,389.84,73.78,Wallet,49.1,6.6,3.9,Delivered
ORD102153,22-02-2025,09:24:30,C1223,Hyderabad,Cafe,Chinese,437.75,32.77,UPI,28.2,2.6,4.8,Delivered
ORD102407,17-01-2025,22:39:00,C1522,Kochi,Fast Food,South Indian,385.01,34.33,UPI,17.4,2.5,4.9,Delivered
ORD102580,23-08-2025,15:41:45,C1500,Mumbai,Fast Food,North Indian,296.86,64.63,UPI,58.4,7.6,3.7,Delivered
ORD100017,08-09-2025,18:05:45,C1868,Mumbai,Fast Food,North Indian,260.42,20.13,UPI,,2,,Cancelled
ORD101965,05-08-2025,14:55:15,C1083,Bangalore,Fast Food,North Indian,108.94,40.83,UPI,20.7,3.2,4.9,Delivered
ORD101176,14-06-2025,21:08:15,C1353,Bangalore,Casual Dining,Chinese,583.91,43.62,UPI,41.7,2,,Delivered
ORD103556,16-09-2025,21:12:15,C2145,Bangalore,Casual Dining,South Indian,804.76,29.93,Cash,32.6,2.1,4.4,Delivered
ORD100685,09-03-2025,15:37:45,C1071,Mumbai,Cloud Kitchen,Biryani,462.51,19.43,Cash,,0.9,,Cancelled
ORD103589,29-04-2025,13:21:00,C1251,Bangalore,Fine Dining,North Indian,1592.2,33.98,Cash,38.8,7.1,4.6,Delivered
ORD100506,27-06-2025,02:05:45,C2125,Bangalore,Fast Food,Desserts,196.42,42.05,UPI,37.6,3.2,4,Refunded
ORD103958,15-01-2025,22:11:15,C1949,Hyderabad,Cloud Kitchen,Chinese,280.47,38.07,UPI,28,3,4.8,Delivered
ORD104172,20-10-2025,14:45:15,C1755,Kochi,Casual Dining,Chinese,448.98,43.18,Credit Card,,6.1,,Cancelled
ORD102821,01-04-2025,21:22:15,C1751,Chennai,Fast Food,Fast Food,129.53,50.9,Cash,34.8,5.4,4.6,Delivered
ORD102390,03-02-2025,16:23:00,C1655,Chennai,Casual Dining,North Indian,252.49,24.38,UPI,23.2,0.8,4.8,Delivered
ORD104169,23-05-2025,19:41:00,C1723,Chennai,Fast Food,Chinese,263.17,20.41,Cash,33.5,2.7,4.7,Delivered
ORD104950,02-05-2025,22:40:45,C1344,Mumbai,Cafe,Biryani,205.82,37.58,UPI,43.7,4.8,5,Delivered
ORD102173,17-06-2025,12:35:45,C1606,Hyderabad,Cloud Kitchen,North Indian,306.42,32.32,Debit Card,41.4,3.5,4.4,Delivered
ORD103695,21-01-2025,22:23:00,C1206,Bangalore,Fast Food,North Indian,301.72,54.28,Cash,42.6,7.9,4.2,Delivered
ORD102864,09-08-2025,18:51:00,C1843,Bangalore,Cloud Kitchen,Biryani,229.59,21.31,UPI,30.2,2.2,4.7,Delivered
ORD104268,03-08-2025,12:26:45,C1621,Mumbai,Fast Food,Biryani,302.84,59.75,Cash,59,7.5,4,Delivered
ORD103864,24-10-2025,19:27:00,C1298,Bangalore,Fast Food,Biryani,279.56,56.65,UPI,45.1,7.8,4.1,Delivered
ORD100707,06-02-2025,19:46:00,C1510,Kochi,Cloud Kitchen,Continental,334.47,42.58,Cash,27.3,3.1,4.2,Delivered
ORD103187,12-11-2025,17:48:30,C1336,Hyderabad,Cloud Kitchen,Chinese,610.38,14.86,Wallet,19,1.6,4.3,Delivered
ORD104629,29-10-2025,12:46:15,C1643,Mumbai,Cloud Kitchen,North Indian,415.14,39.7,Cash,31.7,3.4,4.4,Delivered
ORD102106,27-01-2025,12:31:15,C2170,Chennai,Casual Dining,North Indian,397.72,52.52,Wallet,46,7.8,4.2,Delivered
ORD100901,09-03-2025,18:51:00,C1650,Bangalore,Fast Food,North Indian,312.11,51.35,UPI,36.2,5.6,5,Delivered
ORD103155,21-04-2025,15:09:00,C1440,Chennai,Fast Food,North Indian,444.94,37.75,Cash,23.6,2.1,4.4,Delivered
ORD104137,18-12-2025,21:04:15,C1761,Bangalore,Cloud Kitchen,South Indian,418.15,53.02,Wallet,48.8,6.4,4.6,Delivered
ORD100118,07-02-2025,22:13:15,C1428,Mumbai,Casual Dining,Continental,760.71,49.55,UPI,,2.5,,Cancelled
ORD103700,15-01-2025,19:47:15,C2111,Mumbai,Fast Food,Chinese,159.54,14.23,UPI,45.5,1.5,4.2,Delivered
ORD100733,14-06-2025,18:22:30,C2014,Bangalore,Cloud Kitchen,Chinese,102.34,28.72,UPI,15.5,2.2,4.8,Delivered
ORD101608,23-10-2025,19:00:45,C2016,Bangalore,Cloud Kitchen,Biryani,123.21,46.67,Cash,43.4,4.9,4.1,Delivered
ORD101145,09-10-2025,11:00:00,C1527,Hyderabad,Casual Dining,Fast Food,201.9,17.35,UPI,12,1.1,4.6,Delivered
ORD102024,25-01-2025,22:03:00,C1029,Mumbai,Cloud Kitchen,Chinese,461.49,40.78,Cash,32.8,4,4.5,Delivered
ORD102140,11-10-2025,09:00:15,C1675,Mumbai,Fine Dining,Biryani,824.95,38.34,Cash,33.8,7.3,4.4,Delivered
ORD102895,26-06-2025,21:35:00,C1808,Mumbai,Casual Dining,Fast Food,240.39,47.45,Credit Card,43,3.9,3.9,Delivered
ORD100097,02-10-2025,12:56:00,C1750,Mumbai,Casual Dining,Chinese,219.48,43.64,Credit Card,38,4.8,5,Delivered
ORD103181,02-01-2025,22:13:00,C1802,Bangalore,Cloud Kitchen,Biryani,466.26,49.97,UPI,45,6.7,4.4,Delivered
ORD104395,25-09-2025,21:53:30,C1542,Mumbai,Casual Dining,Biryani,407.52,52.25,Wallet,45.4,6,4,Delivered
ORD100852,27-09-2025,09:51:00,C1251,Mumbai,Fast Food,Italian,310.46,36.14,Cash,41.1,7.3,4,Delivered
ORD101887,26-10-2025,13:01:15,C1322,Mumbai,Fast Food,Continental,517.52,31.62,Cash,18.9,1.2,4.1,Delivered
ORD100881,22-02-2025,19:57:15,C2024,Hyderabad,Fast Food,North Indian,344.67,19.04,UPI,34.9,1.6,4.9,Delivered
ORD102901,19-12-2025,19:11:15,C1632,Bangalore,Fast Food,Continental,341.83,22.46,Wallet,25.2,2,4.8,Delivered
ORD102363,06-06-2025,04:37:30,C1318,Chennai,Cloud Kitchen,Desserts,112.99,37.02,Credit Card,27.8,3.7,4.5,Delivered
ORD102358,26-10-2025,16:27:00,C1277,Mumbai,Cafe,Biryani,464.43,27.01,UPI,27.6,1.1,4.9,Delivered
ORD102029,08-06-2025,14:35:00,C2094,Chennai,Casual Dining,Biryani,677.47,53.4,UPI,28.6,4.4,4.3,Delivered
ORD100095,24-07-2025,17:06:00,C1496,Chennai,Fast Food,North Indian,296.07,53.02,UPI,29.4,3.4,4.9,Delivered
ORD103522,02-02-2025,12:37:00,C1111,Bangalore,Cloud Kitchen,Biryani,405.62,12.92,UPI,42.1,1.9,4,Delivered
ORD101501,19-11-2025,16:44:00,C1371,Chennai,Cloud Kitchen,North Indian,164.55,24.86,Wallet,25,1.6,4.6,Delivered
ORD104199,15-01-2025,14:15:45,C1287,Bangalore,Fast Food,South Indian,373.55,24.4,Cash,34.5,3.4,4.8,Delivered
ORD100154,17-06-2025,18:19:45,C1896,Mumbai,Cloud Kitchen,South Indian,285.52,51.76,UPI,31.1,3.9,4.4,Delivered
ORD104170,30-03-2025,20:34:45,C1022,Hyderabad,Cafe,Chinese,368.32,24.92,Cash,36.3,2.8,4.5,Delivered
ORD100297,13-12-2025,11:29:15,C2070,Bangalore,Casual Dining,South Indian,708.35,43.73,Cash,31.5,3.1,4.5,Delivered
ORD104719,17-09-2025,14:42:30,C1316,Kochi,Cloud Kitchen,Chinese,479.42,44.4,Cash,23.3,3.4,5,Delivered
ORD104426,02-07-2025,05:29:30,C1403,Bangalore,Cafe,Fast Food,338.78,37.1,Cash,19.1,2.3,4.9,Delivered
ORD104602,14-04-2025,13:25:00,C1124,Bangalore,Casual Dining,South Indian,696.74,26.71,UPI,47.7,2.9,4.2,Delivered
ORD103402,24-01-2025,17:28:15,C1833,Hyderabad,Cloud Kitchen,Chinese,627.97,30.66,UPI,31.4,3.4,5,Delivered
ORD102815,10-12-2025,11:43:30,C1098,Hyderabad,Cloud Kitchen,Chinese,440.71,66.83,UPI,32.6,4.2,4.2,Delivered
ORD102742,14-07-2025,07:11:00,C1048,Chennai,Cloud Kitchen,Chinese,278.7,47.76,UPI,35.9,5.7,4.6,Delivered
ORD100866,21-01-2025,11:50:30,C1917,Mumbai,Casual Dining,North Indian,444.02,59.03,Cash,37.4,7.2,4.1,Delivered
ORD100808,06-02-2025,11:29:30,C1533,Bangalore,Cloud Kitchen,Italian,448.06,38.05,Credit Card,21,2.8,4.8,Delivered
ORD104705,05-07-2025,16:43:15,C1022,Kochi,Casual Dining,Chinese,238.52,17.15,Credit Card,139.6,2.4,4.4,Delivered
ORD102015,23-07-2025,13:50:30,C1148,Hyderabad,Fast Food,Biryani,430.38,41.82,Wallet,35.3,4.3,4.7,Delivered
ORD102861,14-08-2025,19:36:30,C1013,Bangalore,Casual Dining,Continental,797.42,32.53,Debit Card,32.9,1.7,5,Delivered
ORD100968,09-08-2025,12:24:30,C2163,Hyderabad,Casual Dining,Chinese,165.13,26.17,Credit Card,27.9,2.4,4.5,Delivered
ORD100652,26-08-2025,18:24:30,C1857,Kochi,Casual Dining,Biryani,287.38,39.9,Debit Card,37.7,5.5,4.3,Delivered
ORD104343,31-10-2025,18:21:30,C1163,Kochi,Casual Dining,South Indian,184.26,43.75,Debit Card,41.5,5.9,5,Delivered
ORD104609,22-08-2025,14:20:30,C1946,Hyderabad,Cloud Kitchen,North Indian,677.27,36.99,UPI,24.9,1.4,4.9,Delivered
ORD103247,25-05-2025,07:09:00,C1072,Hyderabad,Cloud Kitchen,Fast Food,422.12,35.8,Cash,32.9,3.6,4,Delivered
ORD103329,22-06-2025,11:42:00,C1038,Chennai,Cloud Kitchen,Italian,388.28,36.17,UPI,25.8,5.7,4.8,Delivered
ORD101109,19-05-2025,22:41:00,C1122,Hyderabad,Fine Dining,North Indian,1071.24,13.93,Wallet,21.5,1.9,4.3,Delivered
ORD100759,13-09-2025,16:29:15,C1339,Kochi,Casual Dining,Biryani,711.87,24,Cash,17.7,0.8,3.9,Delivered
ORD100246,19-11-2025,21:19:00,C2152,Mumbai,Fast Food,South Indian,381.36,40.52,UPI,33.5,2.6,4.8,Delivered
ORD100375,26-11-2025,07:52:15,C1965,Mumbai,Cloud Kitchen,North Indian,426.94,30.96,UPI,14.9,1.6,5,Delivered
ORD104288,04-11-2025,13:05:00,C2031,Chennai,Casual Dining,South Indian,155.93,91.94,UPI,70.6,14.9,3.4,Delivered
ORD102263,29-09-2025,14:27:00,C1755,Bangalore,Fast Food,Biryani,403.14,34.53,Cash,22.9,5.6,4.5,Delivered
ORD103171,17-06-2025,18:31:00,C1294,Kochi,Fast Food,Chinese,182.32,41.98,UPI,30.2,4.6,4.2,Delivered
ORD103656,06-04-2025,10:53:00,C1334,Mumbai,Fast Food,South Indian,99.07,63.28,Credit Card,42.4,10.1,4,Delivered
ORD100859,18-01-2025,23:48:00,C1798,Bangalore,Cloud Kitchen,Fast Food,429.51,39.61,Cash,47.1,4.5,4.3,Delivered
ORD104418,22-09-2025,12:43:00,C1186,Mumbai,Fine Dining,,1239.39,15.63,UPI,32.6,3.6,4.3,Delivered
ORD104652,10-12-2025,13:10:15,C1993,Mumbai,Fast Food,Continental,242.43,28.91,Cash,40.6,1.4,4.4,Delivered
ORD100338,20-08-2025,18:12:15,C1179,Bangalore,Cloud Kitchen,North Indian,146.3,33.88,Wallet,18.8,2.7,4.7,Delivered
ORD102955,09-01-2025,13:47:00,C2067,Bangalore,Cloud Kitchen,Chinese,357.76,56.06,UPI,50.9,6.8,3.9,Delivered
ORD103662,06-03-2025,21:35:00,C1298,Mumbai,Cafe,North Indian,472.72,36.81,Debit Card,43.3,4.9,4.6,Delivered
ORD104906,25-10-2025,22:39:45,C1474,Bangalore,Cloud Kitchen,Fast Food,471.2,33.04,Cash,36.6,4.4,4.6,Delivered
ORD100776,01-03-2025,12:19:00,C1801,Bangalore,Fast Food,Fast Food,314.64,45.12,UPI,,4.1,4.1,Delivered
ORD100807,02-01-2025,09:53:00,C1732,Hyderabad,Fast Food,South Indian,177.05,86.38,UPI,57.9,13.2,4.5,Delivered
ORD103657,10-02-2025,19:01:15,C1470,Kochi,Casual Dining,Fast Food,90,46.91,Cash,19.7,3.9,5,Delivered
ORD104451,29-10-2025,21:35:00,C1992,Chennai,Cafe,Desserts,143.18,27.11,Debit Card,14.8,3.6,4.8,Delivered
ORD101666,16-12-2025,11:50:00,C1583,Mumbai,Casual Dining,Biryani,652.98,49.84,UPI,42,5.8,4.7,Delivered
ORD103693,01-04-2025,12:58:30,C1508,Bangalore,Cafe,Biryani,286.21,44.69,Cash,43.1,4.1,4.2,Delivered
ORD103488,12-01-2025,19:41:00,C1256,Hyderabad,Cafe,South Indian,253.31,32.23,UPI,34.2,3.2,5,Delivered
ORD104269,08-01-2025,20:13:45,C1077,Bangalore,Casual Dining,Desserts,345.55,28.5,Debit Card,41.7,1.6,4.4,Delivered
ORD103108,19-01-2025,13:32:30,C2155,Mumbai,Cafe,,399.71,33.64,Debit Card,,2.3,,Cancelled
ORD102896,16-02-2025,14:56:00,C1669,Bangalore,Cafe,Chinese,210.91,44.65,UPI,35,5.6,4.5,Delivered
ORD102322,25-04-2025,22:04:00,C1218,Hyderabad,Fast Food,North Indian,226.74,21.2,Cash,18.9,1,4.5,Delivered
ORD100141,16-08-2025,11:50:00,C1599,Bangalore,Fast Food,North Indian,170.14,59.29,Cash,47.4,8,4.5,Delivered
ORD103944,10-03-2025,19:47:15,C1685,Hyderabad,Cafe,Chinese,388.73,81.08,Credit Card,55.2,10.1,3.7,Delivered
ORD100909,10-09-2025,20:15:00,C2170,Chennai,Cloud Kitchen,Italian,673.34,72.18,Wallet,54,10.4,4,Delivered
ORD100087,11-08-2025,00:04:45,C1832,Chennai,Cloud Kitchen,Biryani,460.77,47.15,Wallet,34,5.3,4.2,Delivered
ORD103539,12-02-2025,08:38:15,C1413,Mumbai,Casual Dining,South Indian,618.61,66.19,Credit Card,59.7,11.6,3.9,Delivered
ORD103388,06-01-2025,18:45:15,C1594,Bangalore,Fast Food,Italian,401.05,28.83,UPI,20.1,1,5,Delivered
ORD101531,17-10-2025,21:42:00,C1057,Hyderabad,Casual Dining,Italian,545.46,34.71,UPI,25.4,2,3.9,Delivered
ORD104193,13-04-2025,19:30:00,C1768,Kochi,Cloud Kitchen,North Indian,498.17,36.88,UPI,36.9,2.3,4.2,Delivered
ORD101801,17-02-2025,21:52:00,C1559,Hyderabad,Fast Food,Chinese,258.74,65.52,Credit Card,46.8,8.5,4.7,Delivered
ORD101054,19-06-2025,15:00:00,C1774,Mumbai,Cafe,South Indian,288.91,74.43,Cash,49.2,8.4,4.4,Delivered
ORD102963,12-10-2025,17:05:00,C1698,Bangalore,Casual Dining,Continental,615.94,49.32,Wallet,32.8,4.1,4.2,Delivered
ORD101179,29-03-2025,15:26:15,C1001,Bangalore,Cloud Kitchen,North Indian,672.58,42.19,Cash,,3.2,,Cancelled
ORD100790,12-01-2025,14:01:15,C1894,Mumbai,Cloud Kitchen,South Indian,285.07,37.15,UPI,37.5,3.3,4,Delivered
ORD101020,23-07-2025,10:02:30,C1384,Chennai,Casual Dining,Continental,441.96,41.26,Cash,24.5,1.8,4.4,Delivered
ORD102965,29-04-2025,17:37:00,C1654,Kochi,Fine Dining,Biryani,1156.58,18.86,Credit Card,12,1.8,5,Delivered
ORD102683,25-03-2025,13:48:00,C1417,Mumbai,Cafe,North Indian,428.26,22.88,UPI,35.4,1.9,4.7,Delivered
ORD102892,12-01-2025,17:36:00,C2150,Bangalore,Fine Dining,North Indian,583.35,40.23,Credit Card,37.8,2.4,4.3,Delivered
ORD104515,29-10-2025,17:06:45,C1964,Hyderabad,Cloud Kitchen,Biryani,538.62,38.7,Credit Card,12,1,4.9,Delivered
ORD100371,16-02-2025,19:15:00,C2170,Mumbai,Cloud Kitchen,Italian,403.74,38.31,Cash,,1.8,,Cancelled
ORD102984,24-10-2025,22:12:30,C1386,Bangalore,Casual Dining,Fast Food,574.54,34.14,Credit Card,21.6,3.1,4.8,Delivered
ORD100392,16-11-2025,12:13:00,C1161,Mumbai,Cafe,Fast Food,199.65,15.44,UPI,43.1,2.1,4.2,Delivered
ORD101057,30-04-2025,17:51:00,C1837,Bangalore,Cafe,North Indian,265.19,28.94,Cash,39.4,3.7,4.4,Delivered
ORD101431,29-04-2025,13:41:45,C1305,Bangalore,Casual Dining,Biryani,454.17,47.19,Credit Card,25.5,3.6,4.3,Delivered
ORD101313,23-12-2025,19:27:15,C2045,Chennai,Casual Dining,Fast Food,686.79,46.66,UPI,33.2,4.8,5,Delivered
ORD101537,01-08-2025,21:24:45,C1284,Bangalore,Fast Food,South Indian,261.96,33.3,UPI,41.4,5.2,4.9,Delivered
ORD103913,28-05-2025,12:07:00,C1290,Mumbai,Casual Dining,South Indian,90,31.24,Debit Card,41.1,2.9,4.1,Delivered
ORD104781,11-08-2025,20:59:30,C1161,Kochi,Cafe,Italian,302.5,34.03,Debit Card,34.5,3.3,4.5,Delivered
ORD104106,12-08-2025,20:06:45,C1945,Hyderabad,Cloud Kitchen,Italian,389.79,38.96,UPI,33.2,4.6,4.4,Delivered
ORD102379,09-06-2025,22:29:15,C1028,Bangalore,Casual Dining,Biryani,496.86,44.19,UPI,28,4.5,4.5,Delivered
ORD100564,20-02-2025,22:19:00,C2155,Chennai,Cloud Kitchen,Fast Food,385.58,38.98,UPI,19.5,2.5,5,Delivered
ORD104218,30-09-2025,15:29:15,C1293,Chennai,Cloud Kitchen,Biryani,359.21,19.41,UPI,29.5,0.8,4.7,Delivered
ORD101822,28-05-2025,09:46:00,C1089,Chennai,Fine Dining,Fast Food,781.25,25.61,UPI,31.1,3.2,4,Refunded
ORD104035,23-08-2025,14:39:45,C1046,Hyderabad,Casual Dining,South Indian,734.34,30.75,UPI,23.4,1.4,4.9,Delivered
ORD101741,31-12-2025,19:58:30,C1555,Kochi,Cloud Kitchen,North Indian,491.7,17.7,UPI,27.5,1.4,4.3,Delivered
ORD101652,27-03-2025,21:05:45,C1344,Bangalore,Fast Food,South Indian,323.95,48.68,Cash,,4.5,,Cancelled
ORD102785,22-08-2025,14:19:15,C1174,Mumbai,Casual Dining,North Indian,591.84,28.49,Wallet,36.8,4.3,4.1,Delivered
ORD100143,02-05-2025,20:55:45,C1877,Bangalore,Fast Food,North Indian,212.29,34.29,UPI,34.5,3.2,4.2,Delivered
ORD101864,25-11-2025,11:18:30,C2176,Chennai,Cloud Kitchen,South Indian,314.04,28.22,Debit Card,,2.7,,Cancelled
ORD102346,17-02-2025,22:51:00,C1050,Chennai,Fast Food,North Indian,462.64,48.42,UPI,34.5,3.9,4.7,Delivered
ORD100221,10-04-2025,22:54:00,C2125,Chennai,Cafe,North Indian,317.91,58.66,UPI,37.3,7,4.3,Delivered
ORD102300,16-09-2025,21:03:15,C1120,Chennai,Fast Food,South Indian,348.78,33.18,UPI,27.5,0.9,5,Delivered
ORD101832,01-05-2025,14:44:00,C1110,Bangalore,Cafe,Fast Food,174.12,38.58,Wallet,37.5,4.3,4.1,Delivered
ORD103300,28-09-2025,19:36:00,C2067,Bangalore,Fast Food,South Indian,182.28,44.57,UPI,36.2,5.8,4.5,Delivered
ORD104535,12-01-2025,20:39:45,C1097,Hyderabad,Casual Dining,South Indian,650.8,29.85,UPI,40.3,2,4.3,Delivered
ORD103652,18-07-2025,04:54:45,C1941,Bangalore,Fast Food,Fast Food,155.94,31.83,UPI,28.7,2.1,4,Delivered
ORD103015,30-04-2025,19:41:00,C1311,Mumbai,Fast Food,Continental,370.79,33.08,UPI,45.3,4.3,3.6,Delivered
ORD100078,18-08-2025,14:57:00,C1754,Hyderabad,Cafe,Chinese,369.31,46.05,Cash,,4.3,4.4,Delivered
ORD104727,07-02-2025,07:06:30,C2086,Mumbai,Cloud Kitchen,Chinese,314.67,18.35,Cash,25.2,1.3,4.5,Delivered
ORD103660,18-10-2025,20:09:15,C2000,Hyderabad,Fine Dining,Fast Food,1224.56,0,Credit Card,40.5,3,4.6,Delivered
ORD100577,25-11-2025,12:36:15,C2026,Chennai,Cafe,,436.85,39.89,UPI,35.6,3.7,4.2,Delivered
ORD103361,27-04-2025,23:00:15,C1005,Bangalore,Cloud Kitchen,Chinese,381.89,45.59,UPI,31.2,3.1,4.9,Delivered
ORD100434,03-11-2025,18:48:30,C1388,Mumbai,Casual Dining,South Indian,234.13,32.95,UPI,17.5,2.7,4.8,Delivered
ORD103418,25-08-2025,21:23:15,C1608,Hyderabad,Fast Food,Biryani,128.3,61.3,upi,36.8,4.1,4.2,Delivered
ORD101582,04-01-2025,11:42:45,C1114,Bangalore,Casual Dining,South Indian,463.46,44.74,UPI,23.3,2.2,4.5,Delivered
ORD103964,05-10-2025,16:59:00,C1323,Bangalore,Cafe,Italian,474.36,57.63,Wallet,,4.1,,Cancelled
ORD104358,10-12-2025,13:13:00,C1395,Hyderabad,Fast Food,South Indian,354.4,39.39,Wallet,39.2,4.3,4.9,Delivered
ORD101619,03-08-2025,16:06:00,C1346,Mumbai,Cloud Kitchen,Italian,455.05,34.99,UPI,19,1,5,Delivered
ORD104115,18-07-2025,18:30:30,C1904,Kochi,Fast Food,Desserts,234.67,63,UPI,44.8,8.6,4.2,Delivered
ORD102136,29-08-2025,19:49:45,C1976,Kochi,Casual Dining,Desserts,255.6,32.53,UPI,34.7,4,4.8,Delivered
ORD104229,14-01-2025,22:03:45,C1119,Bangalore,Cloud Kitchen,North Indian,378.39,45.75,Cash,44.6,5,3.8,Delivered
ORD103991,15-11-2025,22:14:00,C1262,Hyderabad,Casual Dining,Fast Food,487.02,32.88,UPI,34.1,4.3,4.3,Delivered
ORD102228,11-12-2025,13:44:00,C1377,Bangalore,Cloud Kitchen,North Indian,572.04,47.59,Wallet,37.2,6.3,4.3,Delivered
ORD102829,09-04-2025,22:45:00,C1178,Bangalore,Cloud Kitchen,North Indian,524.38,34.42,UPI,21.7,2.1,5,Delivered
ORD102290,30-09-2025,15:55:00,C2014,Bangalore,Cafe,North Indian,591.51,29.84,Debit Card,24.9,2.1,5,Delivered
ORD101367,16-04-2025,22:11:00,C1581,Hyderabad,Casual Dining,South Indian,628.74,28.38,UPI,28.5,3.6,4.8,Delivered
ORD102445,25-04-2025,11:39:15,C1517,Bangalore,Cloud Kitchen,Chinese,281.17,22.82,Debit Card,19.2,1.8,5,Delivered
ORD102611,21-03-2025,12:28:00,C1543,Bangalore,Fast Food,Fast Food,119.73,36.13,UPI,32.5,4.3,3.7,Delivered
ORD103019,03-04-2025,20:20:00,C1334,Bangalore,Cloud Kitchen,Desserts,190.01,73.86,Cash,51.1,8.1,4.2,Delivered
ORD103741,01-02-2025,13:59:00,C1273,Kochi,Cafe,South Indian,443.35,26.36,Wallet,42.1,3.3,4.8,Delivered
ORD103923,16-09-2025,11:32:45,C1521,Mumbai,Casual Dining,Biryani,629.2,42.77,UPI,22.4,3.5,4.7,Delivered
ORD101231,28-10-2025,22:02:30,C1243,Kochi,Fast Food,Biryani,202.88,39.36,Debit Card,20.8,1.8,4.4,Delivered
ORD104072,31-10-2025,22:49:00,C1280,Chennai,Cloud Kitchen,North Indian,394.94,31.85,UPI,13.3,1.6,4.9,Delivered
ORD101815,02-01-2025,23:11:00,C2071,Bangalore,Casual Dining,Fast Food,476.83,75.25,Credit Card,48.2,8.6,4.6,Delivered
ORD103364,03-01-2025,11:30:00,C2159,Bangalore,Cafe,Italian,481.73,53.58,UPI,31.4,3.4,5,Delivered
ORD100545,10-07-2025,18:00:00,C1023,Mumbai,Fast Food,Italian,351.7,32.44,UPI,13.9,1.4,4.6,Delivered
ORD101433,11-01-2025,11:36:00,C1335,Kochi,Cloud Kitchen,Biryani,564.85,66.66,Wallet,57.9,12,4.2,Delivered
ORD101918,28-08-2025,14:50:45,C1565,Bangalore,Casual Dining,Chinese,528.46,52.85,UPI,34.4,3.7,4.6,Delivered
ORD103438,10-04-2025,22:10:45,C2103,Hyderabad,Fast Food,Chinese,173.18,55.42,UPI,24.7,5.2,4.7,Delivered
ORD102430,19-08-2025,19:25:45,C1945,Mumbai,Casual Dining,Biryani,931.47,36.72,Debit Card,43.5,4.2,3.8,Delivered
ORD101627,21-12-2025,20:28:00,C1527,Kochi,Cloud Kitchen,South Indian,90,40.57,Credit Card,37.2,4,4.8,Delivered
ORD104112,25-01-2025,22:54:00,C1115,Bangalore,Fine Dining,South Indian,618.33,59.78,UPI,40.3,8.1,4.8,Delivered
ORD104467,18-10-2025,22:19:15,C1323,Kochi,Casual Dining,Desserts,266.01,38.59,Credit Card,25.5,4,4.5,Delivered
ORD101303,21-09-2025,18:01:00,C1048,Hyderabad,Fast Food,South Indian,323.33,57.76,UPI,37.9,8,4,Delivered
ORD100946,12-10-2025,13:15:15,C1258,Bangalore,Cafe,North Indian,379.63,43.19,Credit Card,52.5,5.9,4,Delivered
ORD101394,30-03-2025,09:33:00,C2047,Kochi,Cafe,Chinese,513.27,34.1,UPI,22.1,1.3,5,Delivered
ORD101689,15-04-2025,17:50:00,C1654,Hyderabad,Fast Food,Biryani,95.56,51.7,Cash,25.1,4.7,4.7,Delivered
ORD104401,22-12-2025,20:57:30,C1760,Mumbai,Fine Dining,Desserts,347.33,34.31,UPI,42.4,3.5,5,Delivered
ORD104428,06-04-2025,14:08:00,C2070,Kochi,Cloud Kitchen,South Indian,638.56,48.71,Debit Card,23,1.9,5,Delivered
ORD101105,05-03-2025,18:41:15,C2133,Kochi,Cloud Kitchen,Fast Food,352.16,64.37,Cash,44.2,9.3,4.4,Delivered
ORD103312,17-05-2025,13:47:00,C1185,Chennai,Fine Dining,Desserts,443.54,43.22,UPI,43.5,3.8,4,Delivered
ORD104663,12-10-2025,16:56:00,C1803,Hyderabad,Casual Dining,Continental,682.59,46.79,Cash,40.7,6.9,3.9,Delivered
ORD103391,07-10-2025,10:58:30,C1550,Chennai,Casual Dining,Biryani,669.84,50.26,UPI,25.7,5.3,4.6,Delivered
ORD100555,26-01-2025,23:07:00,C1074,Hyderabad,Fast Food,Italian,283.54,56.51,UPI,45.6,6.6,3.8,Delivered
ORD101197,16-02-2025,18:34:15,C1631,Hyderabad,Fast Food,Biryani,346.66,50.82,UPI,47.8,6.5,3.8,Delivered
ORD104045,15-02-2025,11:52:15,C1774,Bangalore,Casual Dining,Chinese,704.11,35.68,Debit Card,39.7,4.1,4.8,Delivered
ORD100381,12-05-2025,18:21:00,C1965,Kochi,Cloud Kitchen,Desserts,262.25,40.58,Wallet,12,2.6,5,Delivered
ORD104373,28-11-2025,20:38:45,C1689,Mumbai,Fine Dining,Biryani,597.55,21.59,UPI,23.8,0.7,4.5,Delivered
ORD104927,07-09-2025,07:11:45,C2126,Bangalore,Fast Food,North Indian,281.61,39.45,Wallet,42.6,5.4,4.1,Delivered
ORD100285,14-04-2025,13:44:45,C1336,Mumbai,Fast Food,South Indian,281.09,33.24,Credit Card,45.9,4.5,4.1,Delivered
ORD102949,25-01-2025,14:59:00,C1803,Kochi,Fast Food,South Indian,168.86,19.96,Credit Card,23.6,1.3,4.9,Delivered
ORD100599,19-11-2025,20:48:15,C1276,Mumbai,Fine Dining,Biryani,678.11,48.02,Cash,46.9,5.2,4.6,Delivered
ORD104782,22-02-2025,19:23:45,C1379,Chennai,Fast Food,Fast Food,324.9,49.89,Credit Card,38.7,4.9,4.3,Delivered
ORD102081,01-12-2025,13:53:00,C1274,Chennai,Casual Dining,South Indian,923.28,36.59,UPI,161,6.1,4.7,Delivered
ORD102066,17-09-2025,15:43:45,C1870,Kochi,Cafe,South Indian,301.67,27.99,UPI,21.1,2.4,5,Delivered
ORD104432,21-04-2025,18:32:15,C1221,Kochi,Fine Dining,Chinese,512.86,46.19,UPI,33,4.4,4.5,Delivered
ORD102251,16-08-2025,11:26:45,C2154,Hyderabad,Fast Food,South Indian,365.3,30.21,Cash,27.5,1.5,4.6,Delivered
ORD104895,26-03-2025,18:33:15,C1423,Bangalore,Cafe,North Indian,432.94,38.43,UPI,30.2,5.5,5,Delivered
ORD100476,31-08-2025,21:04:30,C1580,Bangalore,Cloud Kitchen,Biryani,440.94,33.01,Credit Card,42.9,3,4.2,Delivered
ORD101823,11-01-2025,21:55:00,C1014,Hyderabad,Casual Dining,Fast Food,546.75,33.18,Credit Card,43,3,4.6,Delivered
ORD100061,02-02-2025,22:37:00,C1926,Hyderabad,Cloud Kitchen,South Indian,417.13,41.86,Cash,28.3,4.5,4.7,Delivered
ORD100482,12-05-2025,07:32:00,C1745,Kochi,Fast Food,Continental,415.51,22.24,Debit Card,14.9,1.2,4.7,Delivered
ORD101628,23-12-2025,13:30:15,C1939,Mumbai,Fast Food,Chinese,385.26,36.73,UPI,43.7,4.3,4.6,Delivered
ORD102661,27-04-2025,20:36:30,C1137,Chennai,Casual Dining,Desserts,577.4,55.43,Wallet,39.6,5.2,4.1,Delivered
ORD101817,28-09-2025,20:47:00,C2175,Bangalore,Fine Dining,,917.33,10.93,Cash,31.6,1.3,4.7,Delivered
ORD103937,16-11-2025,14:04:30,C2099,Chennai,Casual Dining,North Indian,806.29,43.01,UPI,36.3,6.5,4.6,Delivered
ORD100266,16-06-2025,17:27:45,C1663,Hyderabad,Cafe,North Indian,239.72,35.61,Cash,,2.6,,Cancelled
ORD100791,03-11-2025,11:24:00,C1099,Mumbai,Fast Food,Desserts,172.24,51.52,UPI,28.2,2.8,4.9,Delivered
ORD100592,02-05-2025,21:04:45,C1874,Mumbai,Fast Food,North Indian,90,41.95,Cash,34.7,3.6,4.4,Delivered
ORD104716,01-08-2025,21:12:45,C1169,Chennai,Cafe,South Indian,381.17,44.74,Credit Card,42.4,2.8,,Delivered
ORD100957,08-11-2025,02:46:30,C2031,Mumbai,Fast Food,Desserts,339.83,28.58,UPI,29,2.9,4.5,Delivered
ORD100648,19-03-2025,19:34:45,C1349,Hyderabad,Fast Food,South Indian,215.4,52.51,Cash,,5.6,,Cancelled
ORD103307,20-04-2025,19:31:00,C1601,Hyderabad,Fast Food,Fast Food,193.08,51.2,UPI,26.2,2.2,4.7,Delivered
ORD104352,16-03-2025,14:07:00,C1572,Chennai,Casual Dining,North Indian,452.95,42.14,Wallet,30.6,2.9,4.6,Delivered
ORD104165,28-07-2025,14:11:30,C2125,Mumbai,Fine Dining,Chinese,518.67,28.24,Cash,21.5,3.3,4.8,Delivered
ORD104796,11-05-2025,20:28:30,C1560,Chennai,Cloud Kitchen,Desserts,294.37,35.25,UPI,34.3,2.3,4.3,Delivered
ORD102613,16-01-2025,11:50:30,C1708,Hyderabad,Fast Food,Desserts,90,40.98,UPI,24.4,4.3,4.5,Delivered
ORD104062,10-01-2025,14:40:45,C1900,Bangalore,Cafe,Italian,414.68,49.93,UPI,44.1,5.7,4.7,Delivered
ORD103223,27-04-2025,14:29:30,C1474,Bangalore,Cloud Kitchen,Fast Food,338.16,19.13,UPI,25.7,1,4.3,Delivered
ORD104202,13-10-2025,11:50:00,C1453,Hyderabad,Casual Dining,North Indian,804.87,21.72,Wallet,20.3,2.3,5,Delivered
ORD101363,01-09-2025,17:27:00,C1817,Chennai,Casual Dining,North Indian,650.47,50.07,Credit Card,,3.4,4.5,Delivered
ORD103007,14-12-2025,20:17:15,C1619,Hyderabad,Casual Dining,Fast Food,376.32,36.25,UPI,34.7,2.6,4.3,Delivered
ORD102332,12-04-2025,15:26:45,C1531,Mumbai,Casual Dining,North Indian,434.5,30.16,Credit Card,21.9,2.9,4.4,Refunded
ORD103465,10-11-2025,16:32:30,C1404,Bangalore,Fast Food,,367.12,43.54,Cash,,4.3,,Cancelled
ORD101258,01-10-2025,06:55:00,C1142,Bangalore,Cafe,South Indian,90,68.47,Cash,53.4,9.4,3.6,Delivered
ORD103082,27-03-2025,15:29:30,C1027,Hyderabad,Casual Dining,Chinese,647.9,34.33,UPI,14.6,1.4,4.8,Delivered
ORD104362,30-12-2025,21:44:30,C2020,Bangalore,Casual Dining,Desserts,355.6,20.24,Debit Card,29.9,1.2,3.9,Refunded
ORD104529,26-04-2025,07:08:00,C2004,Kochi,Cloud Kitchen,Fast Food,394.63,27.01,Cash,32.2,2.4,,Delivered
ORD104235,11-03-2025,18:51:15,C1317,Hyderabad,Cloud Kitchen,Italian,504.68,49.39,Debit Card,40.4,6.4,4.2,Delivered
ORD100479,21-12-2025,18:49:15,C1783,Bangalore,Cafe,Chinese,305.83,40.89,UPI,28.3,4.2,4.5,Delivered
ORD103805,05-12-2025,16:07:45,C1010,Bangalore,Cloud Kitchen,South Indian,539.44,41.83,Credit Card,28.6,4.1,4.9,Delivered
ORD103072,16-06-2025,13:04:45,C1556,Hyderabad,Cloud Kitchen,Italian,545.14,20.52,Cash,25.4,1.1,4.8,Delivered
ORD103706,20-08-2025,11:48:30,C1934,Bangalore,Cafe,Biryani,333.01,69.44,UPI,39.3,5.3,4.6,Delivered
ORD102628,09-02-2025,17:52:30,C1620,Mumbai,Cafe,Chinese,353.37,48.04,Cash,44.1,5.2,4.4,Delivered
ORD104755,11-02-2025,16:59:45,C1965,Bangalore,Cafe,Biryani,309.59,22.12,Wallet,22.3,1.4,4.7,Delivered
ORD102091,08-02-2025,17:09:00,C1502,Bangalore,Fine Dining,,1130.52,34.65,Credit Card,37.8,6.4,4.5,Delivered
ORD103730,15-05-2025,05:24:00,C1659,Chennai,Casual Dining,South Indian,446.63,33.99,Debit Card,12,1.3,5,Delivered
ORD101856,17-10-2025,22:50:15,C1406,Mumbai,Casual Dining,Italian,920.08,38.64,Debit Card,49.7,7.9,3.9,Delivered
ORD102658,07-10-2025,21:26:00,C1799,Bangalore,Fine Dining,Fast Food,1385.77,0,UPI,30.5,1.9,4.5,Delivered
ORD103069,28-03-2025,22:51:00,C1645,Hyderabad,Fast Food,South Indian,151.32,36.65,Credit Card,26.6,3,5,Delivered
ORD101907,26-01-2025,19:42:45,C1326,Chennai,Fast Food,North Indian,308.74,39.84,Credit Card,36.9,3.4,4.4,Delivered
ORD104919,10-12-2025,22:00:45,C1677,Chennai,Cafe,Biryani,264.72,59.52,Credit Card,32.6,5.5,5,Delivered
ORD103882,07-02-2025,23:12:00,C1817,Mumbai,Fast Food,North Indian,337.75,58.24,Debit Card,33,3.7,4.5,Delivered
ORD100362,05-06-2025,14:08:00,C1797,Hyderabad,Fast Food,Biryani,349,36.96,Debit Card,27.2,4.9,4.9,Delivered
ORD104456,07-12-2025,13:28:00,C1740,Hyderabad,Casual Dining,Desserts,600.05,37.18,Debit Card,34.1,3.5,4.9,Delivered
ORD100970,09-08-2025,20:29:45,C2070,Hyderabad,Cloud Kitchen,North Indian,709.45,38.08,UPI,,4.8,,Cancelled
ORD104256,06-06-2025,17:54:00,C2120,Bangalore,Fast Food,Chinese,192.8,41.03,UPI,21.8,1.7,4.7,Delivered
ORD102512,08-02-2025,18:49:45,C1551,Mumbai,Fast Food,Biryani,137.6,72.75,Debit Card,62.3,9.8,3.7,Delivered
ORD102070,18-02-2025,11:03:45,C1557,Bangalore,Casual Dining,Chinese,812.88,26.93,UPI,27.8,3.7,4.6,Delivered
ORD103896,04-12-2025,14:08:15,C1575,Kochi,Cafe,Chinese,122.66,15.43,Credit Card,23.2,1.2,4.6,Delivered
ORD104842,25-02-2025,13:10:45,C1664,Bangalore,Fast Food,South Indian,285.36,45.18,Debit Card,39.8,6.3,4.1,Delivered
ORD101238,26-09-2025,21:47:00,C1829,Hyderabad,Casual Dining,Chinese,271.76,80.86,UPI,58.5,12.1,3.7,Delivered
ORD102514,23-01-2025,17:11:15,C1498,Hyderabad,Fine Dining,Biryani,471.27,21.82,Cash,18.6,1.4,4.4,Delivered
ORD101002,08-11-2025,23:07:00,C1540,Bangalore,Cloud Kitchen,Italian,737.13,45.37,UPI,38.7,3.5,4.3,Delivered
ORD101084,27-01-2025,20:19:30,C1190,Bangalore,Casual Dining,North Indian,440.08,47.06,UPI,31.5,2.3,4,Delivered
ORD104785,27-01-2025,22:03:00,C2117,Chennai,Fine Dining,North Indian,822.3,35.15,Credit Card,23.7,6.5,5,Delivered
ORD101465,21-11-2025,12:35:45,C1934,Bangalore,Fast Food,South Indian,129.24,36,UPI,38.2,4,,Delivered
ORD104582,13-06-2025,19:34:00,C2061,Hyderabad,Casual Dining,Chinese,501.79,30.09,Cash,34.7,1.7,4.3,Delivered
ORD103027,14-09-2025,16:31:15,C1570,Bangalore,Casual Dining,Fast Food,130.81,31.35,UPI,34,3.3,4.8,Delivered
ORD102605,05-12-2025,18:21:00,C1422,Chennai,Cloud Kitchen,Fast Food,260.56,34.81,UPI,14.1,2.2,5,Delivered
ORD103921,24-04-2025,19:58:00,C1430,Hyderabad,Fine Dining,North Indian,1323.19,14.26,UPI,31.6,3,4.7,Delivered
ORD103543,25-01-2025,18:37:30,C1164,Bangalore,Cafe,Chinese,479.49,70.15,UPI,57,8.8,3.4,Delivered
ORD102253,23-08-2025,23:00:15,C1970,Hyderabad,Fast Food,North Indian,390.04,23.63,UPI,30.5,1.6,4.7,Delivered
ORD100216,18-09-2025,08:20:30,C1169,Kochi,Fast Food,Continental,378.12,11.17,Credit Card,16.3,1.4,4.8,Delivered
ORD100770,11-05-2025,21:48:30,C1201,Chennai,Cafe,Desserts,318,30.78,Wallet,34.2,1.5,4.1,Delivered
ORD103812,17-12-2025,14:42:00,C1510,Chennai,Fast Food,Biryani,184.32,36.76,UPI,43.5,5.1,3.8,Delivered
ORD104166,28-06-2025,15:54:45,C1020, Bangalore ,Cloud Kitchen,Desserts,448.6,44.65,UPI,41.2,6.2,3.9,Delivered
ORD104891,08-07-2025,22:28:00,C1761,Hyderabad,Cloud Kitchen,Italian,264.75,29.11,UPI,22.2,2,4.3,Delivered
ORD103003,22-12-2025,11:04:00,C1235,Bangalore,Cafe,,308.02,37.76,UPI,20.7,2.2,5,Delivered
ORD104551,24-09-2025,19:33:45,C1770,Bangalore,Cloud Kitchen,North Indian,332.36,24.79,UPI,30.3,1,4.4,Delivered
ORD100932,12-02-2025,22:36:30,C2034,Kochi,Cloud Kitchen,Chinese,156.76,40.79,UPI,44.6,7.1,4.1,Delivered
ORD103995,20-02-2025,22:05:00,C1660,Mumbai,Casual Dining,Desserts,635.17,41.3,UPI,37.4,4.2,4.4,Delivered
ORD103363,02-01-2025,13:34:00,C1689,Kochi,Fast Food,Biryani,217.87,39.19,Credit Card,18,2.2,4.3,Delivered
ORD101441,11-04-2025,11:46:00,C1045,Mumbai,Cloud Kitchen,South Indian,295.72,32,Credit Card,29,3.1,4.2,Delivered
ORD102794,27-01-2025,17:29:00,C2085,Chennai,Casual Dining,Chinese,90,21.12,UPI,25.4,3.3,5,Delivered
ORD103345,09-06-2025,08:17:00,C1440,Bangalore,Casual Dining,Desserts,346.92,56.74,UPI,57.6,8.6,3.7,Delivered
ORD104468,23-07-2025,22:16:45,C1386,Bangalore,Fast Food,Biryani,276.01,61.59,Debit Card,52,9.9,4,Delivered
ORD102257,03-12-2025,10:55:45,C1345,Mumbai,Fine Dining,Chinese,457.57,76.18,UPI,60.1,13.5,3.6,Delivered
ORD101604,11-01-2025,23:45:30,C1965,Bangalore,Cafe,South Indian,179.03,55.69,Cash,49,5.3,,Delivered
ORD101217,07-01-2025,19:41:00,C1151,Hyderabad,Cloud Kitchen,South Indian,484.09,14.56,UPI,18.8,1.2,4.5,Delivered
ORD103374,06-06-2025,20:51:15,C1767,Kochi,Fine Dining,Biryani,680.61,42.8,UPI,39.1,4.3,,Delivered
ORD103804,28-07-2025,14:54:00,C1623,Hyderabad,Cafe,Fast Food,317.37,31.36,Cash,19.2,1.8,5,Refunded
ORD104017,08-10-2025,17:07:00,C1074,Bangalore,Casual Dining,North Indian,341.49,38.06,UPI,33.9,4.1,4.5,Delivered
ORD101849,02-09-2025,19:00:00,C1642,Bangalore,Cloud Kitchen,Biryani,471.43,30.14,UPI,47.7,3.7,4.2,Delivered
ORD100553,18-12-2025,18:09:15,C1220,Mumbai,Fast Food,Desserts,188.72,68.21,UPI,43.9,6,4.4,Delivered
ORD104036,07-12-2025,20:57:00,C1984,Chennai,Cafe,Biryani,352.83,48.13,UPI,45.6,4.1,4.2,Delivered
ORD102174,19-11-2025,20:48:15,C1444,Chennai,Cloud Kitchen,Fast Food,331.33,37.11,UPI,35.5,3.2,4.2,Delivered
ORD102171,10-01-2025,08:01:00,C1699,Mumbai,Fine Dining,Chinese,816.84,49.08,UPI,43.2,5.9,4,Delivered
ORD102968,04-04-2025,08:22:00,C1236,Bangalore,Fine Dining,Biryani,745.55,33.31,Cash,27.7,3.1,4.3,Delivered
ORD100140,30-03-2025,19:11:00,C1924,Hyderabad,Cloud Kitchen,Continental,430.69,30.27,Credit Card,28.1,3.4,4.7,Delivered
ORD102022,29-10-2025,16:16:15,C1923,Bangalore,Fast Food,Chinese,267.09,103.36,Debit Card,62,15,3.6,Delivered
ORD100650,19-02-2025,11:36:00,C1366,Mumbai,Fine Dining,Continental,1399.25,2.21,Wallet,30,3.2,4.2,Delivered
ORD104066,29-12-2025,15:27:30,C1474,Mumbai,Cloud Kitchen,Fast Food,234.35,46.94,Cash,,6.3,,Cancelled
ORD101488,22-12-2025,20:13:00,C1950,Chennai,Cloud Kitchen,Biryani,560.18,38.42,UPI,,5.8,,Cancelled
ORD100033,08-09-2025,23:45:00,C1892,Bangalore,Casual Dining,Biryani,628.52,50.47,Debit Card,43.2,8,4.5,Delivered
ORD101095,23-02-2025,20:20:00,C2148,Mumbai,Cloud Kitchen,Biryani,346.22,36.25,UPI,33.2,1.5,4,Delivered
ORD102364,03-05-2025,20:43:00,C1289,Bangalore,Fast Food,,329.18,47.15,Cash,48.5,3.6,4.5,Delivered
ORD100868,16-11-2025,17:18:30,C1935,Bangalore,Casual Dining,South Indian,605.68,56.74,Cash,37.5,5.7,4.9,Delivered
ORD104503,28-12-2025,11:07:00,C1953,Hyderabad,Cafe,Fast Food,182.74,42.86,UPI,51.2,6,4.3,Delivered
ORD100543,24-05-2025,13:10:00,C2000,Chennai,Casual Dining,Biryani,571.25,35.59,UPI,39.7,1.7,4,Delivered
ORD104386,15-04-2025,22:53:00,C1044,Bangalore,Fast Food,North Indian,364.35,21.97,Cash,17.8,0.7,,Delivered
ORD102340,06-09-2025,18:48:00,C1503,Chennai,Fast Food,South Indian,223.9,23.46,UPI,22.6,1.1,4.9,Delivered
ORD103235,04-02-2025,02:23:30,C2159,Mumbai,Fast Food,Italian,512.98,34.13,Cash,,1.9,,Cancelled
ORD104402,21-03-2025,22:38:15,C1896,Bangalore,Casual Dining,,401.26,34.31,Wallet,26.7,3.3,4.5,Delivered
ORD101139,06-04-2025,10:03:00,C2082,Chennai,Cloud Kitchen,North Indian,476.24,49.41,UPI,49.5,5.7,5,Delivered
ORD102295,14-11-2025,22:13:45,C1606,Bangalore,Cloud Kitchen,Chinese,306.23,68.28,Debit Card,33,5.2,,Delivered
ORD100074,13-02-2025,12:45:15,C1900,Hyderabad,Cafe,Chinese,479.91,63.65,Wallet,47.5,8,4.4,Delivered
ORD103785,14-12-2025,12:16:00,C1599,Hyderabad,Cafe,Desserts,265.57,28.89,UPI,41.2,3.4,4.1,Delivered
ORD101463,27-09-2025,13:08:45,C1253,Chennai,Fast Food,Fast Food,154.25,36.47,Wallet,35.1,1.5,5,Delivered
ORD102053,20-07-2025,12:26:30,C1881,Bangalore,Cloud Kitchen,Fast Food,292.85,49.61,Cash,47.7,2.4,4.4,Delivered
ORD100892,06-04-2025,19:43:30,C2180,Mumbai,Cloud Kitchen,Fast Food,290.12,41.86,UPI,,4.7,,Cancelled
ORD104255,21-09-2025,18:33:30,C1083,Chennai,Cloud Kitchen,North Indian,512.12,19.77,Cash,30.9,1.9,5,Delivered
ORD103472,07-01-2025,20:53:00,C1827,Hyderabad,Cloud Kitchen,North Indian,146.06,23.86,UPI,34.5,3.8,4.3,Delivered
ORD101785,17-08-2025,22:47:00,C1555,Mumbai,Casual Dining,Biryani,574.76,40.24,UPI,27.8,3.3,4.2,Delivered
ORD103001,16-02-2025,15:13:45,C1395,Mumbai,Cloud Kitchen,Biryani,397.67,29.63,Wallet,44.5,5.5,4.3,Delivered
ORD100163,22-07-2025,20:52:00,C1064,Kochi,Cloud Kitchen,Italian,527.94,29.97,Credit Card,27.3,1.6,4.5,Delivered
ORD100296,04-06-2025,15:49:00,C1190,Chennai,Fast Food,Chinese,399.89,55.21,Credit Card,36.5,4.5,3.8,Delivered
ORD104303,26-12-2025,16:41:45,C2002,Bangalore,Casual Dining,South Indian,673.19,50.45,Debit Card,46.9,7.7,4.3,Delivered
ORD101943,31-05-2025,17:39:00,C1104,Kochi,Casual Dining,South Indian,420.3,32.26,UPI,38.9,3.5,4.1,Delivered
ORD102064,06-07-2025,16:36:15,C1924,Bangalore,Casual Dining,Fast Food,130.33,50.05,UPI,34.2,4,4.4,Delivered
ORD102744,26-10-2025,15:00:00,C2131,Hyderabad,Fast Food,Desserts,257.85,35.36,Credit Card,23.1,2.3,4.3,Delivered
ORD101457,12-07-2025,18:24:15,C1707,Mumbai,Fast Food,Italian,376.07,31.01,Wallet,37.1,2.4,4.1,Delivered
ORD104039,28-07-2025,22:55:00,C1356,Mumbai,Fast Food,Biryani,262.46,29.62,Cash,21.6,0.9,5,Delivered
ORD104109,23-10-2025,13:43:00,C1096,Chennai,Casual Dining,Desserts,278.9,34.54,Cash,35.4,4.7,4.5,Delivered
ORD104686,23-08-2025,21:39:00,C1053,Bangalore,Cloud Kitchen,Biryani,446.42,46.4,Cash,33.8,3.3,5,Delivered
ORD103334,31-12-2025,15:07:00,C2158,Hyderabad,Casual Dining,North Indian,366.32,32.67,Credit Card,34.3,1.8,4.4,Delivered
ORD104902,15-10-2025,14:22:00,C2122,Hyderabad,Casual Dining,Italian,813.77,25.15,UPI,23.4,3.7,4.7,Delivered
ORD101900,11-04-2025,22:34:00,C1889,Mumbai,Cloud Kitchen,North Indian,367.9,49.54,UPI,26.8,2.1,4.7,Delivered
ORD102617,24-06-2025,12:41:30,C1832,Chennai,Casual Dining,Continental,856.24,19.9,UPI,33.2,4.4,4.6,Delivered
ORD101478,03-11-2025,18:58:00,C2159,Kochi,Casual Dining,Italian,913.79,25.66,UPI,22.7,3.5,5,Delivered
ORD104299,24-03-2025,14:20:00,C1192,Bangalore,Casual Dining,North Indian,399.65,25.51,Debit Card,31.8,1.3,4.5,Delivered
ORD100148,07-12-2025,14:40:00,C1480,Chennai,Fast Food,South Indian,240.6,46.34,UPI,34,5.2,4.6,Delivered
ORD102776,11-04-2025,21:35:30,C1431,Hyderabad,Cloud Kitchen,Italian,561.43,57.68,Cash,31.1,4.4,4.7,Delivered
ORD101692,05-10-2025,12:43:30,C1967,Mumbai,Cloud Kitchen,Biryani,266.7,37.38,Credit Card,40.9,1.9,4.2,Delivered
ORD102800,21-11-2025,16:25:30,C1805,Chennai,Cafe,Biryani,191.42,20.94,Wallet,24.6,3.2,4.5,Delivered
ORD103389,11-01-2025,22:56:00,C1658,Bangalore,Casual Dining,Biryani,601.3,41.51,Cash,31.3,3.2,4.5,Delivered
ORD102005,07-04-2025,13:59:00,C2047,Bangalore,Casual Dining,Chinese,679.15,24.51,Credit Card,31.1,1.9,4.3,Delivered
ORD103453,15-07-2025,11:56:00,C2043,Bangalore,Fast Food,South Indian,272.03,57.69,Debit Card,43.3,7.4,4.5,Delivered
ORD102075,18-08-2025,21:06:15,C1881,Bangalore,Cloud Kitchen,South Indian,491.49,41.17,Cash,40.1,2.1,4.1,Delivered
ORD102267,25-10-2025,19:51:00,C1969,Chennai,Cafe,Fast Food,255.39,30.49,UPI,41.4,2.4,4.1,Delivered
ORD102906,05-11-2025,15:36:00,C1958,Hyderabad,Cloud Kitchen,Fast Food,203.1,48.82,UPI,32.6,2.8,4.3,Delivered
ORD102298,21-05-2025,18:32:00,C1849,Mumbai,Fast Food,Desserts,318.25,44.92,UPI,40.5,5.8,3.6,Delivered
ORD103762,27-09-2025,18:01:00,C1315,Bangalore,Cloud Kitchen,South Indian,470.65,54.99,UPI,,4.6,,Cancelled
ORD100919,02-03-2025,13:35:00,C2106,Chennai,Casual Dining,Desserts,457.3,43.43,UPI,35.5,3.7,4.5,Delivered
ORD102370,23-10-2025,17:35:00,C1884,Bangalore,Casual Dining,Biryani,402.19,36.1,UPI,27.2,2.7,5,Delivered
ORD104454,12-11-2025,15:21:00,C1123,Bangalore,Cloud Kitchen,Italian,580.37,15.49,UPI,30,2.8,4.2,Delivered
ORD104553,02-12-2025,17:20:30,C2022,Hyderabad,Fast Food,Chinese,209.74,18.22,Debit Card,13.5,1.3,5,Delivered
ORD102681,27-12-2025,22:42:15,C1611,Chennai,Cloud Kitchen,Desserts,131.42,34.06,Debit Card,29,2.5,4.8,Delivered
ORD103929,31-12-2025,12:20:30,C1727,Hyderabad,Fast Food,South Indian,279.16,42.4,UPI,36.2,1.9,4.2,Delivered
ORD103653,03-03-2025,18:55:45,C1766,Kochi,Fast Food,Chinese,253.76,55.7,UPI,42.5,5.5,3.6,Delivered
ORD101496,08-07-2025,22:38:15,C1094,Hyderabad,Casual Dining,South Indian,570.88,13.43,Credit Card,21.3,1.5,4.3,Delivered
ORD100311,19-11-2025,11:42:00,C1056,Bangalore,Fast Food,Italian,346.1,27.95,Cash,27,1.8,4.8,Delivered
ORD101605,05-12-2025,19:02:00,C1723,Hyderabad,Casual Dining,Chinese,637.18,3.96,Credit Card,29.4,1.5,4,Refunded
ORD101871,10-06-2025,18:08:00,C1959,Kochi,Fast Food,North Indian,211.93,40.96,Credit Card,18.3,2.2,5,Delivered
ORD104700,10-11-2025,13:30:45,C1150,Hyderabad,Casual Dining,Fast Food,507.09,42.91,UPI,34.7,2.9,4.3,Delivered
ORD100302,06-11-2025,21:52:45,C1220,Chennai,Cafe,Fast Food,90,31.59,Credit Card,30.2,3.6,4.8,Delivered
ORD102058,29-09-2025,21:48:00,C1981,Bangalore,Fast Food,Chinese,259.23,15.45,UPI,37.5,1.8,4,Delivered
ORD103486,21-09-2025,18:20:45,C1980,Kochi,Cloud Kitchen,Biryani,405.68,48.78,Credit Card,32.7,3.2,4.6,Delivered
ORD103645,06-07-2025,18:03:00,C1279,Kochi,Cloud Kitchen,Continental,485.01,45.65,Credit Card,48.3,3,4.6,Delivered
ORD101494,28-06-2025,07:48:00,C1898,Mumbai,Cloud Kitchen,Chinese,383.4,20.73,Cash,19.6,1.1,4.7,Delivered
ORD101213,03-06-2025,14:20:00,C2114,Chennai,Fast Food,Biryani,273.16,38.65,Credit Card,34.1,6.1,4.3,Delivered
ORD102630,15-03-2025,11:28:00,C1669,Mumbai,Fast Food,Fast Food,300.06,28.34,Credit Card,30.9,2.4,5,Delivered
ORD101948,29-11-2025,18:33:15,C1664,Chennai,Fast Food,Biryani,165.25,46.73,UPI,43.8,5.9,4.5,Delivered
ORD103602,25-10-2025,14:00:00,C1816,Bangalore,Fine Dining,Chinese,1143.23,19.62,Cash,38.6,3.4,4.9,Delivered
ORD102806,26-06-2025,21:57:00,C1336,Hyderabad,Casual Dining,North Indian,598.46,49.37,UPI,,5,,Cancelled
ORD101263,23-12-2025,18:36:15,C1326,Bangalore,Fine Dining,South Indian,532.63,56.81,Cash,36.5,5.8,4.8,Delivered
ORD102498,19-11-2025,11:17:30,C1512,Mumbai,Cloud Kitchen,Chinese,370.94,56.23,UPI,51.9,8,3.5,Delivered
ORD104961,21-01-2025,20:53:00,C1809,Hyderabad,Fast Food,North Indian,386.15,47.77,Credit Card,42.8,3.8,4.4,Delivered
ORD100921,17-12-2025,09:02:00,C1121,Bangalore,Cafe,Desserts,232.79,39.24,UPI,20.8,3.3,4.9,Delivered
ORD102231,22-02-2025,14:55:15,C2077,Bangalore,Fast Food,South Indian,302.36,37.82,Wallet,24.3,1.3,4.7,Delivered
ORD103578,06-05-2025,10:10:00,C2152,Chennai,Cafe,South Indian,267.33,35.28,UPI,12,1.2,5,Delivered
ORD104068,08-01-2025,07:03:00,C1776,Bangalore,Cloud Kitchen,Biryani,313.79,29.86,UPI,30.8,1.6,4.5,Delivered
ORD100904,15-03-2025,20:39:00,C1121,Chennai,Fast Food,South Indian,231.48,30.41,UPI,35.2,2,4.8,Delivered
ORD104559,24-10-2025,13:01:15,C1077,Mumbai,Cloud Kitchen,Italian,444.32,41.56,UPI,47.9,5.1,3.9,Delivered
ORD101056,06-11-2025,22:46:00,C1310,Hyderabad,Fast Food,North Indian,7776.15,34.21,Cash,,3.6,,Cancelled
ORD100501,18-04-2025,11:08:45,C1247,Bangalore,Cloud Kitchen,Desserts,488.36,35.03,Cash,28.8,3.8,5,Delivered
ORD100445,24-08-2025,07:18:45,C1935,Chennai,Cloud Kitchen,Fast Food,223.45,33.76,UPI,20.1,2.1,4.3,Delivered
ORD102335,03-06-2025,20:59:15,C1977,Kochi,Fine Dining,Fast Food,1613.81,21.13,Credit Card,41.5,3.7,4.3,Delivered
ORD103245,26-07-2025,21:45:45,C1582,Mumbai,Casual Dining,Continental,476.1,49.58,Cash,28.7,4.5,5,Delivered
ORD104874,01-07-2025,09:55:45,C1706,Mumbai,Fast Food,Italian,252.39,60.42,Cash,38.2,6.9,4.2,Delivered
ORD100600,24-05-2025,13:31:00,C1099,Hyderabad,Cloud Kitchen,Italian,525.69,39.01,Cash,40,3,3.9,Delivered
ORD100560,09-08-2025,19:58:15,C1222,Kochi,Cloud Kitchen,Biryani,515.85,27.84,Cash,16.2,2.6,5,Delivered
ORD100989,02-09-2025,19:30:30,C1547,Mumbai,Fast Food,Desserts,222.53,51.76,UPI,42.3,6.6,4.5,Delivered
ORD100313,05-12-2025,19:36:45,C1707,Bangalore,Fast Food,Fast Food,442,34.72,UPI,39.9,4.1,4.8,Delivered
ORD104937,07-05-2025,22:24:15,C1930,Kochi,Fast Food,South Indian,277.68,48.08,UPI,26.6,3.9,4.7,Delivered
ORD100609,27-03-2025,18:39:30,C1676,Bangalore,Cafe,Continental,297.49,71.89,UPI,47.6,8.2,4.2,Delivered
ORD102241,24-05-2025,21:03:00,C1865,Chennai,Casual Dining,South Indian,320.33,32.19,Debit Card,43.1,3.2,4,Delivered
ORD104829,20-06-2025,18:57:00,C1252,Hyderabad,Cloud Kitchen,Biryani,109.5,41.7,Cash,50.4,4.1,3.8,Delivered
ORD103644,02-02-2025,18:46:15,C2014,Mumbai,Cafe,North Indian,321.41,18.66,UPI,34.7,1.3,4.1,Delivered
ORD100418,10-08-2025,20:56:45,C1702,Hyderabad,Cloud Kitchen,Biryani,530.29,33.18,UPI,39,3,4.3,Delivered
ORD101460,02-02-2025,07:51:00,C1608,Bangalore,Casual Dining,South Indian,264.33,53.07,Debit Card,36,5.4,5,Delivered
ORD102408,03-08-2025,07:38:00,C1448,Bangalore,Cloud Kitchen,North Indian,608.97,28.51,Cash,25.9,2.7,5,Delivered
ORD102608,15-08-2025,21:05:15,C1830,Chennai,Casual Dining,South Indian,669.78,16.53,UPI,37.8,3.3,,Delivered
ORD101985,31-05-2025,12:20:15,C1765,Bangalore,Fast Food,North Indian,207.83,72.01,UPI,53.5,7.8,3.7,Delivered
ORD100535,05-03-2025,21:26:45,C1811,Bangalore,Casual Dining,North Indian,597.21,25.05,UPI,34.5,2.6,5,Delivered
ORD102947,17-01-2025,18:53:45,C1021,Chennai,Fast Food,Biryani,193.2,24.74,UPI,12,2.4,4.8,Delivered
ORD100927,01-08-2025,13:40:30,C1052,Mumbai,Cloud Kitchen,South Indian,570.85,30.44,Credit Card,24.7,1.8,4.5,Delivered
ORD103666,23-12-2025,17:20:15,C1514,Kochi,Fast Food,South Indian,120.45,30.28,UPI,18.8,2,4.9,Delivered
ORD104567,07-10-2025,13:35:00,C1885,Chennai,Cloud Kitchen,Fast Food,238.72,51.91,UPI,52.8,6.6,3.9,Delivered
ORD104050,02-08-2025,20:31:15,C2142,Bangalore,Fine Dining,North Indian,1089.43,31.21,Credit Card,43.1,5.1,4,Delivered
ORD102037,19-03-2025,20:08:00,C1658,Chennai,Casual Dining,North Indian,636.49,38.75,Cash,38.3,4,4.8,Delivered
ORD101745,06-04-2025,13:07:00,C1955,Kochi,Cafe,Biryani,197.8,34.87,Credit Card,34.5,3.3,4.5,Delivered
ORD100394,17-11-2025,18:19:15,C1304,Chennai,Fast Food,South Indian,289.2,84.4,UPI,53,10.9,3.9,Delivered
ORD101006,21-01-2025,22:43:30,C1201,Mumbai,Cloud Kitchen,South Indian,360.99,51.84,UPI,33.7,5.3,4.7,Delivered
ORD100678,24-10-2025,12:07:15,C1734,Mumbai,Casual Dining,North Indian,694.97,41.72,Wallet,46.7,3.2,4.2,Delivered
ORD103954,05-09-2025,21:27:00,C1053,Bangalore,Casual Dining,Biryani,707.99,37.95,Credit Card,40.6,2.4,4,Delivered
ORD101946,28-08-2025,19:16:45,C1515,Mumbai,Cloud Kitchen,Chinese,90,48.99,UPI,53.3,7.1,3.8,Delivered
ORD102734,16-10-2025,11:21:15,C2187,Chennai,Fast Food,Chinese,209.93,20.94,Credit Card,24.6,2.3,4.8,Delivered
ORD101670,13-11-2025,22:34:45,C2082,Mumbai,Cafe,Biryani,444.55,37.56,UPI,19.4,2.2,4.5,Delivered
ORD102542,06-03-2025,14:30:15,C1784,Chennai,Fast Food,North Indian,372.7,23.24,Wallet,20.7,1.8,4.7,Delivered
ORD101062,18-10-2025,18:05:15,C1915,Bangalore,Fine Dining,Biryani,725.37,37.17,Credit Card,41.1,5,4.8,Delivered
ORD100052,13-12-2025,13:37:00,C1869,Mumbai,Casual Dining,North Indian,452.35,33.69,Wallet,33.4,1.7,4.5,Delivered
ORD104267,27-07-2025,23:47:30,C1256,Mumbai,Cafe,Desserts,264.12,31.17,Wallet,32.8,2.1,5,Delivered
ORD100458,09-11-2025,21:01:15,C1876,Mumbai,Fine Dining,Desserts,366.59,56.99,Credit Card,46,7,4.5,Delivered
ORD101837,04-02-2025,14:49:45,C1971,Bangalore,Fast Food,North Indian,163.42,39.26,Credit Card,22.3,4.5,5,Delivered
ORD101636,15-12-2025,19:03:00,C1171,Chennai,Fast Food,Fast Food,185.72,35.74,UPI,29.3,3.9,4.7,Delivered
ORD101500,27-03-2025,19:20:00,C1774,Bangalore,Fast Food,Chinese,153.67,73.31,Debit Card,49.2,9,4.8,Delivered
ORD103694,29-12-2025,12:50:00,C1214,Chennai,Fast Food,Biryani,223.69,26.49,Cash,36.8,2,4.5,Delivered
ORD100865,22-04-2025,11:52:15,C2043,Hyderabad,Casual Dining,South Indian,544.02,63.3,Debit Card,37.9,7.8,4.4,Delivered
ORD101491,03-11-2025,22:06:45,C1838,Chennai,Fast Food,Desserts,230.07,52.54,Credit Card,36.3,5.6,5,Delivered
ORD101008,17-05-2025,17:24:45,C2155,Hyderabad,Casual Dining,Fast Food,367.33,35.67,UPI,47.1,6.9,4,Delivered
ORD103733,29-06-2025,12:55:00,C2035,Chennai,Fast Food,Biryani,300.1,29.21,UPI,48.8,4.5,4.3,Delivered
ORD104506,26-05-2025,21:13:00,C1519,Mumbai,Fast Food,Biryani,221.52,38.58,UPI,40.3,3.3,4.9,Delivered
ORD104623,09-12-2025,23:51:30,C1189,Bangalore,Fast Food,Fast Food,299.82,55.46,Cash,36,5.8,4.6,Delivered
ORD104310,08-11-2025,15:48:00,C2035,Bangalore,Cloud Kitchen,Biryani,381.37,65.86,Cash,55.5,7.8,3.4,Delivered
ORD102084,13-04-2025,22:21:00,C1138,Mumbai,Fast Food,Fast Food,159.31,42.44,UPI,39.6,5.8,4.2,Delivered
ORD104836,14-05-2025,22:46:30,C1987,Bangalore,Fast Food,Continental,327.01,39.37,UPI,25.8,4.5,4.6,Delivered
ORD103768,05-08-2025,22:11:15,C2186,Hyderabad,Cafe,North Indian,430.62,49.31,UPI,37.5,4.4,4.4,Delivered
ORD104392,13-02-2025,18:43:00,C1590,Mumbai,Fast Food,Italian,436.43,48.95,Debit Card,36.4,5.2,4.9,Delivered
ORD101222,07-01-2025,13:07:30,C1566,Kochi,Cloud Kitchen,North Indian,226.28,26.52,Wallet,22.4,1.9,4.6,Delivered
ORD103353,21-11-2025,11:00:00,C1582,Hyderabad,Fast Food,Desserts,176.66,48.48,UPI,32.3,5.4,5,Delivered
ORD100233,12-02-2025,21:16:00,C1012,Mumbai,Cloud Kitchen,Italian,438.8,56.45,UPI,50,5.9,4.5,Delivered
ORD104209,17-11-2025,20:17:00,C1136,Chennai,Fast Food,Continental,236.81,21.55,Cash,41.5,2.9,4.4,Delivered
ORD100803,19-06-2025,12:42:45,C2066,Mumbai,Cloud Kitchen,Fast Food,458.08,36.51,UPI,56.1,3.8,3.7,Delivered
ORD100641,31-08-2025,20:07:00,C1869,Hyderabad,Casual Dining,Biryani,492.71,22.27,UPI,38.1,2.2,4.5,Delivered
ORD104098,16-08-2025,19:01:00,C1624,Chennai,Casual Dining,Desserts,363.38,39.37,Cash,50.4,4.4,3.8,Delivered
ORD104731,19-10-2025,11:40:45,C1525,Hyderabad,Fast Food,South Indian,103.63,57.13,Cash,49.2,6.7,3.6,Delivered
ORD104312,14-03-2025,13:52:15,C1634,Kochi,Casual Dining,Fast Food,306.63,35.57,UPI,32.3,3.8,4.6,Delivered
ORD103116,30-11-2025,23:10:00,C1681,Mumbai,Cloud Kitchen,North Indian,420.35,38.51,UPI,,2.1,,Cancelled
ORD101444,23-04-2025,20:17:00,C1945,Chennai,Casual Dining,Biryani,228.11,22.97,Cash,38.9,2.9,4.2,Delivered
ORD103469,04-11-2025,15:00:00,C1657,Mumbai,Casual Dining,Italian,518.52,43.49,Cash,33.8,3.8,4.4,Delivered
ORD101236,12-04-2025,08:43:45,C1185,Chennai,Cloud Kitchen,North Indian,481.36,50.63,UPI,,4.9,4.8,Delivered
ORD103196,14-03-2025,12:16:00,C1823,Bangalore,Cafe,South Indian,281.33,34.53,Cash,35.8,3.2,4.6,Delivered
ORD100696,04-08-2025,18:22:45,C1902,Mumbai,Cafe,Italian,383.55,46.41,Wallet,35.8,5.6,4.4,Delivered
ORD103962,19-04-2025,11:15:30,C1362,Chennai,Fast Food,Biryani,296.86,54.13,UPI,47.8,5.1,3.7,Delivered
ORD101592,20-10-2025,21:54:30,C1647,Mumbai,Fast Food,Continental,447.4,43.57,Cash,39.5,3.9,4.7,Delivered
ORD101066,05-10-2025,21:11:15,C1932,Bangalore,Casual Dining,North Indian,442.79,26.83,Cash,40.5,1.4,4,Delivered
ORD101675,21-10-2025,19:03:15,C1818,Mumbai,Fast Food,North Indian,178.39,53.35,Credit Card,42.9,5.2,,Delivered
ORD104475,30-11-2025,20:38:30,C1678,Hyderabad,Fast Food,Continental,531.8,19.83,UPI,29.8,1.1,4.5,Delivered
ORD100365,12-01-2025,16:20:30,C1201,Mumbai,Fast Food,Biryani,212.08,53.98,UPI,41,7.8,,Delivered
ORD104345,17-01-2025,10:01:00,C1465,Hyderabad,Cafe,Chinese,447.5,32.34,UPI,22.1,1.8,5,Delivered
ORD103455,21-02-2025,22:05:15,C1191,Bangalore,Fine Dining,Biryani,1393.67,21.5,Cash,34.4,6.3,4.5,Delivered
ORD101387,02-07-2025,20:20:00,C1740,Kochi,Fast Food,South Indian,391.46,32.84,UPI,34.7,3.9,4.1,Delivered
ORD100265,13-10-2025,15:49:45,C2181,Chennai,Casual Dining,Biryani,465.78,34.5,Cash,28.6,2.1,4.6,Delivered
ORD103322,29-12-2025,13:55:45,C1251,Kochi,Casual Dining,Desserts,727.4,25.48,Cash,20.2,1.4,4.8,Delivered
ORD100457,28-08-2025,19:27:00,C1510,Chennai,Cafe,Continental,343.06,46.52,UPI,29.8,4.1,4.7,Delivered
ORD102863,05-09-2025,11:15:15,C1842,Kochi,Fast Food,Fast Food,392.11,48.52,UPI,38.8,6.9,4.7,Delivered
ORD101503,24-05-2025,20:24:45,C1276,Bangalore,Cloud Kitchen,North Indian,485.13,32.7,Credit Card,31.2,3,4.7,Delivered
ORD100336,21-09-2025,18:07:15,C1749,Chennai,Fast Food,Chinese,5650.49,49.52,Debit Card,25.9,4.8,4.6,Delivered
ORD102280,04-05-2025,14:01:00,C1165,Chennai,Cloud Kitchen,Chinese,384.74,41.63,Wallet,45,5.6,4.9,Delivered
ORD101635,16-11-2025,17:29:45,C1684,Hyderabad,Cloud Kitchen,Chinese,451.25,35.28,Credit Card,37.4,3.9,4.8,Delivered
ORD100705,29-03-2025,17:03:00,C1977,Mumbai,Fast Food,Biryani,259.03,31.97,UPI,28.3,4.9,4.7,Delivered
ORD101290,14-08-2025,15:32:00,C1107,Mumbai,Cloud Kitchen,Italian,573.29,45.79,UPI,35.9,4.6,4.5,Delivered
ORD102752,22-04-2025,12:19:45,C1777,Chennai,Cafe,Biryani,325.65,34.46,UPI,39.9,4.9,4.1,Delivered
ORD102326,03-09-2025,20:44:15,C1362,Bangalore,Fast Food,North Indian,205.22,61.5,UPI,43.2,7.4,4,Delivered
ORD101314,04-03-2025,01:15:45,C1311,Bangalore,Casual Dining,South Indian,246.85,41.77,Debit Card,32.3,3.1,4.5,Delivered
ORD100621,16-10-2025,22:41:15,C1677,Hyderabad,Cloud Kitchen,Biryani,412.58,47.57,Wallet,34.8,5.4,4.7,Delivered
ORD103796,27-04-2025,10:52:45,C1618,Chennai,Fast Food,North Indian,302.69,39.18,UPI,36.9,2.2,4.8,Delivered
ORD103117,23-09-2025,19:59:15,C1020,Chennai,Cloud Kitchen,Fast Food,531.99,35.51,Debit Card,26,1.9,4.6,Delivered
ORD101551,20-09-2025,22:38:00,C1079, Bangalore ,Cloud Kitchen,Chinese,564.41,42.13,UPI,,4.8,,Cancelled
ORD102310,28-04-2025,16:00:45,C1911,Bangalore,Cafe,Desserts,375.2,42.84,UPI,29.4,4.6,4.5,Delivered
ORD104308,27-05-2025,21:58:00,C2132,Mumbai,Casual Dining,Chinese,570.69,24.92,Credit Card,29.5,2.8,4.5,Delivered
ORD101320,24-03-2025,12:11:00,C2139,Bangalore,Fast Food,,226.78,27.36,UPI,35.1,2.2,4.5,Delivered
ORD104266,19-03-2025,18:06:45,C1402,Bangalore,Fast Food,South Indian,184.37,36.12,UPI,,2.5,,Cancelled
ORD100699,16-02-2025,14:40:00,C1784,Bangalore,Cloud Kitchen,Chinese,422.23,37.75,UPI,34.1,3.3,4.8,Delivered
ORD100903,07-07-2025,05:10:00,C1590,Bangalore,Cloud Kitchen,Italian,484.63,38.32,Cash,37.7,4.7,4.5,Delivered
ORD101307,18-06-2025,11:24:00,C1348,Chennai,Cloud Kitchen,South Indian,165.94,37.6,UPI,35.4,4.9,4.6,Delivered
ORD104003,07-09-2025,13:06:15,C1815,Bangalore,Cloud Kitchen,Desserts,90,69.55,Cash,56.1,8.3,3.8,Delivered
ORD101846,22-01-2025,22:41:00,C1630,Chennai,Cloud Kitchen,Italian,463.55,43.3,Credit Card,37.9,5.5,4.9,Delivered
ORD100167,06-09-2025,20:24:00,C1369,Bangalore,Cafe,South Indian,204.14,73.27,Cash,59,9,4,Delivered
ORD101264,04-09-2025,18:54:15,C1395,Mumbai,Casual Dining,North Indian,200.09,64.85,Credit Card,24.9,5.7,4.6,Delivered
ORD101629,03-11-2025,19:57:15,C1146,Mumbai,Fine Dining,North Indian,527.59,15.9,Credit Card,38.3,2.2,4.5,Delivered
ORD103431,21-06-2025,13:01:30,C1617,Bangalore,Casual Dining,Fast Food,429.69,50.09,UPI,54.2,6.6,4.1,Delivered
ORD100607,03-08-2025,14:07:00,C1952,Kochi,Cafe,North Indian,446.38,72.32,UPI,57.6,12.1,3.8,Delivered
ORD103847,12-05-2025,16:40:45,C1508,Bangalore,Casual Dining,Italian,841.02,20.52,upi,15.2,2.7,4.8,Delivered
ORD104483,25-07-2025,18:27:30,C1881,Hyderabad,Fast Food,North Indian,221.05,52,Wallet,31.7,4.8,4.5,Delivered
ORD102515,19-05-2025,21:30:15,C2059,Bangalore,Casual Dining,Chinese,519.47,44.66,UPI,36.7,4.4,4.3,Delivered
ORD102124,22-03-2025,21:17:15,C1568,Hyderabad,Casual Dining,Chinese,790.11,90.96,UPI,84.2,15,3.3,Delivered
ORD100886,18-10-2025,17:02:30,C2095,Mumbai,Fast Food,Chinese,389.43,57.66,Credit Card,42.2,4.7,4.4,Delivered
ORD100572,03-07-2025,19:22:45,C2076,Chennai,Fast Food,Biryani,297.57,29.21,UPI,32.9,3.1,4.3,Delivered
ORD103403,20-04-2025,19:13:30,C1059,Chennai,Fast Food,South Indian,207.78,32.03,UPI,31.7,3.8,4.2,Delivered
ORD102749,17-11-2025,12:38:00,C1934,Bangalore,Fast Food,North Indian,276.82,11.28,Credit Card,31.1,2.1,4.8,Delivered
ORD103173,26-01-2025,19:07:00,C2040,Bangalore,Casual Dining,North Indian,654.15,38.23,Credit Card,28.8,3,4.6,Delivered
ORD103136,20-09-2025,21:46:00,C1251,Chennai,Casual Dining,North Indian,705.75,54.92,Wallet,44.1,5.3,3.7,Delivered
ORD103284,05-02-2025,19:52:45,C1884,Hyderabad,Cloud Kitchen,Biryani,408.3,22.34,Credit Card,,1.1,,Cancelled
ORD100804,03-06-2025,12:35:00,C1449,Kochi,Fast Food,Desserts,110.48,47.59,Wallet,34.3,4.3,4.7,Delivered
ORD102805,20-07-2025,15:35:30,C1479,Chennai,Fine Dining,Italian,848,25.16,UPI,40.5,2.3,4.7,Delivered
ORD103769,01-02-2025,16:28:00,C1067,Bangalore,Fast Food,Chinese,274.01,40.75,Debit Card,44.1,3.9,4.2,Delivered
ORD100676,23-10-2025,19:19:00,C1207,Bangalore,Cafe,Fast Food,304.9,41.57,Cash,31,3,4.7,Delivered
ORD103268,16-04-2025,12:01:30,C1178,Chennai,Fast Food,South Indian,409.5,6.87,Credit Card,22.6,1.4,4.3,Delivered
ORD102355,25-06-2025,04:59:00,C1799,Mumbai,Casual Dining,Biryani,573.37,31.78,Cash,18.7,1.6,4.5,Delivered
ORD100050,07-09-2025,07:15:45,C1589,Kochi,Fine Dining,Chinese,1502.17,26.57,UPI,37.5,6.5,4.7,Delivered
ORD104331,05-01-2025,23:57:00,C1513,Bangalore,Cloud Kitchen,Continental,620.38,57.6,Cash,54.4,7.4,4.6,Delivered
ORD100278,14-12-2025,19:26:00,C2174,Bangalore,Cloud Kitchen,Desserts,90,27.81,UPI,39.2,2.3,4.2,Delivered
ORD101976,07-01-2025,22:24:00,C1055,Chennai,Cloud Kitchen,Biryani,504.91,21.25,UPI,26.9,2.9,4.3,Delivered
ORD101811,15-09-2025,07:40:15,C1982,Mumbai,Fine Dining,Chinese,1663.9,0,UPI,26.6,0.8,5,Delivered
ORD100149,05-08-2025,15:24:00,C1210,Bangalore,Casual Dining,North Indian,516.58,75.8,UPI,50.2,11.7,3.9,Delivered
ORD102840,12-02-2025,20:08:00,C1486,Kochi,Fine Dining,Fast Food,1032.88,47.57,Cash,47.1,5.9,4,Delivered
ORD101247,26-07-2025,21:46:00,C1580,Hyderabad,Fast Food,Biryani,140.59,35.36,Debit Card,37,4.5,3.9,Delivered
ORD102240,15-07-2025,20:06:45,C1649,Hyderabad,Fast Food,Italian,508.11,33.72,UPI,28.9,2.6,4.6,Delivered
ORD104413,26-04-2025,19:38:00,C2075,Chennai,Fast Food,Fast Food,306.42,18.65,UPI,25.5,1.1,5,Delivered
ORD102521,14-05-2025,07:23:00,C1369,Hyderabad,Fine Dining,Biryani,843.73,10.18,Wallet,25.6,1.6,4.6,Delivered
ORD100667,31-08-2025,20:14:00,C1967,Kochi,Cloud Kitchen,Chinese,411.18,33.65,UPI,35.7,2.9,4.4,Delivered
ORD102533,15-02-2025,23:55:00,C2036,Kochi,Casual Dining,Biryani,239.19,32.16,Debit Card,30.4,3.3,5,Delivered
ORD100611,22-02-2025,18:10:00,C1618,Bangalore,Cafe,Biryani,161.79,74.13,UPI,60.5,9.1,3.3,Delivered
ORD101400,20-02-2025,11:50:00,C1907,Bangalore,Casual Dining,Fast Food,434.54,29.61,UPI,21,1.9,4.5,Delivered
ORD102710,01-02-2025,12:48:00,C1272,Mumbai,Fast Food,Chinese,458.82,42.45,Cash,45.2,1.6,4.5,Delivered
ORD101927,26-11-2025,13:04:45,C1561,Kochi,Fast Food,Desserts,222.78,58.44,Credit Card,33.2,7.2,4.1,Delivered
ORD101603,24-01-2025,13:49:00,C1665,Chennai,Cafe,Fast Food,325.56,44.33,Credit Card,31,4.7,4.7,Delivered
ORD103039,11-09-2025,12:17:00,C1803,Mumbai,Casual Dining,Italian,540.08,27.9,Wallet,,2.6,4.3,Delivered
ORD102528,20-12-2025,16:06:00,C1698,Bangalore,Cafe,Fast Food,186.32,23.51,UPI,25.6,0.9,4.4,Delivered
ORD100194,10-03-2025,20:48:00,C1338,Kochi,Cloud Kitchen,Chinese,338.3,26.4,UPI,21.3,1.8,5,Delivered
ORD100504,16-07-2025,17:17:00,C1377,Bangalore,Cafe,Biryani,314.04,35.91,UPI,,4.4,,Cancelled
ORD103559,31-08-2025,23:00:15,C1526,Hyderabad,Fast Food,Italian,499.67,44.11,Credit Card,34,1.3,4.1,Delivered
ORD101853,30-12-2025,20:44:00,C1450,Hyderabad,Fast Food,Italian,386.81,42.13,Cash,36.2,2.2,5,Delivered
ORD104243,16-09-2025,00:01:00,C1431,Mumbai,Cafe,Chinese,211.4,42.91,Credit Card,21.9,2.4,5,Delivered
ORD104167,28-07-2025,11:36:00,C1417,Chennai,Casual Dining,Fast Food,352.08,39.37,Credit Card,34.6,5.1,4.1,Delivered
ORD103408,11-12-2025,17:48:30,C1054,Mumbai,Cafe,North Indian,209.08,23.49,Credit Card,35.8,1.8,4.7,Delivered
ORD104835,27-08-2025,23:55:00,C1756,Chennai,Fast Food,Fast Food,113.18,27.82,Debit Card,20.5,2.3,5,Delivered
ORD102762,23-07-2025,22:28:15,C2006,Chennai,Fast Food,Biryani,350.29,50.7,Cash,35.7,5.6,5,Delivered
ORD104664,14-06-2025,19:41:30,C1073,Bangalore,Fast Food,South Indian,371.2,38.58,Cash,31.9,1.2,5,Delivered
ORD103057,01-11-2025,13:48:15,C1325,Hyderabad,Cafe,Fast Food,286.33,48.72,Credit Card,68.4,7.9,3.1,Delivered
ORD102316,10-08-2025,16:36:00,C1552,Bangalore,Casual Dining,Fast Food,511.51,49.28,Debit Card,40.1,3.8,4.3,Delivered
ORD102566,02-11-2025,13:35:45,C1677,Chennai,Cloud Kitchen,South Indian,531.94,15.94,UPI,27.6,2,4.4,Delivered
ORD103398,08-08-2025,23:05:00,C2155,Bangalore,Casual Dining,Italian,276.62,50.14,Debit Card,31.7,4.2,4.4,Delivered
ORD101504,19-07-2025,10:56:15,C1597,Chennai,Casual Dining,Biryani,648.01,48.94,UPI,35.1,6,4.5,Delivered
ORD100229,30-07-2025,08:08:45,C2050,Bangalore,Cafe,South Indian,265.58,32.94,UPI,34.1,4.9,4.6,Delivered
ORD102922,08-11-2025,20:27:00,C1782,Hyderabad,Casual Dining,Chinese,575.66,50.83,Debit Card,52.7,6.8,4.3,Delivered
ORD101181,11-01-2025,14:42:00,C1657,Chennai,Casual Dining,Desserts,510.77,20.7,Cash,23.9,1.3,5,Delivered
ORD100841,18-11-2025,19:11:00,C1480,Mumbai,Fine Dining,North Indian,1023.99,29.25,UPI,48.4,4,4.6,Delivered
ORD102195,02-12-2025,19:05:00,C1308,Kochi,Cloud Kitchen,Chinese,333.11,40.61,Credit Card,29.8,2.5,4.6,Delivered
ORD102337,19-06-2025,19:48:45,C1997,Mumbai,Casual Dining,Fast Food,536.64,33.28,UPI,23.3,3,4.6,Delivered
ORD104217,26-02-2025,05:46:00,C1163,Bangalore,Fast Food,North Indian,386.35,12.49,Cash,24,1.5,4.3,Delivered
ORD104232,08-06-2025,12:52:00,C1858, Mumbai ,Casual Dining,Italian,962.75,0,Credit Card,31.2,1,4.8,Delivered
ORD101108,29-03-2025,11:39:00,C1730,Chennai,Fast Food,North Indian,169.34,46.71,UPI,44.2,6.7,4.4,Delivered
ORD101660,06-05-2025,07:15:45,C2034,Hyderabad,Cloud Kitchen,Chinese,285.12,53.61,Credit Card,29,3.7,4.5,Delivered
ORD104396,17-04-2025,19:39:30,C1430,Bangalore,Fine Dining,Biryani,1241.14,14.9,Cash,46.1,4.6,4,Delivered
ORD101428,22-10-2025,13:12:30,C2105,Hyderabad,Fast Food,North Indian,274.92,51.66,UPI,41,5.7,4.2,Delivered
ORD101783,03-04-2025,12:01:00,C1299,Mumbai,Cafe,North Indian,404.79,27.57,UPI,,1.8,,Cancelled
ORD102250,27-07-2025,22:34:00,C1710,Mumbai,Fast Food,Fast Food,310.2,43.94,UPI,41,5.9,4.8,Delivered
ORD101828,25-05-2025,22:11:00,C1092,Bangalore,Casual Dining,Chinese,354.49,56.29,Cash,47.1,7,4.3,Delivered
ORD102457,19-07-2025,22:31:45,C1552,Hyderabad,Casual Dining,South Indian,249.7,69.02,Credit Card,37.5,7.4,4.4,Delivered
ORD104833,28-02-2025,20:25:45,C1827,Hyderabad,Cloud Kitchen,South Indian,222.66,52.77,Credit Card,,5.4,,Cancelled
ORD103837,28-02-2025,22:36:45,C1939,Hyderabad,Cloud Kitchen,Italian,450.2,45.33,Wallet,42.7,5.5,4.4,Delivered
ORD100672,20-04-2025,16:23:00,C1408,Hyderabad,Fine Dining,North Indian,701.03,34.1,Cash,31.8,1.7,4.7,Delivered
ORD100478,19-02-2025,15:07:30,C1694,Hyderabad,Cloud Kitchen,Biryani,278.33,14.1,UPI,21.2,2.5,,Delivered
ORD104784,16-01-2025,12:21:30,C1759,Mumbai,Casual Dining,Continental,719.83,37.38,Debit Card,29.7,3,4.7,Delivered
ORD102682,02-11-2025,22:39:15,C1697,Bangalore,Fast Food,North Indian,248.71,30.47,Credit Card,19.7,1.8,5,Delivered
ORD104681,09-08-2025,22:15:00,C1984,Bangalore,Fast Food,Desserts,164.54,21.17,Credit Card,25.8,1.4,5,Delivered
ORD102848,24-04-2025,14:00:45,C1794,Bangalore,Cloud Kitchen,North Indian,491.16,32.16,UPI,,1.4,,Cancelled
ORD102998,14-02-2025,23:06:00,C1213,Hyderabad,Fast Food,Desserts,180.86,39.06,UPI,29.7,5.9,5,Delivered
ORD100593,23-01-2025,11:06:30,C1434,Mumbai,Casual Dining,Fast Food,464.11,33.7,Credit Card,27.7,3.1,4.4,Delivered
ORD100323,25-09-2025,22:09:45,C2187,Bangalore,Fast Food,Biryani,414.18,33.52,Credit Card,35.7,2.5,4.1,Delivered
ORD103996,18-08-2025,18:07:30,C1767,Hyderabad,Fine Dining,Fast Food,1423.8,0,UPI,32.6,3.3,4.6,Delivered
ORD102850,27-03-2025,11:11:15,C1536,Mumbai,Cloud Kitchen,North Indian,485.53,30.46,Credit Card,22.8,2.9,4.6,Delivered
ORD100319,15-08-2025,11:04:30,C1514,Mumbai,Fast Food,Chinese,329.37,31.33,Debit Card,21.3,1.1,4.8,Delivered
ORD102907,13-09-2025,13:24:00,C1169,Bangalore,Casual Dining,North Indian,500.47,50.64,UPI,,5,,Cancelled
ORD104956,31-10-2025,15:33:15,C1001,Hyderabad,Casual Dining,North Indian,361.92,13.13,Credit Card,21.8,2.3,4.9,Delivered
ORD103443,23-12-2025,14:45:00,C1142,Hyderabad,Casual Dining,Chinese,266.74,32.56,Debit Card,21.5,3.8,4.8,Delivered
ORD100567,24-08-2025,13:53:45,C1220,Chennai,Fast Food,North Indian,222.61,14.83,Credit Card,33.3,1.3,4.6,Delivered
ORD102627,17-07-2025,11:20:00,C1494,Bangalore,Cafe,Chinese,451.65,41.4,Debit Card,20.3,2.5,4.8,Delivered
ORD103613,13-10-2025,15:38:30,C1751,Bangalore,Fine Dining,South Indian,435.77,41.66,UPI,33.9,3.4,3.7,Delivered
ORD102535,31-05-2025,15:08:30,C1829,Mumbai,Cloud Kitchen,North Indian,449.91,20.91,Credit Card,28.9,0.9,4.7,Delivered
ORD101933,15-02-2025,19:02:45,C1802,Mumbai,Fine Dining,North Indian,478.34,43.62,UPI,33.3,2.7,4.7,Delivered
ORD103809,28-03-2025,15:31:00,C1196,Hyderabad,Cloud Kitchen,Continental,533.22,31.72,Credit Card,22.7,2.5,4.4,Delivered
ORD104063,02-10-2025,18:53:00,C2150,Bangalore,Cloud Kitchen,Fast Food,376.86,28.64,UPI,40.3,2.2,4.4,Delivered
ORD100101,08-04-2025,12:26:45,C1418,Chennai,Cloud Kitchen,Desserts,340.23,33.34,Cash,22.6,1.3,4.4,Delivered
ORD101415,23-10-2025,14:39:30,C1117,Chennai,Cloud Kitchen,South Indian,294.64,50.64,Credit Card,28.3,4.7,4.6,Delivered
ORD102972,03-07-2025,14:58:15,C1094,Bangalore,Cafe,Biryani,426.79,50.2,Credit Card,,5,4.9,Delivered
ORD101895,12-03-2025,19:04:00,C1397,Kochi,Cafe,Continental,265.74,88.5,Debit Card,63.2,11.8,3.5,Delivered
ORD101233,01-06-2025,13:40:30,C1281,Bangalore,Casual Dining,Italian,562.85,24.53,Credit Card,27.4,1.5,4.6,Delivered
ORD103966,11-10-2025,14:27:00,C1333,Mumbai,Casual Dining,Biryani,767.92,33.92,Cash,24.3,1.8,4.5,Delivered
ORD104329,24-12-2025,13:32:00,C1177,Chennai,Cloud Kitchen,Desserts,191.58,61.08,UPI,50.9,8.3,4.1,Delivered
ORD101645,11-03-2025,19:26:00,C1673,Kochi,Casual Dining,Biryani,478.67,32.81,UPI,32.6,2.6,4.3,Refunded
ORD104130,24-08-2025,21:34:30,C1061,Chennai,Fine Dining,North Indian,1519.79,1.67,UPI,34.4,2.8,3.9,Delivered
ORD104930,07-10-2025,19:40:45,C1814,Chennai,Fast Food,Italian,124.48,49.17,UPI,29.4,4.6,4.6,Delivered
ORD103162,26-04-2025,10:50:00,C1863,Hyderabad,Fast Food,South Indian,185.96,62.65,Debit Card,51.3,8.1,3.6,Delivered
ORD100437,22-01-2025,21:28:15,C1886,Chennai,Cloud Kitchen,North Indian,393.9,34.57,UPI,34.1,2.4,4.2,Delivered
ORD101414,22-03-2025,12:01:00,C2099,Bangalore,Fine Dining,Fast Food,727,35.91,Wallet,44.5,6.2,4.2,Delivered
ORD100004,17-05-2025,18:38:45,C1351,Hyderabad,Fast Food,Chinese,206.74,64.22,UPI,,6.4,,Cancelled
ORD102522,02-10-2025,20:39:00,C1486,Bangalore,Cloud Kitchen,Chinese,425.73,43.99,UPI,46.5,6.5,4.2,Delivered
ORD104556,26-07-2025,20:07:00,C1840,Chennai,Casual Dining,South Indian,754.53,23.89,UPI,35,3.3,,Delivered
ORD101679,23-09-2025,19:27:15,C2112,Hyderabad,Fast Food,Biryani,193.17,30.05,UPI,20.6,1.1,4.7,Delivered
ORD101451,26-10-2025,21:35:00,C1033,Mumbai,Fine Dining,Chinese,759.36,32.13,UPI,41.5,3.3,4.5,Delivered
ORD100671,21-10-2025,12:20:30,C2120,Mumbai,Fast Food,Italian,263.02,75.93,UPI,58.6,8.3,3.6,Delivered
ORD102902,28-02-2025,11:52:00,C1326,Mumbai,Casual Dining,South Indian,463.06,15.16,UPI,31.2,1.2,4.7,Delivered
ORD100500,30-08-2025,21:11:00,C2007,Chennai,Casual Dining,South Indian,507.05,46.85,UPI,43.8,7.3,4.6,Delivered
ORD103325,11-02-2025,18:35:45,C1032,Mumbai,Fast Food,South Indian,391.92,43,Credit Card,32.4,4.4,4.7,Delivered
ORD104108,06-09-2025,20:54:00,C1136,Bangalore,Cloud Kitchen,Biryani,734.97,21.46,Credit Card,35.9,2.2,4.6,Delivered
ORD101052,26-02-2025,12:57:15,C1795,Mumbai,Fast Food,Italian,273.66,17.52,UPI,30,1.7,5,Delivered
ORD101438,15-04-2025,13:39:45,C1891,Hyderabad,Casual Dining,Desserts,534.22,27.29,Wallet,40.1,3.1,4.2,Delivered
ORD102484,08-09-2025,12:58:30,C1007,Chennai,Cloud Kitchen,Continental,461.33,53.32,UPI,40.2,5,4.3,Delivered
ORD100096,23-10-2025,12:31:30,C1957,Hyderabad,Casual Dining,South Indian,102.43,36.53,Wallet,30.1,3.2,4.3,Delivered
ORD103248,16-09-2025,19:13:00,C1365,Chennai,Fast Food,Chinese,181.62,46.52,UPI,39.8,4.4,4.4,Delivered
ORD103400,10-06-2025,05:04:45,C1606,Hyderabad,Fast Food,South Indian,122.87,21.45,UPI,30.8,2.4,4.4,Delivered
ORD100659,22-09-2025,19:22:45,C1320,Hyderabad,Casual Dining,Italian,421.91,50.04,UPI,,5.8,,Cancelled
ORD100858,18-02-2025,16:46:00,C2115,Bangalore,Cloud Kitchen,North Indian,97.13,16.64,UPI,38.2,4.2,4.5,Delivered
ORD101027,31-01-2025,08:01:00,C1346,Chennai,Fast Food,South Indian,320.96,31.67,Debit Card,27.7,1.6,4.5,Delivered
ORD101718,08-03-2025,20:24:15,C1707,Kochi,Fast Food,North Indian,114.79,46.48,Credit Card,44.6,7.3,4.2,Delivered
ORD104733,21-07-2025,19:47:45,C1912,Hyderabad,Casual Dining,Chinese,708.96,27.67,Cash,24.1,0.7,4.5,Delivered
ORD104043,15-11-2025,16:15:00,C1720,Hyderabad,Fine Dining,Biryani,1148.93,16.1,Credit Card,,2.9,,Cancelled
ORD103650,08-11-2025,14:41:30,C1928,Chennai,Fast Food,Continental,550.35,39.21,UPI,39.4,3.8,5,Delivered
ORD101735,15-03-2025,20:39:00,C1931,Kochi,Cloud Kitchen,,260.03,29.15,Credit Card,31.6,2.2,4.1,Delivered
ORD104863,29-06-2025,16:57:00,C2080,Mumbai,Fast Food,North Indian,465.04,57.37,Credit Card,38.2,5.7,4.8,Delivered
ORD101480,22-12-2025,11:17:00,C1418,Bangalore,Casual Dining,South Indian,210.42,43.7,Cash,12,2.4,5,Delivered
ORD103570,10-10-2025,17:57:00,C1154,Chennai,Casual Dining,Fast Food,499.63,27.14,Cash,23.3,1.7,4.7,Delivered
ORD104324,19-12-2025,21:00:00,C1331,Chennai,Cafe,Continental,436.95,46.39,UPI,44.6,4.7,4.6,Delivered
ORD100887,18-01-2025,19:42:30,C1888,Kochi,Cafe,Biryani,234.18,40.11,Credit Card,21.7,1.8,4.7,Delivered
ORD103094,25-06-2025,13:13:30,C1480,Bangalore,Cloud Kitchen,Fast Food,392.89,35.99,UPI,17,1.3,4.9,Delivered
ORD100091,08-06-2025,21:33:15,C1839,Mumbai,Fast Food,Continental,469.35,41.84,Debit Card,47,6.3,4,Delivered
ORD101193,11-11-2025,22:41:30,C1883,Chennai,Casual Dining,North Indian,438.69,34.62,Credit Card,25,3.4,4.6,Delivered
ORD101294,10-01-2025,21:57:00,C1422,Mumbai,Casual Dining,South Indian,627.96,17.7,Cash,30.2,1.1,4.8,Delivered
ORD103460,06-08-2025,19:29:30,C1637,Mumbai,Fine Dining,,993.37,35.55,UPI,,3.9,,Cancelled
ORD104947,11-10-2025,21:38:00,C1104,Kochi,Cafe,Biryani,232.44,29.53,UPI,33.9,4.3,4.7,Delivered
ORD102342,31-07-2025,20:35:45,C2036,Bangalore,Cloud Kitchen,North Indian,557.61,75.05,Cash,51.3,8.2,3.7,Delivered
ORD102412,02-02-2025,18:14:30,C1575,Mumbai,Casual Dining,Biryani,797.47,21.34,Credit Card,18.1,1.2,4.4,Delivered
ORD102472,02-01-2025,22:09:15,C1204,Kochi,Fast Food,Chinese,100.94,60.88,Cash,29.3,5.7,4.6,Delivered
ORD104697,17-08-2025,11:36:15,C1708,Kochi,Cloud Kitchen,Chinese,365.27,34.55,UPI,13.4,2.8,4.8,Delivered
ORD101852,16-03-2025,15:22:00,C1375,Chennai,Casual Dining,South Indian,298.39,37.89,Cash,39.2,4.6,3.9,Delivered
ORD102615,30-12-2025,12:06:00,C1714,Bangalore,Casual Dining,Fast Food,90,23.9,UPI,32.4,2.2,,Delivered
ORD103151,11-01-2025,21:23:45,C2119,Hyderabad,Fast Food,South Indian,370.88,49.58,Wallet,51.2,7,4.3,Delivered
ORD102871,06-02-2025,15:24:45,C1824,Hyderabad,Fast Food,Chinese,237.67,51.56,Cash,32.5,4.5,,Delivered
ORD102740,29-05-2025,20:19:00,C1061,Bangalore,Cafe,Fast Food,224.7,34.65,Cash,28.5,4,,Delivered
ORD104759,16-12-2025,08:36:30,C1743,Chennai,Cafe,South Indian,402.42,52.71,UPI,43.2,9,4.2,Delivered
ORD101203,10-01-2025,22:21:30,C1377,Hyderabad,Casual Dining,North Indian,728.12,45.52,upi,37.9,3.7,4,Delivered
ORD102626,13-02-2025,13:38:30,C1401,Bangalore,Casual Dining,North Indian,261.86,37.2,UPI,24.9,2.3,5,Delivered
ORD101626,22-12-2025,07:10:15,C2182,Hyderabad,Cloud Kitchen,North Indian,549.33,38.68,Debit Card,40.7,5,4.4,Delivered
ORD102016,28-08-2025,17:05:00,C1820,Mumbai,Casual Dining,North Indian,812.37,23.31,UPI,34.6,4.3,,Delivered
ORD103355,30-10-2025,19:20:00,C1763,Bangalore,Cloud Kitchen,Continental,590.23,45.61,UPI,46.7,5.3,3.7,Delivered
ORD101306,22-07-2025,11:42:00,C1372,Hyderabad,Fine Dining,Chinese,793.83,40.22,UPI,38,5.5,4.3,Delivered
ORD101888,24-04-2025,20:29:00,C1902,Hyderabad,Casual Dining,South Indian,549.04,39.61,Debit Card,29.1,1.6,4.4,Delivered
ORD102187,05-02-2025,14:20:00,C1811,Kochi,Fast Food,Desserts,167.35,51.18,Credit Card,28.4,3.7,4.3,Delivered
ORD101266,01-12-2025,17:37:00,C1311,Kochi,Fast Food,Biryani,120.22,71.98,Credit Card,51.6,9.1,3.7,Delivered
ORD100307,06-03-2025,11:09:45,C1997,Hyderabad,Cloud Kitchen,South Indian,260.75,57.11,UPI,48.3,10.9,3.9,Delivered
ORD102639,22-02-2025,07:45:45,C1129,Hyderabad,Casual Dining,Italian,858.44,38.29,UPI,40.1,6.6,4.4,Delivered
ORD100059,21-08-2025,11:03:00,C1499,Kochi,Cloud Kitchen,North Indian,456.15,59.23,Cash,33.3,5.1,4.1,Delivered
ORD100038,26-05-2025,15:03:00,C1979,Bangalore,Fast Food,Chinese,318.14,28.44,Credit Card,24.5,1.9,5,Delivered
ORD101468,24-06-2025,20:55:00,C2030,Kochi,Cafe,North Indian,225.76,38.72,UPI,22.2,2.3,5,Delivered
ORD102055,14-12-2025,21:22:00,C1432,Hyderabad,Cafe,South Indian,414.83,43.79,Cash,31.9,3.6,4.1,Delivered
ORD104666,22-09-2025,11:12:15,C1753,Hyderabad,Casual Dining,South Indian,586.39,49.22,Credit Card,35.3,6,4.3,Delivered
ORD100612,09-02-2025,21:01:00,C2110,Hyderabad,Fast Food,Biryani,229.02,55.08,Cash,48.8,5.3,4.1,Delivered
ORD102937,14-05-2025,18:32:00,C2083,Bangalore,Cloud Kitchen,South Indian,473.59,22.3,UPI,25.3,2.4,4.5,Delivered
ORD101404,05-05-2025,15:34:00,C1328,Bangalore,Fast Food,Italian,312.83,27.09,Credit Card,30.5,4.7,4.3,Delivered
ORD100488,21-03-2025,13:03:45,C1759,Mumbai,Fast Food,Biryani,90,49.86,Debit Card,47.7,4.3,3.7,Delivered
ORD103941,16-04-2025,22:15:00,C1196,Bangalore,Cloud Kitchen,Biryani,6765.72,60.97,Cash,55.7,9.2,3.9,Delivered
ORD103479,14-03-2025,14:47:00,C1892,Chennai,Fast Food,Biryani,371.71,65.13,UPI,45.8,10.1,4.2,Delivered
ORD104089,24-03-2025,19:25:30,C1501,Chennai,Fine Dining,South Indian,801.32,25.37,UPI,21,3,5,Delivered
ORD101299,01-02-2025,16:06:00,C1969,Mumbai,Casual Dining,North Indian,620.03,10.77,Cash,33.1,2,4.4,Delivered
ORD101521,28-04-2025,16:52:45,C1057,Mumbai,Cloud Kitchen,Chinese,307.04,36.36,Wallet,29.9,2.4,4.8,Delivered
ORD101152,24-08-2025,21:07:00,C1787,Mumbai,Fine Dining,Chinese,1027.91,34.54,Wallet,40.4,4.1,4.6,Delivered
ORD101507,19-10-2025,21:41:00,C1470,Bangalore,Casual Dining,Biryani,246.36,35.28,UPI,,3.9,,Cancelled
ORD102499,05-12-2025,12:43:45,C1756,Mumbai,Cafe,Biryani,508.01,18.29,Cash,27,1.7,5,Delivered
ORD104095,27-12-2025,11:45:00,C1120,Bangalore,Fine Dining,North Indian,741.85,87.58,UPI,54.4,12.5,3.6,Delivered
ORD103951,30-07-2025,19:40:00,C1574,Chennai,Cloud Kitchen,Desserts,474.46,34.76,UPI,36.5,3,4.6,Delivered
ORD101208,24-07-2025,01:14:15,C1079,Chennai,Cloud Kitchen,Biryani,326.18,38.94,Debit Card,30.9,2.8,3.8,Delivered
ORD100978,27-04-2025,14:26:30,C2138,Hyderabad,Cloud Kitchen,Chinese,649.39,34.41,UPI,27.9,3.6,4.7,Delivered
ORD103902,11-02-2025,21:44:00,C1579,Mumbai,Cloud Kitchen,Italian,342.42,28.95,Credit Card,,2.2,,Cancelled
ORD101538,14-12-2025,15:45:00,C1943,Bangalore,Fast Food,North Indian,313.48,27.64,UPI,26.3,2.6,5,Delivered
ORD104583,13-02-2025,13:48:30,C1114,Hyderabad,Fast Food,Biryani,337.53,42.78,Credit Card,23.6,2.5,4.6,Delivered
ORD100419,02-01-2025,07:43:00,C1847,Hyderabad,Fine Dining,Chinese,287.74,74.94,UPI,58.7,11.8,3.5,Delivered
ORD101150,10-10-2025,18:08:30,C1157,Kochi,Cloud Kitchen,North Indian,303.22,36.19,UPI,24.9,3.3,,Delivered
ORD101581,09-05-2025,15:46:30,C1810,Chennai,Fine Dining,Continental,972.52,63.79,UPI,56.3,9.8,4.7,Delivered
ORD100716,24-04-2025,12:31:00,C2170,Hyderabad,Fast Food,Desserts,344.27,12.37,UPI,42.7,2.5,4.2,Delivered
ORD104614,21-11-2025,14:44:45,C1811,Chennai,Cloud Kitchen,North Indian,502.07,60.31,Cash,58,9.9,3.4,Delivered
ORD104525,29-09-2025,22:31:00,C1563,Bangalore,Casual Dining,North Indian,625.31,29.39,Debit Card,25.2,2.3,,Delivered
ORD102020,01-10-2025,19:00:45,C1287,Bangalore,Cloud Kitchen,North Indian,579.91,36.33,Debit Card,40.7,3.5,4.3,Delivered
ORD104767,12-03-2025,21:13:15,C1689,Hyderabad,Fast Food,Biryani,269.47,69.26,UPI,44.3,10.4,4.7,Delivered
ORD104645,12-07-2025,21:59:45,C1071,Hyderabad,Fast Food,Biryani,346.66,47.28,Wallet,32.8,3.6,4.8,Delivered
ORD104897,21-05-2025,13:48:30,C2078,Bangalore,Casual Dining,Biryani,334.89,46.26,UPI,41,4.3,2.9,Refunded
ORD102354,20-02-2025,22:01:00,C1438,Bangalore,Fast Food,Continental,433.78,62.98,UPI,39.3,7.4,4.7,Delivered
ORD104608,20-08-2025,18:31:45,C1461,Mumbai,Fast Food,Chinese,300.72,40.47,Credit Card,,2.8,,Cancelled
ORD101035,15-05-2025,23:47:00,C1630,Mumbai,Cloud Kitchen,Fast Food,354.98,55.43,UPI,41.9,4.9,3.6,Delivered
ORD104335,17-11-2025,10:32:00,C1565,Bangalore,Fast Food,Chinese,90.1,19.56,UPI,22.4,1.8,4.7,Delivered
ORD101297,09-04-2025,22:22:00,C1896,Mumbai,Cafe,Chinese,260.83,27.76,Cash,19,2.7,4.3,Delivered
ORD102092,20-09-2025,13:36:30,C1708,Mumbai,Casual Dining,Desserts,383.5,36.25,Credit Card,28.3,2.8,5,Delivered
ORD101395,03-11-2025,14:03:00,C1688,Bangalore,Casual Dining,Biryani,467.39,59.01,Credit Card,51.5,9.4,4.6,Delivered
ORD100105,01-09-2025,13:20:00,C1122,Kochi,Fast Food,Italian,432.11,46.55,Credit Card,34.2,2.1,4.5,Delivered
ORD100846,07-02-2025,20:33:30,C1192,Bangalore,Casual Dining,South Indian,419.82,46.32,UPI,43,5.7,3.9,Delivered
ORD104787,14-02-2025,21:49:00,C1450,Bangalore,Casual Dining,Biryani,696.18,38.83,Credit Card,,2.5,,Cancelled
ORD103071,17-04-2025,11:31:15,C1562,Hyderabad,Fast Food,South Indian,363.77,48.77,Debit Card,38.6,6.9,4.4,Delivered
ORD100447,23-02-2025,21:28:00,C1518,Bangalore,Fast Food,South Indian,201.51,43.11,Debit Card,46,4,4.2,Delivered
ORD101417,18-08-2025,21:06:15,C1625,Hyderabad,Fast Food,Desserts,91.39,59.59,Credit Card,66,10.6,3.8,Delivered
ORD103429,30-01-2025,14:22:30,C1774,Chennai,Fast Food,Biryani,310.32,35.38,UPI,22.5,3.3,4.2,Delivered
ORD103419,17-07-2025,11:12:00,C1048,Kochi,Casual Dining,Desserts,459.08,23.65,UPI,28.9,2,4.5,Delivered
ORD104178,20-09-2025,14:07:15,C1130,Bangalore,Cloud Kitchen,Desserts,427.93,31.21,UPI,41.8,2.4,3.9,Delivered
ORD104414,06-07-2025,22:46:15,C1373,Bangalore,Casual Dining,Fast Food,380.25,29.33,UPI,34.7,2.2,4,Delivered
ORD101915,17-05-2025,23:24:00,C1608,Chennai,Cafe,Fast Food,235.93,45.51,Credit Card,18.9,3.5,5,Delivered
ORD104545,13-09-2025,22:47:00,C1979,Bangalore,Cafe,Fast Food,172.59,34.5,Wallet,37.1,4,4.2,Delivered
ORD100627,10-04-2025,20:53:45,C1649,Kochi,Fast Food,Continental,227.74,30.46,Debit Card,27.7,0.9,4.8,Delivered
ORD101349,19-03-2025,23:57:45,C2061,Bangalore,Cloud Kitchen,South Indian,121.21,85.18,Cash,39.2,10.4,4.3,Delivered
ORD103132,24-10-2025,22:01:00,C1660,Bangalore,Fast Food,Fast Food,120.18,54.48,UPI,31.9,4.5,5,Delivered
ORD102833,20-08-2025,12:56:15,C1071,Bangalore,Cloud Kitchen,Biryani,532.84,38.46,UPI,,4.3,,Cancelled
ORD102229,15-03-2025,22:56:30,C2020,Bangalore,Fine Dining,Biryani,1541.6,0,UPI,,2,,Cancelled
ORD103718,12-04-2025,11:53:45,C1694,Mumbai,Casual Dining,North Indian,383.78,53,UPI,43.2,6.7,3.9,Delivered
ORD100502,14-04-2025,12:12:15,C2128,Mumbai,Cloud Kitchen,Biryani,362.26,33.09,Cash,29.5,3.2,4.8,Delivered
ORD104435,07-04-2025,18:27:00,C1707,Hyderabad,Cafe,Biryani,333.88,55.09,Cash,40.4,7.5,4.3,Delivered
ORD100800,07-09-2025,22:46:45,C2160,Hyderabad,Cloud Kitchen,South Indian,317.68,50.65,Cash,42.4,6.8,4.1,Delivered
ORD103946,13-06-2025,19:09:15,C1772,Bangalore,Fast Food,Italian,343.77,28.22,UPI,39.5,2.1,4.8,Delivered
ORD100830,28-02-2025,13:44:00,C2181,Bangalore,Cafe,South Indian,291.15,12.54,Debit Card,27.4,1.1,4.5,Delivered
ORD103184,18-07-2025,23:44:15,C1282,Chennai,Fast Food,Fast Food,299.62,38.27,UPI,30.8,4,5,Delivered
ORD100525,12-05-2025,15:07:30,C2000,Bangalore,Cloud Kitchen,Chinese,602.83,12.68,Cash,17.7,1.8,5,Delivered
ORD103627,28-09-2025,11:41:00,C1546,Mumbai,Fast Food,North Indian,405.55,36.5,Credit Card,28.2,1.2,4.6,Delivered
ORD104931,16-08-2025,15:51:45,C1985,Chennai,Cafe,Chinese,279.7,45.66,Credit Card,35.1,4.3,4.8,Delivered
ORD101988,14-03-2025,13:17:00,C1897,Bangalore,Cafe,Biryani,233.2,39.33,UPI,41.2,3.6,4,Delivered
ORD103932,23-04-2025,14:00:30,C1736,Chennai,Fast Food,Biryani,404.1,71.07,UPI,54.9,8.5,3.8,Delivered
ORD102990,11-11-2025,19:50:30,C1099,Chennai,Casual Dining,Biryani,712.37,90.53,Credit Card,57.7,10.3,4.5,Delivered
ORD101118,02-10-2025,14:50:30,C1863,Bangalore,Casual Dining,Continental,940.82,20.47,Cash,19,2.7,4.9,Delivered
ORD102367,06-09-2025,20:22:45,C1569,Bangalore,Casual Dining,Desserts,279.72,34.7,Wallet,33.7,2.5,4.3,Delivered
ORD103055,08-12-2025,07:44:00,C1454,Bangalore,Fine Dining,Chinese,666.79,45.92,Cash,34.6,3.6,4.7,Delivered
ORD103743,10-02-2025,20:59:45,C1517,Mumbai,Cloud Kitchen,Chinese,370.66,14.21,Debit Card,,1.7,,Cancelled
ORD102344,14-05-2025,22:48:00,C1135,Mumbai,Cloud Kitchen,Chinese,419.67,58.06,Credit Card,46.6,6.8,4.1,Delivered
ORD104014,25-10-2025,11:00:00,C1008,Kochi,Casual Dining,Italian,886.55,20.67,Cash,,4.1,,Cancelled
ORD100088,17-01-2025,20:23:15,C1158,Hyderabad,Casual Dining,Chinese,345.09,28.55,Debit Card,24.5,1.7,4.7,Delivered
ORD100880,08-12-2025,11:46:00,C2186,Chennai,Fast Food,Chinese,349.9,27.81,Credit Card,,1.6,,Cancelled
ORD104346,30-05-2025,16:38:00,C2186,Bangalore,Fast Food,South Indian,237.6,46.09,Cash,44.1,7.1,4,Delivered
ORD100442,20-07-2025,16:06:00,C2167,Kochi,Cafe,North Indian,325.66,29.37,UPI,28.3,2.1,5,Delivered
ORD100384,19-01-2025,14:27:00,C2014,Bangalore,Casual Dining,Biryani,575.88,73.99,Credit Card,58.6,10.3,3.7,Delivered
ORD104306,08-02-2025,10:13:00,C1258,Mumbai,Casual Dining,Italian,581.31,41.26,UPI,40.2,2.7,4.1,Delivered
ORD103445,25-12-2025,11:06:00,C1828,Mumbai,Casual Dining,Italian,909.12,32.57,UPI,35,8.1,4.8,Delivered
ORD101894,18-04-2025,12:52:45,C1936,Bangalore,Cloud Kitchen,Biryani,510.17,51.78,Credit Card,36.3,3.6,4.5,Delivered
ORD102435,17-02-2025,17:25:30,C1217,Bangalore,Cafe,South Indian,223.3,42.02,Wallet,29.6,3.9,4.7,Delivered
ORD103998,20-06-2025,02:18:00,C1505,Bangalore,Cloud Kitchen,Desserts,251.12,22.38,Debit Card,32.2,1.2,4.1,Delivered
ORD104230,08-05-2025,10:03:45,C1667,Hyderabad,Casual Dining,Chinese,348.46,28.79,UPI,,2.6,,Cancelled
ORD104902,15-10-2025,14:22:00,C2122,Hyderabad,Casual Dining,Italian,813.77,25.15,UPI,23.4,3.7,4.7,Delivered
ORD101132,03-08-2025,20:24:00,C1220,Hyderabad,Casual Dining,South Indian,444.64,38.25,Credit Card,47.3,5.5,4.3,Delivered
ORD103255,17-12-2025,14:44:00,C1343,Mumbai,Fast Food,Continental,394.91,80.03,Cash,64.9,11.1,3.7,Delivered
ORD102331,13-06-2025,01:09:00,C1481,Bangalore,Fast Food,Biryani,90,48.39,Credit Card,32.3,4.1,4.6,Delivered
ORD104884,18-05-2025,21:41:00,C1218,Bangalore,Casual Dining,North Indian,732.35,40.98,Debit Card,20.7,2.9,4.5,Delivered
ORD101758,13-05-2025,21:36:00,C1214,Bangalore,Cloud Kitchen,,266.67,43.84,Debit Card,34,4.3,4.6,Delivered
ORD103023,29-11-2025,18:56:15,C2168,Hyderabad,Fast Food,Desserts,281.15,37.36,Credit Card,19.8,2.6,4.4,Delivered
ORD102209,21-04-2025,19:01:15,C1200,Mumbai,Cafe,Fast Food,339.03,28.89,Cash,27,1.2,5,Delivered
ORD103592,08-08-2025,12:39:30,C1680,Hyderabad,Cloud Kitchen,South Indian,441.84,57.81,UPI,33.6,4.5,5,Delivered
ORD103448,13-12-2025,18:15:45,C1945,Mumbai,Fast Food,North Indian,284.84,23.61,UPI,25.6,2.8,4.5,Delivered
ORD101527,30-08-2025,11:11:30,C1999,Chennai,Cafe,South Indian,476.78,55.79,UPI,37.1,7.1,4.4,Delivered
ORD100855,11-07-2025,18:11:15,C1470,Mumbai,Casual Dining,Italian,526.59,68.14,UPI,52.3,11.2,4.5,Delivered
ORD103207,15-05-2025,01:24:00,C1012,Kochi,Cloud Kitchen,Desserts,118.36,91.36,Cash,62.2,15,3.7,Delivered
ORD104005,01-01-2025,20:59:00,C1131,Hyderabad,Fine Dining,South Indian,1382.41,32.58,Cash,55.3,7.1,4,Delivered
ORD101028,09-08-2025,21:34:30,C1930,Chennai,Cafe,Italian,529.5,46.23,UPI,39.7,4.2,4.2,Delivered
ORD103113,13-07-2025,11:27:15,C1994,Bangalore,Fast Food,Biryani,146.71,49.24,Cash,28.6,2.8,4.2,Delivered
ORD100022,03-10-2025,23:23:15,C1144,Kochi,Cloud Kitchen,Biryani,352.28,40.88,Debit Card,37.9,6.1,4.8,Delivered
ORD101899,23-05-2025,13:36:15,C1078,Bangalore,Fast Food,Fast Food,137.83,42.15,Cash,35.7,4,4.3,Delivered
ORD100465,22-11-2025,14:07:00,C1132,Chennai,Cafe,Chinese,478.13,26.98,Debit Card,25.1,1.3,4.7,Delivered
ORD102900,30-09-2025,22:27:00,C1222,Kochi,Fast Food,Fast Food,246.09,67.25,Cash,59.8,7.8,4.1,Delivered
ORD100357,12-02-2025,13:29:30,C1639,Mumbai,Cloud Kitchen,North Indian,628.63,29.65,UPI,42.9,3.7,3.7,Refunded
ORD103149,03-05-2025,17:45:00,C1492,Kochi,Cloud Kitchen,South Indian,318.04,28.42,Cash,29.9,1.2,4.3,Delivered
ORD100367,30-11-2025,20:27:45,C2106,Chennai,Casual Dining,North Indian,398.06,36.56,Credit Card,43.7,4.7,4.6,Delivered
ORD103952,10-07-2025,22:29:15,C1743,Kochi,Cafe,Biryani,366.15,45.49,Cash,32.1,4.3,3.6,Delivered
ORD103042,15-12-2025,06:16:00,C1339,Kochi,Cafe,Biryani,397.96,26.12,Cash,26.1,2.4,4.8,Delivered
ORD100173,04-02-2025,18:03:15,C1898,Mumbai,Cloud Kitchen,Desserts,90,45.55,Credit Card,28.6,4.7,4.3,Delivered
ORD101446,03-05-2025,17:30:00,C1052,Bangalore,Fast Food,Continental,302.63,32.93,Credit Card,35,1.5,4.7,Delivered
ORD100750,27-11-2025,22:07:00,C1125,Mumbai,Fast Food,Fast Food,311.87,38.93,UPI,31.4,3.7,4.6,Delivered
ORD102473,16-09-2025,17:05:45,C2079,Hyderabad,Cloud Kitchen,Chinese,501.94,64.1,Wallet,32.6,6.2,4.7,Delivered
ORD103714,27-09-2025,13:57:30,C1945,Kochi,Cloud Kitchen,North Indian,444.44,36.38,UPI,37.1,1.9,4.6,Delivered
ORD100455,18-06-2025,11:33:15,C1591,Mumbai,Fast Food,Biryani,450.73,25.45,UPI,21,1.3,4.5,Delivered
ORD102162,08-08-2025,17:21:30,C2042,Mumbai,Cafe,Fast Food,282.89,28.91,Cash,35.8,3.9,4.8,Delivered
ORD103753,20-01-2025,16:02:00,C2074,Chennai,Casual Dining,South Indian,662.06,26.93,Wallet,17.5,2.7,4.5,Delivered
ORD103026,08-01-2025,16:44:00,C1471,Bangalore,Cafe,Continental,490.47,52.67,Credit Card,45.2,5.7,4.2,Delivered
ORD104856,27-03-2025,07:40:00,C1497, Kochi ,Casual Dining,North Indian,606.03,24.31,Wallet,28.3,2.3,4.9,Delivered
ORD102085,18-05-2025,13:43:15,C1158,Chennai,Cloud Kitchen,Fast Food,489.48,17.89,Credit Card,39.9,1.9,4,Delivered
ORD101053,15-07-2025,12:47:45,C1004,Mumbai,Cloud Kitchen,North Indian,340.43,93.43,UPI,57,11.8,3.9,Delivered
ORD103074,07-09-2025,14:10:15,C1135,Kochi,Fast Food,Biryani,290.28,37.67,UPI,41.7,5.2,4.4,Delivered
ORD100275,29-03-2025,13:03:15,C1018,Bangalore,Cafe,Biryani,412.46,23.21,Wallet,40.9,1.7,4.3,Delivered
ORD102163,18-05-2025,11:12:15,C2002,Chennai,Cloud Kitchen,South Indian,382.01,32.83,Cash,25.2,2.6,4.5,Delivered
ORD104307,13-09-2025,22:53:00,C2025,Bangalore,Fast Food,South Indian,440.31,42.11,Cash,25.4,4,4.6,Delivered
ORD102554,01-03-2025,21:57:00,C1641,Bangalore,Fast Food,Chinese,270.56,47.6,UPI,49.9,6.5,4,Delivered
ORD101836,11-04-2025,14:56:15,C1010,Mumbai,Cafe,North Indian,290.85,27,UPI,26.8,2.4,4.6,Delivered
ORD100316,23-02-2025,13:16:00,C1070,Bangalore,Fast Food,Desserts,241.14,50.19,Debit Card,43.6,6.7,3.7,Delivered
ORD102697,19-07-2025,14:37:00,C1569,Mumbai,Cloud Kitchen,North Indian,611.64,57.9,UPI,30.6,7,5,Delivered
ORD101564,21-03-2025,13:44:30,C1306,Bangalore,Cafe,Chinese,319.86,42.22,Debit Card,49.3,4,3.9,Delivered
ORD100223,04-07-2025,21:29:15,C1735,Mumbai,Casual Dining,South Indian,558.7,30.16,Debit Card,33.3,2.7,4.1,Delivered
ORD102243,08-04-2025,23:26:00,C2024,Kochi,Fast Food,Desserts,264.81,23.58,Debit Card,20.6,2.3,4.7,Delivered
ORD101587,23-10-2025,19:42:00,C1704,Bangalore,Cloud Kitchen,South Indian,501.76,79.41,Cash,55.7,8.9,4.3,Delivered
ORD103989,05-07-2025,21:57:45,C1766,Mumbai,Cafe,Italian,416.04,47.11,UPI,35.1,4.1,3.9,Delivered
ORD103597,11-01-2025,12:06:00,C1017,Chennai,Cloud Kitchen,North Indian,456.21,30.97,Credit Card,39.1,1.9,4.6,Delivered
ORD104060,10-08-2025,20:48:00,C1455,Bangalore,Cafe,Biryani,332.82,31.38,Debit Card,41.7,3.2,4.4,Delivered
ORD101346,10-09-2025,05:59:45,C1013,Bangalore,Casual Dining,Chinese,248.47,27.97,Credit Card,25.7,1.9,4.8,Delivered
